999
FreeCAD v1.1 20260414 (Git shallow)
  0
SECTION
  2
HEADER
  9
$ACADVER
  1
AC1014
  9
$ACADMAINTVER
 70
     9
  9
$DWGCODEPAGE
  3
ANSI_1252
  9
$TEXTSTYLE
  7
STANDARD
  9
$DIMSTYLE
  2
STANDARD
  9
$DIMTXSTY
  7
STANDARD
  9
$CMLSTYLE
  2
STANDARD
  9
$LUNITS
 70
2
  9
$INSUNITS
 70
4
  9
$PEXTMAX
 10
50
 20
50
 30
50
  9
$PEXTMIN
 10
0
 20
0
 30
0
  9
$HANDSEED
  5
FFFF
  0
ENDSEC
  0
SECTION
  2
CLASSES
  0
CLASS
  1
ACDBDICTIONARYWDFLT
  2
AcDbDictionaryWithDefault
  3
ObjectDBX Classes
 90
        0
280
     0
281
     0
  0
CLASS
  1
XRECORD
  2
AcDbXrecord
  3
ObjectDBX Classes
 90
        0
280
     0
281
     0
  0
CLASS
  1
LWPOLYLINE
  2
AcDbPolyline
  3
ObjectDBX Classes
 90
        0
280
     0
281
     1
  0
ENDSEC
  0
SECTION
  2
TABLES
  0
TABLE
  2
VPORT
  5
20
330
0
100
AcDbSymbolTable
 70
     1
  0
VPORT
  5
21
330
20
100
AcDbSymbolTableRecord
100
AcDbViewportTableRecord
  2
*ACTIVE
 70
     0
  0
ENDTAB
  0
TABLE
  2
LTYPE
  5
22
330
0
100
AcDbSymbolTable
 70
     1
  0
LTYPE
  5
23
330
21
100
AcDbSymbolTableRecord
100
AcDbLinetypeTableRecord
  2
BYBLOCK
 70
     0
  3

 72
    65
 73
     0
 40
0.0
  0
LTYPE
  5
24
330
21
100
AcDbSymbolTableRecord
100
AcDbLinetypeTableRecord
  2
BYLAYER
 70
     0
  3

 72
    65
 73
     0
 40
0.0
  0
LTYPE
  5
25
330
21
100
AcDbSymbolTableRecord
100
AcDbLinetypeTableRecord
  2
CONTINUOUS
 70
     0
  3
Solid line
 72
    65
 73
     0
 40
0.0
  0
ENDTAB
  0
TABLE
  2
LAYER
  5
B82
330
0
100
AcDbSymbolTable
 70
3
  0
LAYER
  5
B83
330
B82
100
AcDbSymbolTableRecord
100
AcDbLayerTableRecord
  2
0
 70
   0
 62
   7
  6
CONTINUOUS
  0
LAYER
  5
B84
330
B82
100
AcDbSymbolTableRecord
100
AcDbLayerTableRecord
  2
none
 70
    0
 62
    7
  6
CONTINUOUS
  0
LAYER
  5
B85
330
B82
100
AcDbSymbolTableRecord
100
AcDbLayerTableRecord
  2
Body
 70
    0
 62
    7
  6
CONTINUOUS
  0
ENDTAB
  0
TABLE
  2
STYLE
  5
70
330
0
100
AcDbSymbolTable
 70
     2
  0
STYLE
  5
71
330
70
100
AcDbSymbolTableRecord
100
AcDbTextStyleTableRecord
  2
STANDARD
 70
     0
 40
0.0
 41
1.0
 50
0.0
 71
     0
 42
2.5
  3
arial.ttf
  4

  0
STYLE
  5
72
330
70
100
AcDbSymbolTableRecord
100
AcDbTextStyleTableRecord
  2
ANNOTATIVE
 70
     0
 40
0.0
 41
1.0
 50
0.0
 71
     0
 42
2.5
  3
arial.ttf
  4

  0
ENDTAB
  0
TABLE
  2
VIEW
  5
73
330
0
100
AcDbSymbolTable
 70
     0
  0
ENDTAB
  0
TABLE
  2
UCS
  5
74
330
0
100
AcDbSymbolTable
 70
     0
  0
ENDTAB
  0
TABLE
  2
APPID
  5
75
330
0
100
AcDbSymbolTable
 70
     2
  0
APPID
  5
76
330
75
100
AcDbSymbolTableRecord
100
AcDbRegAppTableRecord
  2
ACAD
 70
     0
  0
APPID
  5
77
330
75
100
AcDbSymbolTableRecord
100
AcDbRegAppTableRecord
  2
ACADANNOTATIVE
 70
     0
  0
ENDTAB
  0
TABLE
  2
DIMSTYLE
  5
78
330
0
100
AcDbSymbolTable
 70
     2
  0
DIMSTYLE
105
79
330
78
100
AcDbSymbolTableRecord
100
AcDbDimStyleTableRecord
  2
STANDARD
 70
     0
  3

  4

  5

  6

  7

 40
0.0
 41
2.5
 42
0.625
 43
3.75
 44
1.25
 45
0.0
 46
0.0
 47
0.0
 48
0.0
140
2.5
141
2.5
142
0.0
143
0.03937007874016
144
1.0
145
0.0
146
1.0
147
0.625
 71
     0
 72
     0
 73
     0
 74
     0
 75
     0
 76
     0
 77
     1
 78
     8
170
     0
171
     3
172
     1
173
     0
174
     0
175
     0
176
     0
177
     0
178
     0
270
     2
271
     2
272
     2
273
     2
274
     3
340
71
275
     0
280
     0
281
     0
282
     0
283
     0
284
     8
285
     0
286
     0
287
     3
288
     0
  0
ENDTAB
  0
TABLE
  2
BLOCK_RECORD
  5
A01
330
0
100
AcDbSymbolTable
  70
5
  0
BLOCK_RECORD
  5
A02
330
A01
100
AcDbSymbolTableRecord
100
AcDbBlockTableRecord
  2
*MODEL_SPACE
  0
BLOCK_RECORD
  5
A03
330
A01
100
AcDbSymbolTableRecord
100
AcDbBlockTableRecord
  2
*PAPER_SPACE
  0
ENDTAB
  0
ENDSEC
  0
SECTION
  2
BLOCKS
  0
BLOCK
  5
A04
330
A02
100
AcDbEntity
  8
0
100
AcDbBlockBegin
  2
*MODEL_SPACE
 70
   0
 10
0
 20
0
 30
0
  3
*MODEL_SPACE
  1
 
  0
ENDBLK
  5
A05
330
A02
100
AcDbEntity
  8
0
100
AcDbBlockEnd
  0
BLOCK
  5
A06
330
A03
100
AcDbEntity
 67
1
  8
0
100
AcDbBlockBegin
  2
*PAPER_SPACE
 70
   0
 10
0
 20
0
 30
0
  3
*PAPER_SPACE
  1
 
  0
ENDBLK
  5
A07
330
A03
100
AcDbEntity
 67
    1
  8
0
100
AcDbBlockEnd
  0
ENDSEC
  0
SECTION
  2
ENTITIES
  0
LINE
  5
A08
330
A02
100
AcDbEntity
  8
Body
100
AcDbLine
 10
-125.000000000
 20
-125.000000000
 30
0.000000000
 11
-125.000000000
 21
-125.000000000
 31
1.000000000
  0
LINE
  5
A09
330
A02
100
AcDbEntity
  8
Body
100
AcDbLine
 10
125.000000000
 20
-125.000000000
 30
0.000000000
 11
125.000000000
 21
-125.000000000
 31
1.000000000
  0
LINE
  5
A0A
330
A02
100
AcDbEntity
  8
Body
100
AcDbLine
 10
-125.000000000
 20
-125.000000000
 30
0.000000000
 11
125.000000000
 21
-125.000000000
 31
0.000000000
  0
LINE
  5
A0B
330
A02
100
AcDbEntity
  8
Body
100
AcDbLine
 10
-125.000000000
 20
-125.000000000
 30
1.000000000
 11
125.000000000
 21
-125.000000000
 31
1.000000000
  0
LINE
  5
A0C
330
A02
100
AcDbEntity
  8
Body
100
AcDbLine
 10
-125.000000000
 20
125.000000000
 30
0.000000000
 11
-125.000000000
 21
125.000000000
 31
1.000000000
  0
LINE
  5
A0D
330
A02
100
AcDbEntity
  8
Body
100
AcDbLine
 10
-125.000000000
 20
-125.000000000
 30
0.000000000
 11
-125.000000000
 21
-125.000000000
 31
1.000000000
  0
LINE
  5
A0E
330
A02
100
AcDbEntity
  8
Body
100
AcDbLine
 10
-125.000000000
 20
125.000000000
 30
0.000000000
 11
-125.000000000
 21
-125.000000000
 31
0.000000000
  0
LINE
  5
A0F
330
A02
100
AcDbEntity
  8
Body
100
AcDbLine
 10
-125.000000000
 20
125.000000000
 30
1.000000000
 11
-125.000000000
 21
-125.000000000
 31
1.000000000
  0
LINE
  5
A10
330
A02
100
AcDbEntity
  8
Body
100
AcDbLine
 10
125.000000000
 20
-125.000000000
 30
0.000000000
 11
125.000000000
 21
-125.000000000
 31
1.000000000
  0
LINE
  5
A11
330
A02
100
AcDbEntity
  8
Body
100
AcDbLine
 10
125.000000000
 20
125.000000000
 30
0.000000000
 11
125.000000000
 21
125.000000000
 31
1.000000000
  0
LINE
  5
A12
330
A02
100
AcDbEntity
  8
Body
100
AcDbLine
 10
125.000000000
 20
-125.000000000
 30
0.000000000
 11
125.000000000
 21
125.000000000
 31
0.000000000
  0
LINE
  5
A13
330
A02
100
AcDbEntity
  8
Body
100
AcDbLine
 10
125.000000000
 20
-125.000000000
 30
1.000000000
 11
125.000000000
 21
125.000000000
 31
1.000000000
  0
LINE
  5
A14
330
A02
100
AcDbEntity
  8
Body
100
AcDbLine
 10
-125.000000000
 20
-125.000000000
 30
0.000000000
 11
125.000000000
 21
-125.000000000
 31
0.000000000
  0
LINE
  5
A15
330
A02
100
AcDbEntity
  8
Body
100
AcDbLine
 10
-125.000000000
 20
125.000000000
 30
0.000000000
 11
-125.000000000
 21
-125.000000000
 31
0.000000000
  0
LINE
  5
A16
330
A02
100
AcDbEntity
  8
Body
100
AcDbLine
 10
125.000000000
 20
-125.000000000
 30
0.000000000
 11
125.000000000
 21
125.000000000
 31
0.000000000
  0
LINE
  5
A17
330
A02
100
AcDbEntity
  8
Body
100
AcDbLine
 10
125.000000000
 20
125.000000000
 30
0.000000000
 11
-125.000000000
 21
125.000000000
 31
0.000000000
  0
SPLINE
  5
A18
330
A02
100
AcDbEntity
  8
Body
100
AcDbSpline
210
0
220
0
230
1
 70
8
 71
3
 72
35
 73
31
 74
0
 40
0.000000000
 40
0.000000000
 40
0.000000000
 40
0.000000000
 40
1.000000000
 40
1.000000000
 40
1.000000000
 40
2.000000000
 40
2.000000000
 40
2.000000000
 40
3.000000000
 40
3.000000000
 40
3.000000000
 40
4.000000000
 40
4.000000000
 40
4.000000000
 40
5.000000000
 40
5.000000000
 40
5.000000000
 40
6.000000000
 40
6.000000000
 40
6.000000000
 40
7.000000000
 40
7.000000000
 40
7.000000000
 40
8.000000000
 40
8.000000000
 40
8.000000000
 40
9.000000000
 40
9.000000000
 40
9.000000000
 40
10.000000000
 40
10.000000000
 40
10.000000000
 40
10.000000000
 10
-10.707600000
 20
-55.377200000
 30
0.000000000
 10
-15.853995785
 20
-50.695021935
 30
0.000000000
 10
-19.111965090
 20
-48.151873263
 30
0.000000000
 10
-21.762791860
 20
-46.262070592
 30
0.000000000
 10
-24.413618630
 20
-44.372267920
 30
0.000000000
 10
-26.457302866
 20
-43.135811249
 30
0.000000000
 10
-28.233134626
 20
-42.114909549
 30
0.000000000
 10
-30.008966386
 20
-41.094007850
 30
0.000000000
 10
-31.516945671
 20
-40.288661121
 30
0.000000000
 10
-32.694472021
 20
-39.715088741
 30
0.000000000
 10
-33.871998372
 20
-39.141516361
 30
0.000000000
 10
-34.719071790
 20
-38.799718329
 30
0.000000000
 10
-35.277900000
 20
-38.630500000
 30
0.000000000
 10
-35.836728210
 20
-38.461281671
 30
0.000000000
 10
-36.107311212
 20
-38.464643043
 30
0.000000000
 10
-36.161058888
 20
-38.611679783
 30
0.000000000
 10
-36.214806564
 20
-38.758716523
 30
0.000000000
 10
-36.051718914
 20
-39.049428631
 30
0.000000000
 10
-35.557506102
 20
-39.417518330
 30
0.000000000
 10
-35.063293290
 20
-39.785608029
 30
0.000000000
 10
-34.237955315
 20
-40.231075319
 30
0.000000000
 10
-32.954998672
 20
-40.994596479
 30
0.000000000
 10
-31.672042029
 20
-41.758117639
 30
0.000000000
 10
-29.931466717
 20
-42.839692670
 30
0.000000000
 10
-28.035448372
 20
-44.121222491
 30
0.000000000
 10
-26.139430027
 20
-45.402752312
 30
0.000000000
 10
-24.087968649
 20
-46.884236923
 30
0.000000000
 10
-21.233722251
 20
-49.238140579
 30
0.000000000
 10
-18.379475854
 20
-51.592044236
 30
0.000000000
 10
-14.722444437
 20
-54.818366938
 30
0.000000000
 10
-11.986400000
 20
-58.087200000
 30
0.000000000
  0
SPLINE
  5
A19
330
A02
100
AcDbEntity
  8
Body
100
AcDbSpline
210
0
220
0
230
1
 70
8
 71
3
 72
86
 73
82
 74
0
 40
0.000000000
 40
0.000000000
 40
0.000000000
 40
0.000000000
 40
0.468750000
 40
0.468750000
 40
0.468750000
 40
0.937500000
 40
0.937500000
 40
0.937500000
 40
1.406250000
 40
1.406250000
 40
1.406250000
 40
1.875000000
 40
1.875000000
 40
1.875000000
 40
2.343750000
 40
2.343750000
 40
2.343750000
 40
2.812500000
 40
2.812500000
 40
2.812500000
 40
3.281250000
 40
3.281250000
 40
3.281250000
 40
3.750000000
 40
3.750000000
 40
3.750000000
 40
4.218750000
 40
4.218750000
 40
4.218750000
 40
4.687500000
 40
4.687500000
 40
4.687500000
 40
5.156250000
 40
5.156250000
 40
5.156250000
 40
5.625000000
 40
5.625000000
 40
5.625000000
 40
6.093750000
 40
6.093750000
 40
6.093750000
 40
6.562500000
 40
6.562500000
 40
6.562500000
 40
7.500000000
 40
7.500000000
 40
7.500000000
 40
8.437500000
 40
8.437500000
 40
8.437500000
 40
8.906250000
 40
8.906250000
 40
8.906250000
 40
9.375000000
 40
9.375000000
 40
9.375000000
 40
9.843750000
 40
9.843750000
 40
9.843750000
 40
10.312500000
 40
10.312500000
 40
10.312500000
 40
11.250000000
 40
11.250000000
 40
11.250000000
 40
12.187500000
 40
12.187500000
 40
12.187500000
 40
12.656250000
 40
12.656250000
 40
12.656250000
 40
13.125000000
 40
13.125000000
 40
13.125000000
 40
14.062500000
 40
14.062500000
 40
14.062500000
 40
14.531250000
 40
14.531250000
 40
14.531250000
 40
15.000000000
 40
15.000000000
 40
15.000000000
 40
15.000000000
 10
-11.986400000
 20
-58.087200000
 30
0.000000000
 10
-15.876565892
 20
-59.092355843
 30
0.000000000
 10
-19.038718751
 20
-59.360425943
 30
0.000000000
 10
-21.734739062
 20
-59.271937651
 30
0.000000000
 10
-24.426764324
 20
-59.177847422
 30
0.000000000
 10
-26.652657038
 20
-58.727198800
 30
0.000000000
 10
-28.562436279
 20
-58.143664883
 30
0.000000000
 10
-30.470127873
 20
-57.556076099
 30
0.000000000
 10
-32.051461811
 20
-56.827293088
 30
0.000000000
 10
-33.385203477
 20
-56.057071115
 30
0.000000000
 10
-34.718894069
 20
-55.284446115
 30
0.000000000
 10
-35.804970005
 20
-54.470363998
 30
0.000000000
 10
-36.720862818
 20
-53.647373334
 30
0.000000000
 10
-37.636291448
 20
-52.823159151
 30
0.000000000
 10
-38.383604607
 20
-51.984233398
 30
0.000000000
 10
-39.031894469
 20
-51.115813700
 30
0.000000000
 10
-39.679113369
 20
-50.247873448
 30
0.000000000
 10
-40.227394028
 20
-49.350200535
 30
0.000000000
 10
-40.715493339
 20
-48.422414804
 30
0.000000000
 10
-41.202780179
 20
-47.495288725
 30
0.000000000
 10
-41.628602961
 20
-46.537488263
 30
0.000000000
 10
-42.005115555
 20
-45.565416312
 30
0.000000000
 10
-42.381499979
 20
-44.594303596
 30
0.000000000
 10
-42.708209576
 20
-43.608759753
 30
0.000000000
 10
-42.995183857
 20
-42.652647959
 30
0.000000000
 10
-43.282171812
 20
-41.697097743
 30
0.000000000
 10
-43.529180236
 20
-40.772872044
 30
0.000000000
 10
-43.745663358
 20
-39.946285829
 30
0.000000000
 10
-43.962443111
 20
-39.118068490
 30
0.000000000
 10
-44.148328486
 20
-38.390350686
 30
0.000000000
 10
-44.322297977
 20
-37.774332857
 30
0.000000000
 10
-44.496568274
 20
-37.156207349
 30
0.000000000
 10
-44.659250943
 20
-36.649094193
 30
0.000000000
 10
-44.839043201
 20
-36.202463681
 30
0.000000000
 10
-45.018029507
 20
-35.756043902
 30
0.000000000
 10
-45.216983449
 20
-35.364119798
 30
0.000000000
 10
-45.434441735
 20
-34.997969608
 30
0.000000000
 10
-45.650509872
 20
-34.633274313
 30
0.000000000
 10
-45.885013060
 20
-34.294415121
 30
0.000000000
 10
-46.097271885
 20
-33.993669346
 30
0.000000000
 10
-46.309514191
 20
-33.693145648
 30
0.000000000
 10
-46.493643504
 20
-33.436002396
 30
0.000000000
 10
-46.618993087
 20
-33.231333679
 30
0.000000000
 10
-46.875783750
 20
-32.818042068
 30
0.000000000
 10
-46.877189105
 20
-32.627362919
 30
0.000000000
 10
-46.701995126
 20
-32.506114957
 30
0.000000000
 10
-46.524993865
 20
-32.385869510
 30
0.000000000
 10
-46.192029316
 20
-32.327915938
 30
0.000000000
 10
-45.720298669
 20
-32.250066351
 30
0.000000000
 10
-45.480949113
 20
-32.211423603
 30
0.000000000
 10
-45.200834379
 20
-32.168482387
 30
0.000000000
 10
-44.840645261
 20
-32.111087406
 30
0.000000000
 10
-44.480571689
 20
-32.054011148
 30
0.000000000
 10
-44.034142434
 20
-31.980684722
 30
0.000000000
 10
-43.454071802
 20
-31.886670587
 30
0.000000000
 10
-42.876015557
 20
-31.790670766
 30
0.000000000
 10
-42.162957916
 20
-31.682136668
 30
0.000000000
 10
-41.314898879
 20
-31.561068291
 30
0.000000000
 10
-40.467551932
 20
-31.443170852
 30
0.000000000
 10
-39.486120067
 20
-31.322332035
 30
0.000000000
 10
-38.405823034
 20
-31.231159049
 30
0.000000000
 10
-36.247114009
 20
-31.047625520
 30
0.000000000
 10
-33.687387655
 20
-30.988183106
 30
0.000000000
 10
-31.087214298
 20
-31.269670914
 30
0.000000000
 10
-28.482251629
 20
-31.549248881
 30
0.000000000
 10
-25.864504799
 20
-32.168596482
 30
0.000000000
 10
-23.394506332
 20
-33.295057161
 30
0.000000000
 10
-22.157660063
 20
-33.857410977
 30
0.000000000
 10
-20.951104984
 20
-34.546077867
 30
0.000000000
 10
-19.799001310
 20
-35.365750752
 30
0.000000000
 10
-18.647485681
 20
-36.184861288
 30
0.000000000
 10
-17.550525285
 20
-37.134901836
 30
0.000000000
 10
-16.549170863
 20
-38.204508337
 30
0.000000000
 10
-14.541512227
 20
-40.346144944
 30
0.000000000
 10
-12.948933800
 20
-42.946677934
 30
0.000000000
 10
-11.945839467
 20
-45.983429370
 30
0.000000000
 10
-11.441869795
 20
-47.499174089
 30
0.000000000
 10
-11.076820144
 20
-49.148004661
 30
0.000000000
 10
-10.863871383
 20
-50.797828846
 30
0.000000000
 10
-10.651344924
 20
-52.439879160
 30
0.000000000
 10
-10.590919356
 20
-54.082923087
 30
0.000000000
 10
-10.707600000
 20
-55.377200000
 30
0.000000000
  0
ARC
  5
A1A
330
A02
100
AcDbEntity
  8
Body
100
AcDbCircle
 10
0.000000000
 20
0.000000000
 30
0.000000000
 40
75.000000000
100
AcDbArc
 50
157.666317342
 51
-91.145991998
  0
LINE
  5
A1B
330
A02
100
AcDbEntity
  8
Body
100
AcDbLine
 10
-1.500000000
 20
-69.983926726
 30
0.000000000
 11
-1.500000000
 21
-74.984998500
 31
0.000000000
  0
ARC
  5
A1C
330
A02
100
AcDbEntity
  8
Body
100
AcDbCircle
 10
0.000000000
 20
0.000000000
 30
0.000000000
 40
70.000000000
100
AcDbArc
 50
155.974520527
 51
-91.227860685
  0
LINE
  5
A1D
330
A02
100
AcDbEntity
  8
Body
100
AcDbLine
 10
-69.373986479
 20
28.500000000
 30
0.000000000
 11
-63.935514388
 21
28.500000000
 31
0.000000000
  0
SPLINE
  5
A1E
330
A02
100
AcDbEntity
  8
Body
100
AcDbSpline
210
0
220
0
230
1
 70
9
 71
3
 72
59
 73
55
 74
0
 40
0.000000000
 40
0.000000000
 40
0.000000000
 40
0.000000000
 40
1.000000000
 40
1.000000000
 40
1.000000000
 40
2.000000000
 40
2.000000000
 40
2.000000000
 40
3.000000000
 40
3.000000000
 40
3.000000000
 40
4.000000000
 40
4.000000000
 40
4.000000000
 40
5.000000000
 40
5.000000000
 40
5.000000000
 40
6.000000000
 40
6.000000000
 40
6.000000000
 40
7.000000000
 40
7.000000000
 40
7.000000000
 40
8.000000000
 40
8.000000000
 40
8.000000000
 40
9.000000000
 40
9.000000000
 40
9.000000000
 40
10.000000000
 40
10.000000000
 40
10.000000000
 40
11.000000000
 40
11.000000000
 40
11.000000000
 40
12.000000000
 40
12.000000000
 40
12.000000000
 40
13.000000000
 40
13.000000000
 40
13.000000000
 40
14.000000000
 40
14.000000000
 40
14.000000000
 40
15.000000000
 40
15.000000000
 40
15.000000000
 40
16.000000000
 40
16.000000000
 40
16.000000000
 40
17.000000000
 40
17.000000000
 40
17.000000000
 40
18.000000000
 40
18.000000000
 40
18.000000000
 40
18.000000000
 10
-44.646972924
 20
-5.097981757
 30
0.000000000
 10
-44.605268668
 20
-10.246630738
 30
0.000000000
 10
-45.125838300
 20
-12.811611339
 30
0.000000000
 10
-45.606384629
 20
-15.181295480
 30
0.000000000
 10
-46.086930958
 20
-17.550979621
 30
0.000000000
 10
-46.527453983
 20
-19.725367301
 30
0.000000000
 10
-46.300877924
 20
-21.716842327
 30
0.000000000
 10
-46.074301866
 20
-23.708317354
 30
0.000000000
 10
-45.180626723
 20
-25.516879726
 30
0.000000000
 10
-43.795289068
 20
-26.738443735
 30
0.000000000
 10
-42.409951413
 20
-27.960007744
 30
0.000000000
 10
-40.532951245
 20
-28.594573389
 30
0.000000000
 10
-38.574128390
 20
-28.830198306
 30
0.000000000
 10
-36.615305534
 20
-29.065823223
 30
0.000000000
 10
-34.574659990
 20
-28.902507412
 30
0.000000000
 10
-32.628388598
 20
-28.297065677
 30
0.000000000
 10
-30.682117206
 20
-27.691623942
 30
0.000000000
 10
-28.830219964
 20
-26.644056284
 30
0.000000000
 10
-27.658783281
 20
-25.208452885
 30
0.000000000
 10
-26.487346598
 20
-23.772849485
 30
0.000000000
 10
-25.996370473
 20
-21.949210345
 30
0.000000000
 10
-25.973100864
 20
-20.111379476
 30
0.000000000
 10
-25.949831255
 20
-18.273548608
 30
0.000000000
 10
-26.394268162
 20
-16.421526011
 30
0.000000000
 10
-27.043891373
 20
-14.558947680
 30
0.000000000
 10
-27.693514584
 20
-12.696369350
 30
0.000000000
 10
-28.548324099
 20
-10.823235284
 30
0.000000000
 10
-29.209202187
 20
-9.042344028
 30
0.000000000
 10
-29.870080276
 20
-7.261452772
 30
0.000000000
 10
-30.337026939
 20
-5.572804326
 30
0.000000000
 10
-30.661777276
 20
-4.160509192
 30
0.000000000
 10
-30.986527614
 20
-2.748214059
 30
0.000000000
 10
-31.169081628
 20
-1.612272238
 30
0.000000000
 10
-31.261169455
 20
-0.877636633
 30
0.000000000
 10
-31.353257282
 20
-0.143001029
 30
0.000000000
 10
-31.354878923
 20
0.190328360
 30
0.000000000
 10
-31.643839133
 20
0.585452811
 30
0.000000000
 10
-31.932799342
 20
0.980577262
 30
0.000000000
 10
-32.509098122
 20
1.437496775
 30
0.000000000
 10
-33.430163405
 20
1.755294336
 30
0.000000000
 10
-34.351228689
 20
2.073091896
 30
0.000000000
 10
-35.617060478
 20
2.251767504
 30
0.000000000
 10
-36.942775894
 20
2.225229806
 30
0.000000000
 10
-38.268491311
 20
2.198692108
 30
0.000000000
 10
-39.654090356
 20
1.966941105
 30
0.000000000
 10
-40.856799462
 20
1.561715365
 30
0.000000000
 10
-42.059508568
 20
1.156489625
 30
0.000000000
 10
-43.079327735
 20
0.577789147
 30
0.000000000
 10
-43.729719194
 20
0.159734166
 30
0.000000000
 10
-44.380110654
 20
-0.258320815
 30
0.000000000
 10
-44.661074407
 20
-0.515730300
 30
0.000000000
 10
-44.747396744
 20
-1.100110098
 30
0.000000000
 10
-44.833719081
 20
-1.684489896
 30
0.000000000
 10
-44.725400003
 20
-2.595840006
 30
0.000000000
 10
-44.646972924
 20
-5.097981757
 30
0.000000000
  0
SPLINE
  5
A1F
330
A02
100
AcDbEntity
  8
Body
100
AcDbSpline
210
0
220
0
230
1
 70
8
 71
3
 72
92
 73
88
 74
0
 40
0.000000000
 40
0.000000000
 40
0.000000000
 40
0.000000000
 40
1.000000000
 40
1.000000000
 40
1.000000000
 40
2.000000000
 40
2.000000000
 40
2.000000000
 40
3.000000000
 40
3.000000000
 40
3.000000000
 40
4.000000000
 40
4.000000000
 40
4.000000000
 40
5.000000000
 40
5.000000000
 40
5.000000000
 40
6.000000000
 40
6.000000000
 40
6.000000000
 40
7.000000000
 40
7.000000000
 40
7.000000000
 40
8.000000000
 40
8.000000000
 40
8.000000000
 40
9.000000000
 40
9.000000000
 40
9.000000000
 40
10.000000000
 40
10.000000000
 40
10.000000000
 40
11.000000000
 40
11.000000000
 40
11.000000000
 40
12.000000000
 40
12.000000000
 40
12.000000000
 40
13.000000000
 40
13.000000000
 40
13.000000000
 40
14.000000000
 40
14.000000000
 40
14.000000000
 40
15.000000000
 40
15.000000000
 40
15.000000000
 40
16.000000000
 40
16.000000000
 40
16.000000000
 40
17.000000000
 40
17.000000000
 40
17.000000000
 40
18.000000000
 40
18.000000000
 40
18.000000000
 40
19.000000000
 40
19.000000000
 40
19.000000000
 40
20.000000000
 40
20.000000000
 40
20.000000000
 40
21.000000000
 40
21.000000000
 40
21.000000000
 40
22.000000000
 40
22.000000000
 40
22.000000000
 40
23.000000000
 40
23.000000000
 40
23.000000000
 40
24.000000000
 40
24.000000000
 40
24.000000000
 40
25.000000000
 40
25.000000000
 40
25.000000000
 40
26.000000000
 40
26.000000000
 40
26.000000000
 40
27.000000000
 40
27.000000000
 40
27.000000000
 40
28.000000000
 40
28.000000000
 40
28.000000000
 40
29.000000000
 40
29.000000000
 40
29.000000000
 40
29.000000000
 10
-17.086100000
 20
-33.539800000
 30
0.000000000
 10
-13.234500000
 20
-34.035300000
 30
0.000000000
 10
-10.404120000
 20
-33.502500000
 30
0.000000000
 10
-8.128711667
 20
-32.941966667
 30
0.000000000
 10
-5.853303333
 20
-32.381433333
 30
0.000000000
 10
-4.132866667
 20
-31.793166667
 30
0.000000000
 10
-3.206050000
 20
-31.432440651
 30
0.000000000
 10
-2.279233333
 20
-31.071714635
 30
0.000000000
 10
-2.146036667
 20
-30.938529271
 30
0.000000000
 10
-2.039016667
 20
-30.710245938
 30
0.000000000
 10
-1.931996667
 20
-30.481962604
 30
0.000000000
 10
-1.851153333
 20
-30.158581302
 30
0.000000000
 10
-1.588808333
 20
-29.519207318
 30
0.000000000
 10
-1.326463333
 20
-28.879833333
 30
0.000000000
 10
-0.882616667
 20
-27.924466667
 30
0.000000000
 10
-0.233360000
 20
-26.803016667
 30
0.000000000
 10
0.415896667
 20
-25.681566667
 30
0.000000000
 10
1.270563333
 20
-24.394033333
 30
0.000000000
 10
2.674661667
 20
-23.272983333
 30
0.000000000
 10
4.078760000
 20
-22.151933333
 30
0.000000000
 10
6.032290000
 20
-21.197366667
 30
0.000000000
 10
7.397543775
 20
-20.681233333
 30
0.000000000
 10
8.762797550
 20
-20.165100000
 30
0.000000000
 10
9.539775100
 20
-20.087400000
 30
0.000000000
 10
10.091505100
 20
-20.014933333
 30
0.000000000
 10
10.643235100
 20
-19.942466667
 30
0.000000000
 10
10.969717550
 20
-19.875233333
 30
0.000000000
 10
11.302708775
 20
-19.619950000
 30
0.000000000
 10
11.635700000
 20
-19.364666667
 30
0.000000000
 10
11.975200000
 20
-18.921333333
 30
0.000000000
 10
12.430600000
 20
-18.140600000
 30
0.000000000
 10
12.886000000
 20
-17.359866667
 30
0.000000000
 10
13.457300000
 20
-16.241733333
 30
0.000000000
 10
14.048183333
 20
-14.500568333
 30
0.000000000
 10
14.639066667
 20
-12.759403333
 30
0.000000000
 10
15.249533333
 20
-10.395206667
 30
0.000000000
 10
15.599166667
 20
-8.036551500
 30
0.000000000
 10
15.948800000
 20
-5.677896333
 30
0.000000000
 10
16.037600000
 20
-3.324782667
 30
0.000000000
 10
16.048700000
 20
-1.759739333
 30
0.000000000
 10
16.059800000
 20
-0.194696000
 30
0.000000000
 10
15.993200000
 20
0.582277000
 30
0.000000000
 10
15.949316667
 20
1.439130167
 30
0.000000000
 10
15.905433333
 20
2.295983333
 30
0.000000000
 10
15.884266667
 20
3.232716667
 30
0.000000000
 10
15.948250000
 20
4.107795000
 30
0.000000000
 10
16.012233333
 20
4.982873333
 30
0.000000000
 10
16.161366667
 20
5.796296667
 30
0.000000000
 10
16.344400000
 20
6.691063333
 30
0.000000000
 10
16.527433333
 20
7.585830000
 30
0.000000000
 10
16.744366667
 20
8.561940000
 30
0.000000000
 10
16.873166667
 20
9.172003333
 30
0.000000000
 10
17.001966667
 20
9.782066667
 30
0.000000000
 10
17.042633333
 20
10.026083333
 30
0.000000000
 10
16.928183333
 20
10.147240154
 30
0.000000000
 10
16.813733333
 20
10.268396975
 30
0.000000000
 10
16.544166667
 20
10.266693951
 30
0.000000000
 10
15.385033333
 20
10.137907284
 30
0.000000000
 10
14.225900000
 20
10.009120617
 30
0.000000000
 10
12.177200000
 20
9.753250309
 30
0.000000000
 10
9.837811667
 20
9.340616821
 30
0.000000000
 10
7.498423333
 20
8.927983333
 30
0.000000000
 10
4.868346667
 20
8.358586667
 30
0.000000000
 10
2.451891667
 20
7.673778333
 30
0.000000000
 10
0.035436667
 20
6.988970000
 30
0.000000000
 10
-2.167396667
 20
6.188750000
 30
0.000000000
 10
-4.089016667
 20
5.341256667
 30
0.000000000
 10
-6.010636667
 20
4.493763333
 30
0.000000000
 10
-7.651043333
 20
3.598996667
 30
0.000000000
 10
-9.413471667
 20
2.358525000
 30
0.000000000
 10
-11.175900000
 20
1.118053333
 30
0.000000000
 10
-13.060350000
 20
-0.468123333
 30
0.000000000
 10
-14.632975000
 20
-2.101750000
 30
0.000000000
 10
-16.205600000
 20
-3.735376667
 30
0.000000000
 10
-17.466400000
 20
-5.416453333
 30
0.000000000
 10
-18.611966667
 20
-7.572020000
 30
0.000000000
 10
-19.757533333
 20
-9.727586667
 30
0.000000000
 10
-20.787866667
 20
-12.357643333
 30
0.000000000
 10
-21.425916667
 20
-14.679838333
 30
0.000000000
 10
-22.063966667
 20
-17.002033333
 30
0.000000000
 10
-22.309733333
 20
-19.016366667
 30
0.000000000
 10
-22.344483333
 20
-20.864083333
 30
0.000000000
 10
-22.379233333
 20
-22.711800000
 30
0.000000000
 10
-22.202966667
 20
-24.392900000
 30
0.000000000
 10
-21.830133333
 20
-26.402750000
 30
0.000000000
 10
-21.457300000
 20
-28.412600000
 30
0.000000000
 10
-20.887900000
 20
-30.751200000
 30
0.000000000
 10
-19.790800000
 20
-32.224000000
 30
0.000000000
  0
SPLINE
  5
A20
330
A02
100
AcDbEntity
  8
Body
100
AcDbSpline
210
0
220
0
230
1
 70
8
 71
3
 72
47
 73
43
 74
0
 40
0.000000000
 40
0.000000000
 40
0.000000000
 40
0.000000000
 40
1.000000000
 40
1.000000000
 40
1.000000000
 40
2.000000000
 40
2.000000000
 40
2.000000000
 40
3.000000000
 40
3.000000000
 40
3.000000000
 40
4.000000000
 40
4.000000000
 40
4.000000000
 40
5.000000000
 40
5.000000000
 40
5.000000000
 40
6.000000000
 40
6.000000000
 40
6.000000000
 40
7.000000000
 40
7.000000000
 40
7.000000000
 40
8.000000000
 40
8.000000000
 40
8.000000000
 40
9.000000000
 40
9.000000000
 40
9.000000000
 40
10.000000000
 40
10.000000000
 40
10.000000000
 40
11.000000000
 40
11.000000000
 40
11.000000000
 40
12.000000000
 40
12.000000000
 40
12.000000000
 40
13.000000000
 40
13.000000000
 40
13.000000000
 40
14.000000000
 40
14.000000000
 40
14.000000000
 40
14.000000000
 10
-19.790800000
 20
-32.224000000
 30
0.000000000
 10
-17.181700000
 20
-27.675600000
 30
0.000000000
 10
-15.308550000
 20
-24.705950000
 30
0.000000000
 10
-13.625780000
 20
-22.164541667
 30
0.000000000
 10
-11.943010000
 20
-19.623133333
 30
0.000000000
 10
-10.450620000
 20
-17.509966667
 30
0.000000000
 10
-8.949653333
 20
-15.576500000
 30
0.000000000
 10
-7.448686667
 20
-13.643033333
 30
0.000000000
 10
-5.939143333
 20
-11.889266667
 30
0.000000000
 10
-4.351161667
 20
-10.116223333
 30
0.000000000
 10
-2.763180000
 20
-8.343180000
 30
0.000000000
 10
-1.096760000
 20
-6.550860000
 30
0.000000000
 10
0.235931667
 20
-5.221815000
 30
0.000000000
 10
1.568623333
 20
-3.892770000
 30
0.000000000
 10
2.567586667
 20
-3.027000000
 30
0.000000000
 10
3.570563333
 20
-2.182601500
 30
0.000000000
 10
4.573540000
 20
-1.338203000
 30
0.000000000
 10
5.580530000
 20
-0.515176000
 30
0.000000000
 10
6.163648333
 20
-0.087329333
 30
0.000000000
 10
6.746766667
 20
0.340517333
 30
0.000000000
 10
6.906013333
 20
0.373183667
 30
0.000000000
 10
6.952971667
 20
0.301725667
 30
0.000000000
 10
6.999930000
 20
0.230267667
 30
0.000000000
 10
6.934600000
 20
0.054685333
 30
0.000000000
 10
6.462978333
 20
-0.521061333
 30
0.000000000
 10
5.991356667
 20
-1.096808000
 30
0.000000000
 10
5.113443333
 20
-2.072719000
 30
0.000000000
 10
4.088531167
 20
-3.238504500
 30
0.000000000
 10
3.063619000
 20
-4.404290000
 30
0.000000000
 10
1.891708000
 20
-5.759950000
 30
0.000000000
 10
0.445748000
 20
-7.440611667
 30
0.000000000
 10
-1.000212000
 20
-9.121273333
 30
0.000000000
 10
-2.720221000
 20
-11.126936667
 30
0.000000000
 10
-4.300527167
 20
-13.123285000
 30
0.000000000
 10
-5.880833333
 20
-15.119633333
 30
0.000000000
 10
-7.321436667
 20
-17.106666667
 30
0.000000000
 10
-8.720648333
 20
-19.143383333
 30
0.000000000
 10
-10.119860000
 20
-21.180100000
 30
0.000000000
 10
-11.477680000
 20
-23.266500000
 30
0.000000000
 10
-12.901715000
 20
-25.601275000
 30
0.000000000
 10
-14.325750000
 20
-27.936050000
 30
0.000000000
 10
-15.816000000
 20
-30.519200000
 30
0.000000000
 10
-17.086100000
 20
-33.539800000
 30
0.000000000
  0
SPLINE
  5
A21
330
A02
100
AcDbEntity
  8
Body
100
AcDbSpline
210
0
220
0
230
1
 70
9
 71
3
 72
137
 73
133
 74
0
 40
0.000000000
 40
0.000000000
 40
0.000000000
 40
0.000000000
 40
1.000000000
 40
1.000000000
 40
1.000000000
 40
2.000000000
 40
2.000000000
 40
2.000000000
 40
3.000000000
 40
3.000000000
 40
3.000000000
 40
4.000000000
 40
4.000000000
 40
4.000000000
 40
5.000000000
 40
5.000000000
 40
5.000000000
 40
6.000000000
 40
6.000000000
 40
6.000000000
 40
7.000000000
 40
7.000000000
 40
7.000000000
 40
8.000000000
 40
8.000000000
 40
8.000000000
 40
9.000000000
 40
9.000000000
 40
9.000000000
 40
10.000000000
 40
10.000000000
 40
10.000000000
 40
11.000000000
 40
11.000000000
 40
11.000000000
 40
12.000000000
 40
12.000000000
 40
12.000000000
 40
13.000000000
 40
13.000000000
 40
13.000000000
 40
14.000000000
 40
14.000000000
 40
14.000000000
 40
15.000000000
 40
15.000000000
 40
15.000000000
 40
16.000000000
 40
16.000000000
 40
16.000000000
 40
17.000000000
 40
17.000000000
 40
17.000000000
 40
18.000000000
 40
18.000000000
 40
18.000000000
 40
19.000000000
 40
19.000000000
 40
19.000000000
 40
20.000000000
 40
20.000000000
 40
20.000000000
 40
21.000000000
 40
21.000000000
 40
21.000000000
 40
22.000000000
 40
22.000000000
 40
22.000000000
 40
23.000000000
 40
23.000000000
 40
23.000000000
 40
24.000000000
 40
24.000000000
 40
24.000000000
 40
25.000000000
 40
25.000000000
 40
25.000000000
 40
26.000000000
 40
26.000000000
 40
26.000000000
 40
27.000000000
 40
27.000000000
 40
27.000000000
 40
28.000000000
 40
28.000000000
 40
28.000000000
 40
29.000000000
 40
29.000000000
 40
29.000000000
 40
30.000000000
 40
30.000000000
 40
30.000000000
 40
31.000000000
 40
31.000000000
 40
31.000000000
 40
32.000000000
 40
32.000000000
 40
32.000000000
 40
33.000000000
 40
33.000000000
 40
33.000000000
 40
34.000000000
 40
34.000000000
 40
34.000000000
 40
35.000000000
 40
35.000000000
 40
35.000000000
 40
36.000000000
 40
36.000000000
 40
36.000000000
 40
37.000000000
 40
37.000000000
 40
37.000000000
 40
38.000000000
 40
38.000000000
 40
38.000000000
 40
39.000000000
 40
39.000000000
 40
39.000000000
 40
40.000000000
 40
40.000000000
 40
40.000000000
 40
41.000000000
 40
41.000000000
 40
41.000000000
 40
42.000000000
 40
42.000000000
 40
42.000000000
 40
43.000000000
 40
43.000000000
 40
43.000000000
 40
44.000000000
 40
44.000000000
 40
44.000000000
 40
44.000000000
 10
18.239894824
 20
-15.702938485
 30
0.000000000
 10
17.451966084
 20
-16.318704918
 30
0.000000000
 10
17.265946460
 20
-16.545026333
 30
0.000000000
 10
17.248948665
 20
-16.718068209
 30
0.000000000
 10
17.231950870
 20
-16.891110084
 30
0.000000000
 10
17.383974903
 20
-17.010872418
 30
0.000000000
 10
17.682130252
 20
-17.368935674
 30
0.000000000
 10
17.980285601
 20
-17.726998930
 30
0.000000000
 10
18.424572266
 20
-18.323363108
 30
0.000000000
 10
18.863543843
 20
-19.150297246
 30
0.000000000
 10
19.302515421
 20
-19.977231384
 30
0.000000000
 10
19.736171911
 20
-21.034735483
 30
0.000000000
 10
20.034374122
 20
-22.044778293
 30
0.000000000
 10
20.332576333
 20
-23.054821103
 30
0.000000000
 10
20.495324265
 20
-24.017402624
 30
0.000000000
 10
20.565039266
 20
-24.572968756
 30
0.000000000
 10
20.634754267
 20
-25.128534887
 30
0.000000000
 10
20.611436337
 20
-25.277085629
 30
0.000000000
 10
20.497352298
 20
-25.312408477
 30
0.000000000
 10
20.383268258
 20
-25.347731325
 30
0.000000000
 10
20.178418108
 20
-25.269826279
 30
0.000000000
 10
19.572174433
 20
-24.981979115
 30
0.000000000
 10
18.965930757
 20
-24.694131950
 30
0.000000000
 10
17.958293556
 20
-24.196342666
 30
0.000000000
 10
16.948517551
 20
-23.743485673
 30
0.000000000
 10
15.938741546
 20
-23.290628680
 30
0.000000000
 10
14.926826738
 20
-22.882703978
 30
0.000000000
 10
13.846783899
 20
-22.637641230
 30
0.000000000
 10
12.766741061
 20
-22.392578482
 30
0.000000000
 10
11.618570192
 20
-22.310377689
 30
0.000000000
 10
10.241295901
 20
-22.560699281
 30
0.000000000
 10
8.864021610
 20
-22.811020874
 30
0.000000000
 10
7.257643895
 20
-23.393864853
 30
0.000000000
 10
5.929158849
 20
-24.214507870
 30
0.000000000
 10
4.600673803
 20
-25.035150888
 30
0.000000000
 10
3.550081424
 20
-26.093592943
 30
0.000000000
 10
2.635039104
 20
-27.350406435
 30
0.000000000
 10
1.719996785
 20
-28.607219927
 30
0.000000000
 10
0.940504524
 20
-30.062404856
 30
0.000000000
 10
0.373930837
 20
-31.696624940
 30
0.000000000
 10
-0.192642850
 20
-33.330845023
 30
0.000000000
 10
-0.546297963
 20
-35.144100262
 30
0.000000000
 10
-0.519102497
 20
-37.387647744
 30
0.000000000
 10
-0.491907031
 20
-39.631195225
 30
0.000000000
 10
-0.083860986
 20
-42.305034950
 30
0.000000000
 10
0.611406919
 20
-44.636092367
 30
0.000000000
 10
1.306674824
 20
-46.967149785
 30
0.000000000
 10
2.289164590
 20
-48.955424896
 30
0.000000000
 10
3.370684159
 20
-50.799927453
 30
0.000000000
 10
4.452203729
 20
-52.644430011
 30
0.000000000
 10
5.632753103
 20
-54.345160015
 30
0.000000000
 10
6.863951925
 20
-55.612350604
 30
0.000000000
 10
8.095150747
 20
-56.879541194
 30
0.000000000
 10
9.376999017
 20
-57.713192368
 30
0.000000000
 10
10.456326148
 20
-58.234725986
 30
0.000000000
 10
11.535653279
 20
-58.756259603
 30
0.000000000
 10
12.412459272
 20
-58.965675664
 30
0.000000000
 10
13.189888096
 20
-59.070384196
 30
0.000000000
 10
13.967316920
 20
-59.175092727
 30
0.000000000
 10
14.645368575
 20
-59.175093731
 30
0.000000000
 10
15.316698212
 20
-59.093686887
 30
0.000000000
 10
15.988027849
 20
-59.012280043
 30
0.000000000
 10
16.652635468
 20
-58.849465352
 30
0.000000000
 10
17.215381012
 20
-58.673166522
 30
0.000000000
 10
17.778126556
 20
-58.496867692
 30
0.000000000
 10
18.239010024
 20
-58.307084723
 30
0.000000000
 10
18.760935886
 20
-58.286759725
 30
0.000000000
 10
19.282861748
 20
-58.266434727
 30
0.000000000
 10
19.865830003
 20
-58.415567700
 30
0.000000000
 10
20.482681151
 20
-58.632484052
 30
0.000000000
 10
21.099532299
 20
-58.849400405
 30
0.000000000
 10
21.750266341
 20
-59.134100136
 30
0.000000000
 10
22.577249961
 20
-59.351016692
 30
0.000000000
 10
23.404233580
 20
-59.567933248
 30
0.000000000
 10
24.407466779
 20
-59.717066628
 30
0.000000000
 10
25.600483379
 20
-59.554383312
 30
0.000000000
 10
26.793499980
 20
-59.391699996
 30
0.000000000
 10
28.176299984
 20
-58.917199983
 30
0.000000000
 10
29.613333328
 20
-57.974983341
 30
0.000000000
 10
31.050366673
 20
-57.032766699
 30
0.000000000
 10
32.541633357
 20
-55.622833428
 30
0.000000000
 10
33.856666712
 20
-54.172233508
 30
0.000000000
 10
35.171700067
 20
-52.721633587
 30
0.000000000
 10
36.310500092
 20
-51.230367017
 30
0.000000000
 10
37.374732905
 20
-49.318815017
 30
0.000000000
 10
38.438965718
 20
-47.407263016
 30
0.000000000
 10
39.428631318
 20
-45.075425587
 30
0.000000000
 10
40.066984295
 20
-42.848553750
 30
0.000000000
 10
40.705337273
 20
-40.621681912
 30
0.000000000
 10
40.992377628
 20
-38.499775668
 30
0.000000000
 10
41.007115074
 20
-36.618624375
 30
0.000000000
 10
41.021852521
 20
-34.737473082
 30
0.000000000
 10
40.764287058
 20
-33.097076742
 30
0.000000000
 10
40.276047508
 20
-31.666082214
 30
0.000000000
 10
39.787807958
 20
-30.235087686
 30
0.000000000
 10
39.068894320
 20
-29.013494970
 30
0.000000000
 10
38.222848651
 20
-27.940614362
 30
0.000000000
 10
37.376802982
 20
-26.867733754
 30
0.000000000
 10
36.403625282
 20
-25.943565253
 30
0.000000000
 10
35.413990456
 20
-25.299563474
 30
0.000000000
 10
34.424355630
 20
-24.655561694
 30
0.000000000
 10
33.418263679
 20
-24.291726636
 30
0.000000000
 10
32.474620727
 20
-24.063169308
 30
0.000000000
 10
31.530977776
 20
-23.834611980
 30
0.000000000
 10
30.649783823
 20
-23.741332382
 30
0.000000000
 10
29.720846268
 20
-23.792076490
 30
0.000000000
 10
28.791908712
 20
-23.842820598
 30
0.000000000
 10
27.815227554
 20
-24.037588412
 30
0.000000000
 10
26.688271642
 20
-24.314541363
 30
0.000000000
 10
25.561315730
 20
-24.591494314
 30
0.000000000
 10
24.284085064
 20
-24.950632403
 30
0.000000000
 10
23.490938793
 20
-25.212637372
 30
0.000000000
 10
22.697792522
 20
-25.474642342
 30
0.000000000
 10
22.388730647
 20
-25.639514192
 30
0.000000000
 10
22.276694897
 20
-25.380866957
 30
0.000000000
 10
22.164659147
 20
-25.122219722
 30
0.000000000
 10
22.249649523
 20
-24.440053401
 30
0.000000000
 10
22.250821394
 20
-23.750805728
 30
0.000000000
 10
22.251993266
 20
-23.061558054
 30
0.000000000
 10
22.169346633
 20
-22.365229027
 30
0.000000000
 10
22.054489401
 20
-21.514562408
 30
0.000000000
 10
21.939632170
 20
-20.663895789
 30
0.000000000
 10
21.792564339
 20
-19.658891577
 30
0.000000000
 10
21.460769777
 20
-18.618599260
 30
0.000000000
 10
21.128975215
 20
-17.578306944
 30
0.000000000
 10
20.612453921
 20
-16.502726522
 30
0.000000000
 10
20.271522183
 20
-15.878191458
 30
0.000000000
 10
19.930590445
 20
-15.253656394
 30
0.000000000
 10
19.765248263
 20
-15.080166688
 30
0.000000000
 10
19.548094151
 20
-15.050143913
 30
0.000000000
 10
19.330940040
 20
-15.020121138
 30
0.000000000
 10
19.061973999
 20
-15.133565294
 30
0.000000000
 10
18.239894824
 20
-15.702938485
 30
0.000000000
  0
SPLINE
  5
A22
330
A02
100
AcDbEntity
  8
Body
100
AcDbSpline
210
0
220
0
230
1
 70
9
 71
3
 72
41
 73
37
 74
0
 40
0.000000000
 40
0.000000000
 40
0.000000000
 40
0.000000000
 40
1.000000000
 40
1.000000000
 40
1.000000000
 40
2.000000000
 40
2.000000000
 40
2.000000000
 40
3.000000000
 40
3.000000000
 40
3.000000000
 40
4.000000000
 40
4.000000000
 40
4.000000000
 40
5.000000000
 40
5.000000000
 40
5.000000000
 40
6.000000000
 40
6.000000000
 40
6.000000000
 40
7.000000000
 40
7.000000000
 40
7.000000000
 40
8.000000000
 40
8.000000000
 40
8.000000000
 40
9.000000000
 40
9.000000000
 40
9.000000000
 40
10.000000000
 40
10.000000000
 40
10.000000000
 40
11.000000000
 40
11.000000000
 40
11.000000000
 40
12.000000000
 40
12.000000000
 40
12.000000000
 40
12.000000000
 10
24.127700000
 20
-21.908900000
 30
0.000000000
 10
24.319800000
 20
-19.137100000
 30
0.000000000
 10
24.760059580
 20
-17.531928931
 30
0.000000000
 10
25.330941230
 20
-16.259953344
 30
0.000000000
 10
25.901822881
 20
-14.987977757
 30
0.000000000
 10
26.603326602
 20
-14.049197654
 30
0.000000000
 10
27.458628323
 20
-13.219539583
 30
0.000000000
 10
28.313930045
 20
-12.389881512
 30
0.000000000
 10
29.323029767
 20
-11.669345473
 30
0.000000000
 10
30.668380207
 20
-11.164049691
 30
0.000000000
 10
32.013730648
 20
-10.658753908
 30
0.000000000
 10
33.695331807
 20
-10.368698382
 30
0.000000000
 10
35.210390579
 20
-10.286255044
 30
0.000000000
 10
36.725449352
 20
-10.203811706
 30
0.000000000
 10
38.073965739
 20
-10.328980558
 30
0.000000000
 10
38.744493017
 20
-10.443639669
 30
0.000000000
 10
39.415020295
 20
-10.558298781
 30
0.000000000
 10
39.407558465
 20
-10.662448152
 30
0.000000000
 10
39.310827935
 20
-11.190689823
 30
0.000000000
 10
39.214097405
 20
-11.718931493
 30
0.000000000
 10
39.028098175
 20
-12.671265463
 30
0.000000000
 10
38.663532106
 20
-13.764982564
 30
0.000000000
 10
38.298966037
 20
-14.858699665
 30
0.000000000
 10
37.755833129
 20
-16.093799898
 30
0.000000000
 10
37.060166636
 20
-17.198683325
 30
0.000000000
 10
36.364500143
 20
-18.303566751
 30
0.000000000
 10
35.516300065
 20
-19.278233371
 30
0.000000000
 10
34.578816694
 20
-20.022266682
 30
0.000000000
 10
33.641333324
 20
-20.766299994
 30
0.000000000
 10
32.614566661
 20
-21.279699996
 30
0.000000000
 10
31.531999996
 20
-21.633116664
 30
0.000000000
 10
30.449433332
 20
-21.986533333
 30
0.000000000
 10
29.311066666
 20
-22.179966667
 30
0.000000000
 10
28.167133333
 20
-22.259933333
 30
0.000000000
 10
27.023200000
 20
-22.339900000
 30
0.000000000
 10
25.873700000
 20
-22.306400000
 30
0.000000000
 10
24.127700000
 20
-21.908900000
 30
0.000000000
  0
LINE
  5
A23
330
A02
100
AcDbEntity
  8
Body
100
AcDbLine
 10
1.500000000
 20
-69.983926726
 30
0.000000000
 11
1.500000000
 21
-74.984998500
 31
0.000000000
  0
ARC
  5
A24
330
A02
100
AcDbEntity
  8
Body
100
AcDbCircle
 10
0.000000000
 20
0.000000000
 30
0.000000000
 40
75.000000000
100
AcDbArc
 50
-88.854008002
 51
22.333682658
  0
LINE
  5
A25
330
A02
100
AcDbEntity
  8
Body
100
AcDbLine
 10
69.373986479
 20
28.500000000
 30
0.000000000
 11
63.935514388
 21
28.500000000
 31
0.000000000
  0
ARC
  5
A26
330
A02
100
AcDbEntity
  8
Body
100
AcDbCircle
 10
0.000000000
 20
0.000000000
 30
0.000000000
 40
70.000000000
100
AcDbArc
 50
-88.772139315
 51
24.025479473
  0
SPLINE
  5
A27
330
A02
100
AcDbEntity
  8
Body
100
AcDbSpline
210
0
220
0
230
1
 70
9
 71
3
 72
134
 73
130
 74
0
 40
0.000000000
 40
0.000000000
 40
0.000000000
 40
0.000000000
 40
1.000000000
 40
1.000000000
 40
1.000000000
 40
2.000000000
 40
2.000000000
 40
2.000000000
 40
3.000000000
 40
3.000000000
 40
3.000000000
 40
4.000000000
 40
4.000000000
 40
4.000000000
 40
5.000000000
 40
5.000000000
 40
5.000000000
 40
6.000000000
 40
6.000000000
 40
6.000000000
 40
7.000000000
 40
7.000000000
 40
7.000000000
 40
8.000000000
 40
8.000000000
 40
8.000000000
 40
9.000000000
 40
9.000000000
 40
9.000000000
 40
10.000000000
 40
10.000000000
 40
10.000000000
 40
11.000000000
 40
11.000000000
 40
11.000000000
 40
12.000000000
 40
12.000000000
 40
12.000000000
 40
13.000000000
 40
13.000000000
 40
13.000000000
 40
14.000000000
 40
14.000000000
 40
14.000000000
 40
15.000000000
 40
15.000000000
 40
15.000000000
 40
16.000000000
 40
16.000000000
 40
16.000000000
 40
17.000000000
 40
17.000000000
 40
17.000000000
 40
18.000000000
 40
18.000000000
 40
18.000000000
 40
19.000000000
 40
19.000000000
 40
19.000000000
 40
20.000000000
 40
20.000000000
 40
20.000000000
 40
21.000000000
 40
21.000000000
 40
21.000000000
 40
22.000000000
 40
22.000000000
 40
22.000000000
 40
23.000000000
 40
23.000000000
 40
23.000000000
 40
24.000000000
 40
24.000000000
 40
24.000000000
 40
25.000000000
 40
25.000000000
 40
25.000000000
 40
26.000000000
 40
26.000000000
 40
26.000000000
 40
27.000000000
 40
27.000000000
 40
27.000000000
 40
28.000000000
 40
28.000000000
 40
28.000000000
 40
29.000000000
 40
29.000000000
 40
29.000000000
 40
30.000000000
 40
30.000000000
 40
30.000000000
 40
31.000000000
 40
31.000000000
 40
31.000000000
 40
32.000000000
 40
32.000000000
 40
32.000000000
 40
33.000000000
 40
33.000000000
 40
33.000000000
 40
34.000000000
 40
34.000000000
 40
34.000000000
 40
35.000000000
 40
35.000000000
 40
35.000000000
 40
36.000000000
 40
36.000000000
 40
36.000000000
 40
37.000000000
 40
37.000000000
 40
37.000000000
 40
38.000000000
 40
38.000000000
 40
38.000000000
 40
39.000000000
 40
39.000000000
 40
39.000000000
 40
40.000000000
 40
40.000000000
 40
40.000000000
 40
41.000000000
 40
41.000000000
 40
41.000000000
 40
42.000000000
 40
42.000000000
 40
42.000000000
 40
43.000000000
 40
43.000000000
 40
43.000000000
 40
43.000000000
 10
42.654700000
 20
-21.056200000
 30
0.000000000
 10
40.322000000
 20
-24.427400000
 30
0.000000000
 10
40.405677394
 20
-24.586354008
 30
0.000000000
 10
40.490338598
 20
-24.698242513
 30
0.000000000
 10
40.574999803
 20
-24.810131018
 30
0.000000000
 10
40.660644818
 20
-24.874954019
 30
0.000000000
 10
40.990840347
 20
-25.301315606
 30
0.000000000
 10
41.321035877
 20
-25.727677193
 30
0.000000000
 10
41.895781922
 20
-26.515577366
 30
0.000000000
 10
42.387119351
 20
-27.391074613
 30
0.000000000
 10
42.878456780
 20
-28.266571860
 30
0.000000000
 10
43.286385593
 20
-29.229666180
 30
0.000000000
 10
43.525447785
 20
-29.747970704
 30
0.000000000
 10
43.764509976
 20
-30.266275229
 30
0.000000000
 10
43.834705546
 20
-30.339789957
 30
0.000000000
 10
43.955069738
 20
-30.328079567
 30
0.000000000
 10
44.075433931
 20
-30.316369176
 30
0.000000000
 10
44.245966746
 20
-30.219433667
 30
0.000000000
 10
45.404366568
 20
-29.360249584
 30
0.000000000
 10
46.562766389
 20
-28.501065500
 30
0.000000000
 10
48.709033217
 20
-26.879632843
 30
0.000000000
 10
50.327983290
 20
-25.518866484
 30
0.000000000
 10
51.946933363
 20
-24.158100126
 30
0.000000000
 10
53.038566683
 20
-23.058000067
 30
0.000000000
 10
54.268900008
 20
-21.514666702
 30
0.000000000
 10
55.499233334
 20
-19.971333337
 30
0.000000000
 10
56.868266667
 20
-17.984766666
 30
0.000000000
 10
58.049750000
 20
-15.677281665
 30
0.000000000
 10
59.231233333
 20
-13.369796664
 30
0.000000000
 10
60.225166666
 20
-10.741393332
 30
0.000000000
 10
60.944450000
 20
-8.266170000
 30
0.000000000
 10
61.663733333
 20
-5.790946667
 30
0.000000000
 10
62.108366667
 20
-3.468903334
 30
0.000000000
 10
62.305983333
 20
-0.924535000
 30
0.000000000
 10
62.503600000
 20
1.619833333
 30
0.000000000
 10
62.454200000
 20
4.386526667
 30
0.000000000
 10
62.009550000
 20
7.400253333
 30
0.000000000
 10
61.564900000
 20
10.413980000
 30
0.000000000
 10
60.725000000
 20
13.674740000
 30
0.000000000
 10
60.084383333
 20
15.687036667
 30
0.000000000
 10
59.443766667
 20
17.699333334
 30
0.000000000
 10
59.002433333
 20
18.463166667
 30
0.000000000
 10
58.625516665
 20
19.042249997
 30
0.000000000
 10
58.248599996
 20
19.621333328
 30
0.000000000
 10
57.936099993
 20
20.015666656
 30
0.000000000
 10
57.724050007
 20
20.253766677
 30
0.000000000
 10
57.512000022
 20
20.491866699
 30
0.000000000
 10
57.400400055
 20
20.573733413
 30
0.000000000
 10
57.296233371
 20
20.570016722
 30
0.000000000
 10
57.192066687
 20
20.566300030
 30
0.000000000
 10
57.095333287
 20
20.476999932
 30
0.000000000
 10
56.916765980
 20
20.294715671
 30
0.000000000
 10
56.738198673
 20
20.112431410
 30
0.000000000
 10
56.477797460
 20
19.837162986
 30
0.000000000
 10
55.975586722
 20
19.599088252
 30
0.000000000
 10
55.473375984
 20
19.361013519
 30
0.000000000
 10
54.729355722
 20
19.160132477
 30
0.000000000
 10
54.145276322
 20
19.104297285
 30
0.000000000
 10
53.561196922
 20
19.048462093
 30
0.000000000
 10
53.137058384
 20
19.137672751
 30
0.000000000
 10
52.824345226
 20
19.152247328
 30
0.000000000
 10
52.511632068
 20
19.166821905
 30
0.000000000
 10
52.310344289
 20
19.106760400
 30
0.000000000
 10
52.134123696
 20
18.805112948
 30
0.000000000
 10
51.957903103
 20
18.503465496
 30
0.000000000
 10
51.806749696
 20
17.960232097
 30
0.000000000
 10
51.531737593
 20
17.362040834
 30
0.000000000
 10
51.256725490
 20
16.763849572
 30
0.000000000
 10
50.857854692
 20
16.110700448
 30
0.000000000
 10
50.410731534
 20
15.622098200
 30
0.000000000
 10
49.963608377
 20
15.133495953
 30
0.000000000
 10
49.468232860
 20
14.809440582
 30
0.000000000
 10
48.869300000
 20
14.720200000
 30
0.000000000
 10
48.270367140
 20
14.630959418
 30
0.000000000
 10
47.567876936
 20
14.776533624
 30
0.000000000
 10
46.984092774
 20
15.005373494
 30
0.000000000
 10
46.400308611
 20
15.234213364
 30
0.000000000
 10
45.935230489
 20
15.546318899
 30
0.000000000
 10
45.622125602
 20
15.828300621
 30
0.000000000
 10
45.309020715
 20
16.110282343
 30
0.000000000
 10
45.147889063
 20
16.362140251
 30
0.000000000
 10
44.988923997
 20
16.412219044
 30
0.000000000
 10
44.829958931
 20
16.462297837
 30
0.000000000
 10
44.673160450
 20
16.310597514
 30
0.000000000
 10
44.308968414
 20
15.935212099
 30
0.000000000
 10
43.944776378
 20
15.559826685
 30
0.000000000
 10
43.373190787
 20
14.960756179
 30
0.000000000
 10
42.884952882
 20
14.713291117
 30
0.000000000
 10
42.396714977
 20
14.465826056
 30
0.000000000
 10
41.991824758
 20
14.569966439
 30
0.000000000
 10
41.417435772
 20
14.662892729
 30
0.000000000
 10
40.843046785
 20
14.755819020
 30
0.000000000
 10
40.099159032
 20
14.837531217
 30
0.000000000
 10
39.667685989
 20
14.833758113
 30
0.000000000
 10
39.236212946
 20
14.829985010
 30
0.000000000
 10
39.117154614
 20
14.740726605
 30
0.000000000
 10
39.049692607
 20
14.529619633
 30
0.000000000
 10
38.982230601
 20
14.318512661
 30
0.000000000
 10
38.966364920
 20
13.985557121
 30
0.000000000
 10
38.992415571
 20
13.472179043
 30
0.000000000
 10
39.018466221
 20
12.958800965
 30
0.000000000
 10
39.086433202
 20
12.265000349
 30
0.000000000
 10
39.208116660
 20
11.587828420
 30
0.000000000
 10
39.329800118
 20
10.910656491
 30
0.000000000
 10
39.505200053
 20
10.250113251
 30
0.000000000
 10
39.839616688
 20
9.377689963
 30
0.000000000
 10
40.174033324
 20
8.505266674
 30
0.000000000
 10
40.667466661
 20
7.420963339
 30
0.000000000
 10
41.160883330
 20
6.470675004
 30
0.000000000
 10
41.654299999
 20
5.520386669
 30
0.000000000
 10
42.147700000
 20
4.704113334
 30
0.000000000
 10
42.696566667
 20
3.751351000
 30
0.000000000
 10
43.245433334
 20
2.798588666
 30
0.000000000
 10
43.849766667
 20
1.709337333
 30
0.000000000
 10
44.331633333
 20
0.671292333
 30
0.000000000
 10
44.813500000
 20
-0.366752667
 30
0.000000000
 10
45.172900000
 20
-1.353591333
 30
0.000000000
 10
45.486616667
 20
-2.453122333
 30
0.000000000
 10
45.800333333
 20
-3.552653333
 30
0.000000000
 10
46.068366667
 20
-4.764876667
 30
0.000000000
 10
46.258666667
 20
-5.980205000
 30
0.000000000
 10
46.448966667
 20
-7.195533333
 30
0.000000000
 10
46.561533333
 20
-8.413966667
 30
0.000000000
 10
46.495716667
 20
-9.666966667
 30
0.000000000
 10
46.429900000
 20
-10.919966667
 30
0.000000000
 10
46.185700000
 20
-12.207533333
 30
0.000000000
 10
45.847175000
 20
-13.625491667
 30
0.000000000
 10
45.508650000
 20
-15.043450000
 30
0.000000000
 10
45.075800000
 20
-16.591800000
 30
0.000000000
 10
42.654700000
 20
-21.056200000
 30
0.000000000
  0
SPLINE
  5
A28
330
A02
100
AcDbEntity
  8
Body
100
AcDbSpline
210
0
220
0
230
1
 70
8
 71
3
 72
47
 73
43
 74
0
 40
0.000000000
 40
0.000000000
 40
0.000000000
 40
0.000000000
 40
1.000000000
 40
1.000000000
 40
1.000000000
 40
2.000000000
 40
2.000000000
 40
2.000000000
 40
3.000000000
 40
3.000000000
 40
3.000000000
 40
4.000000000
 40
4.000000000
 40
4.000000000
 40
5.000000000
 40
5.000000000
 40
5.000000000
 40
6.000000000
 40
6.000000000
 40
6.000000000
 40
7.000000000
 40
7.000000000
 40
7.000000000
 40
8.000000000
 40
8.000000000
 40
8.000000000
 40
9.000000000
 40
9.000000000
 40
9.000000000
 40
10.000000000
 40
10.000000000
 40
10.000000000
 40
11.000000000
 40
11.000000000
 40
11.000000000
 40
12.000000000
 40
12.000000000
 40
12.000000000
 40
13.000000000
 40
13.000000000
 40
13.000000000
 40
14.000000000
 40
14.000000000
 40
14.000000000
 40
14.000000000
 10
-47.636800000
 20
-5.344830000
 30
0.000000000
 10
-50.600704971
 20
-5.110033767
 30
0.000000000
 10
-52.103502485
 20
-4.822366884
 30
0.000000000
 10
-53.156251540
 20
-4.557335741
 30
0.000000000
 10
-54.209000595
 20
-4.292304599
 30
0.000000000
 10
-54.811701191
 20
-4.049909198
 30
0.000000000
 10
-55.329269576
 20
-3.762508488
 30
0.000000000
 10
-55.846837961
 20
-3.475107778
 30
0.000000000
 10
-56.279274135
 20
-3.142701759
 30
0.000000000
 10
-56.334359439
 20
-2.710486689
 30
0.000000000
 10
-56.389444743
 20
-2.278271619
 30
0.000000000
 10
-56.067179175
 20
-1.746247499
 30
0.000000000
 10
-55.281647521
 20
-1.109911490
 30
0.000000000
 10
-54.496115866
 20
-0.473575482
 30
0.000000000
 10
-53.247318123
 20
0.267072416
 30
0.000000000
 10
-51.697992797
 20
0.947519599
 30
0.000000000
 10
-50.148667470
 20
1.627966783
 30
0.000000000
 10
-48.298814560
 20
2.248213252
 30
0.000000000
 10
-45.983850333
 20
2.864951954
 30
0.000000000
 10
-43.668886107
 20
3.481690655
 30
0.000000000
 10
-40.888810563
 20
4.094921589
 30
0.000000000
 10
-38.048199646
 20
4.421901192
 30
0.000000000
 10
-35.207588728
 20
4.748880795
 30
0.000000000
 10
-32.306442436
 20
4.789609067
 30
0.000000000
 10
-29.901300387
 20
4.713559815
 30
0.000000000
 10
-27.496158339
 20
4.637510563
 30
0.000000000
 10
-25.587020534
 20
4.444683786
 30
0.000000000
 10
-24.034552074
 20
4.116702419
 30
0.000000000
 10
-22.482083614
 20
3.788721052
 30
0.000000000
 10
-21.286284499
 20
3.325585094
 30
0.000000000
 10
-20.630857086
 20
2.937593576
 30
0.000000000
 10
-19.975429674
 20
2.549602058
 30
0.000000000
 10
-19.860373964
 20
2.236754979
 30
0.000000000
 10
-19.878436693
 20
1.889105643
 30
0.000000000
 10
-19.896499422
 20
1.541456307
 30
0.000000000
 10
-20.047680591
 20
1.159004713
 30
0.000000000
 10
-20.468067558
 20
0.684055703
 30
0.000000000
 10
-20.888454526
 20
0.209106693
 30
0.000000000
 10
-21.578047293
 20
-0.358339733
 30
0.000000000
 10
-23.085280701
 20
-1.026499970
 30
0.000000000
 10
-24.592514109
 20
-1.694660208
 30
0.000000000
 10
-26.917388158
 20
-2.463534257
 30
0.000000000
 10
-28.008981838
 20
-2.759553675
 30
0.000000000
  0
LINE
  5
A29
330
A02
100
AcDbEntity
  8
Body
100
AcDbLine
 10
-28.008981838
 20
-2.759553675
 30
0.000000000
 11
-27.371700000
 21
-5.118400000
 31
0.000000000
  0
SPLINE
  5
A2A
330
A02
100
AcDbEntity
  8
Body
100
AcDbSpline
210
0
220
0
230
1
 70
8
 71
3
 72
59
 73
55
 74
0
 40
0.000000000
 40
0.000000000
 40
0.000000000
 40
0.000000000
 40
1.000000000
 40
1.000000000
 40
1.000000000
 40
2.000000000
 40
2.000000000
 40
2.000000000
 40
3.000000000
 40
3.000000000
 40
3.000000000
 40
4.000000000
 40
4.000000000
 40
4.000000000
 40
5.000000000
 40
5.000000000
 40
5.000000000
 40
6.000000000
 40
6.000000000
 40
6.000000000
 40
7.000000000
 40
7.000000000
 40
7.000000000
 40
8.000000000
 40
8.000000000
 40
8.000000000
 40
9.000000000
 40
9.000000000
 40
9.000000000
 40
10.000000000
 40
10.000000000
 40
10.000000000
 40
11.000000000
 40
11.000000000
 40
11.000000000
 40
12.000000000
 40
12.000000000
 40
12.000000000
 40
13.000000000
 40
13.000000000
 40
13.000000000
 40
14.000000000
 40
14.000000000
 40
14.000000000
 40
15.000000000
 40
15.000000000
 40
15.000000000
 40
16.000000000
 40
16.000000000
 40
16.000000000
 40
17.000000000
 40
17.000000000
 40
17.000000000
 40
18.000000000
 40
18.000000000
 40
18.000000000
 40
18.000000000
 10
-27.371700000
 20
-5.118400000
 30
0.000000000
 10
-22.129600000
 20
-3.509360000
 30
0.000000000
 10
-20.191305845
 20
-2.170733279
 30
0.000000000
 10
-18.731635546
 20
-1.162613690
 30
0.000000000
 10
-17.271965248
 20
-0.154494101
 30
0.000000000
 10
-16.290918807
 20
0.523118356
 30
0.000000000
 10
-15.711825687
 20
1.444801254
 30
0.000000000
 10
-15.132732568
 20
2.366484152
 30
0.000000000
 10
-14.955592771
 20
3.532237491
 30
0.000000000
 10
-15.010367802
 20
4.742796973
 30
0.000000000
 10
-15.065142833
 20
5.953356454
 30
0.000000000
 10
-15.351832693
 20
7.208722077
 30
0.000000000
 10
-15.886868596
 20
8.449544204
 30
0.000000000
 10
-16.421904498
 20
9.690366332
 30
0.000000000
 10
-17.205286443
 20
10.916644964
 30
0.000000000
 10
-18.365574011
 20
12.413274397
 30
0.000000000
 10
-19.525861578
 20
13.909903831
 30
0.000000000
 10
-21.063054768
 20
15.676884065
 30
0.000000000
 10
-22.937312334
 20
17.318528085
 30
0.000000000
 10
-24.811569900
 20
18.960172106
 30
0.000000000
 10
-27.022891843
 20
20.476479912
 30
0.000000000
 10
-28.955403730
 20
21.501532602
 30
0.000000000
 10
-30.887915618
 20
22.526585291
 30
0.000000000
 10
-32.541617450
 20
23.060382863
 30
0.000000000
 10
-34.351242467
 20
23.417858873
 30
0.000000000
 10
-36.160867485
 20
23.775334882
 30
0.000000000
 10
-38.126415689
 20
23.956489328
 30
0.000000000
 10
-40.397320294
 20
23.681178686
 30
0.000000000
 10
-42.668224899
 20
23.405868045
 30
0.000000000
 10
-45.244485906
 20
22.674092317
 30
0.000000000
 10
-47.732271147
 20
21.310726265
 30
0.000000000
 10
-50.220056387
 20
19.947360214
 30
0.000000000
 10
-52.619365861
 20
17.952403839
 30
0.000000000
 10
-54.588233774
 20
15.835119365
 30
0.000000000
 10
-56.557101686
 20
13.717834890
 30
0.000000000
 10
-58.095528036
 20
11.478222316
 30
0.000000000
 10
-59.236759782
 20
9.213807445
 30
0.000000000
 10
-60.377991527
 20
6.949392574
 30
0.000000000
 10
-61.122028667
 20
4.660175406
 30
0.000000000
 10
-61.423800991
 20
3.009157990
 30
0.000000000
 10
-61.725573314
 20
1.358140575
 30
0.000000000
 10
-61.585080821
 20
0.345322911
 30
0.000000000
 10
-61.518879419
 20
-0.570355611
 30
0.000000000
 10
-61.452678016
 20
-1.486034133
 30
0.000000000
 10
-61.460767704
 20
-2.304573514
 30
0.000000000
 10
-60.859187694
 20
-3.157105946
 30
0.000000000
 10
-60.257607683
 20
-4.009638378
 30
0.000000000
 10
-59.046357973
 20
-4.896163863
 30
0.000000000
 10
-57.731343737
 20
-5.531358010
 30
0.000000000
 10
-56.416329500
 20
-6.166552158
 30
0.000000000
 10
-54.997550737
 20
-6.550414969
 30
0.000000000
 10
-53.286995713
 20
-6.848767483
 30
0.000000000
 10
-51.576440689
 20
-7.147119996
 30
0.000000000
 10
-49.574109405
 20
-7.359962213
 30
0.000000000
 10
-47.751800000
 20
-7.529190000
 30
0.000000000
  0
LINE
  5
A2B
330
A02
100
AcDbEntity
  8
Body
100
AcDbLine
 10
-47.636800000
 20
-5.344830000
 30
0.000000000
 11
-47.751800000
 21
-7.529190000
 31
0.000000000
  0
ARC
  5
A2C
330
A02
100
AcDbEntity
  8
Body
100
AcDbCircle
 10
0.000000000
 20
0.000000000
 30
0.000000000
 40
75.000000000
100
AcDbArc
 50
91.145991998
 51
155.165412510
  0
LINE
  5
A2D
330
A02
100
AcDbEntity
  8
Body
100
AcDbLine
 10
-68.064307827
 20
31.500000000
 30
0.000000000
 11
-19.208331191
 21
31.500000000
 31
0.000000000
  0
ARC
  5
A2E
330
A02
100
AcDbEntity
  8
Body
100
AcDbCircle
 10
-0.000000000
 20
34.000000000
 30
0.000000000
 40
19.370337817
100
AcDbArc
 50
172.584531797
 51
-172.584531797
  0
LINE
  5
A2F
330
A02
100
AcDbEntity
  8
Body
100
AcDbLine
 10
-59.730645401
 20
36.500000000
 30
0.000000000
 11
-19.208331191
 21
36.500000000
 31
0.000000000
  0
ARC
  5
A30
330
A02
100
AcDbEntity
  8
Body
100
AcDbCircle
 10
0.000000000
 20
0.000000000
 30
0.000000000
 40
70.000000000
100
AcDbArc
 50
108.045031292
 51
148.571873885
  0
LINE
  5
A31
330
A02
100
AcDbEntity
  8
Body
100
AcDbLine
 10
-21.683506342
 20
66.556934670
 30
0.000000000
 11
-11.769229105
 21
49.384902776
 31
0.000000000
  0
ARC
  5
A32
330
A02
100
AcDbEntity
  8
Body
100
AcDbCircle
 10
-0.000000000
 20
34.000000000
 30
0.000000000
 40
19.370337817
100
AcDbArc
 50
112.584531797
 51
127.415468203
  0
LINE
  5
A33
330
A02
100
AcDbEntity
  8
Body
100
AcDbLine
 10
-7.439102086
 20
51.884902776
 30
0.000000000
 11
-16.727047610
 21
67.972096321
 31
0.000000000
  0
ARC
  5
A34
330
A02
100
AcDbEntity
  8
Body
100
AcDbCircle
 10
0.000000000
 20
0.000000000
 30
0.000000000
 40
70.000000000
100
AcDbArc
 50
91.227860685
 51
103.825038405
  0
LINE
  5
A35
330
A02
100
AcDbEntity
  8
Body
100
AcDbLine
 10
-1.500000000
 20
74.984998500
 30
0.000000000
 11
-1.500000000
 21
69.983926726
 31
0.000000000
  0
ARC
  5
A36
330
A02
100
AcDbEntity
  8
Body
100
AcDbCircle
 10
0.000000000
 20
0.000000000
 30
0.000000000
 40
67.500000000
100
AcDbArc
 50
121.754060347
 51
126.472875810
  0
LINE
  5
A37
330
A02
100
AcDbEntity
  8
Body
100
AcDbLine
 10
-40.124846415
 20
54.279339533
 30
0.000000000
 11
-17.884902776
 21
41.439102086
 31
0.000000000
  0
ARC
  5
A38
330
A02
100
AcDbEntity
  8
Body
100
AcDbCircle
 10
-0.000000000
 20
34.000000000
 30
0.000000000
 40
19.370337817
100
AcDbArc
 50
142.584531797
 51
157.415468203
  0
LINE
  5
A39
330
A02
100
AcDbEntity
  8
Body
100
AcDbLine
 10
-35.523507403
 20
57.396257908
 30
0.000000000
 11
-15.384902776
 21
45.769229105
 31
0.000000000
  0
ARC
  5
A3A
330
A02
100
AcDbEntity
  8
Body
100
AcDbCircle
 10
-0.000000000
 20
34.000000000
 30
0.000000000
 40
16.400000000
100
AcDbArc
 50
-8.768298144
 51
-171.231701856
  0
LINE
  5
A3B
330
A02
100
AcDbEntity
  8
Body
100
AcDbLine
 10
-16.208331191
 20
31.500000000
 30
0.000000000
 11
16.208331191
 21
31.500000000
 31
0.000000000
  0
LINE
  5
A3C
330
A02
100
AcDbEntity
  8
Body
100
AcDbLine
 10
-2.500000000
 20
67.453687816
 30
0.000000000
 11
-2.500000000
 21
53.208331191
 31
0.000000000
  0
ARC
  5
A3D
330
A02
100
AcDbEntity
  8
Body
100
AcDbCircle
 10
-0.000000000
 20
34.000000000
 30
0.000000000
 40
19.370337817
100
AcDbArc
 50
82.584531797
 51
97.415468203
  0
LINE
  5
A3E
330
A02
100
AcDbEntity
  8
Body
100
AcDbLine
 10
2.500000000
 20
53.208331191
 30
0.000000000
 11
2.500000000
 21
67.453687816
 31
0.000000000
  0
ARC
  5
A3F
330
A02
100
AcDbEntity
  8
Body
100
AcDbCircle
 10
0.000000000
 20
0.000000000
 30
0.000000000
 40
67.500000000
100
AcDbArc
 50
87.877448638
 51
92.122551362
  0
LINE
  5
A40
330
A02
100
AcDbEntity
  8
Body
100
AcDbLine
 10
19.208331191
 20
31.500000000
 30
0.000000000
 11
34.273320180
 21
31.500000000
 31
0.000000000
  0
ARC
  5
A41
330
A02
100
AcDbEntity
  8
Body
100
AcDbCircle
 10
37.930211702
 20
34.328460060
 30
0.000000000
 40
4.623098735
100
AcDbArc
 50
151.984186152
 51
-142.279475170
  0
LINE
  5
A42
330
A02
100
AcDbEntity
  8
Body
100
AcDbLine
 10
19.208331191
 20
36.500000000
 30
0.000000000
 11
33.848857000
 21
36.500000000
 31
0.000000000
  0
ARC
  5
A43
330
A02
100
AcDbEntity
  8
Body
100
AcDbCircle
 10
-0.000000000
 20
34.000000000
 30
0.000000000
 40
19.370337817
100
AcDbArc
 50
-7.415468203
 51
7.415468203
  0
SPLINE
  5
A44
330
A02
100
AcDbEntity
  8
Body
100
AcDbSpline
210
0
220
0
230
1
 70
9
 71
3
 72
119
 73
115
 74
0
 40
0.000000000
 40
0.000000000
 40
0.000000000
 40
0.000000000
 40
1.000000000
 40
1.000000000
 40
1.000000000
 40
2.000000000
 40
2.000000000
 40
2.000000000
 40
3.000000000
 40
3.000000000
 40
3.000000000
 40
4.000000000
 40
4.000000000
 40
4.000000000
 40
5.000000000
 40
5.000000000
 40
5.000000000
 40
6.000000000
 40
6.000000000
 40
6.000000000
 40
7.000000000
 40
7.000000000
 40
7.000000000
 40
8.000000000
 40
8.000000000
 40
8.000000000
 40
9.000000000
 40
9.000000000
 40
9.000000000
 40
10.000000000
 40
10.000000000
 40
10.000000000
 40
11.000000000
 40
11.000000000
 40
11.000000000
 40
12.000000000
 40
12.000000000
 40
12.000000000
 40
13.000000000
 40
13.000000000
 40
13.000000000
 40
14.000000000
 40
14.000000000
 40
14.000000000
 40
15.000000000
 40
15.000000000
 40
15.000000000
 40
16.000000000
 40
16.000000000
 40
16.000000000
 40
17.000000000
 40
17.000000000
 40
17.000000000
 40
18.000000000
 40
18.000000000
 40
18.000000000
 40
19.000000000
 40
19.000000000
 40
19.000000000
 40
20.000000000
 40
20.000000000
 40
20.000000000
 40
21.000000000
 40
21.000000000
 40
21.000000000
 40
22.000000000
 40
22.000000000
 40
22.000000000
 40
23.000000000
 40
23.000000000
 40
23.000000000
 40
24.000000000
 40
24.000000000
 40
24.000000000
 40
25.000000000
 40
25.000000000
 40
25.000000000
 40
26.000000000
 40
26.000000000
 40
26.000000000
 40
27.000000000
 40
27.000000000
 40
27.000000000
 40
28.000000000
 40
28.000000000
 40
28.000000000
 40
29.000000000
 40
29.000000000
 40
29.000000000
 40
30.000000000
 40
30.000000000
 40
30.000000000
 40
31.000000000
 40
31.000000000
 40
31.000000000
 40
32.000000000
 40
32.000000000
 40
32.000000000
 40
33.000000000
 40
33.000000000
 40
33.000000000
 40
34.000000000
 40
34.000000000
 40
34.000000000
 40
35.000000000
 40
35.000000000
 40
35.000000000
 40
36.000000000
 40
36.000000000
 40
36.000000000
 40
37.000000000
 40
37.000000000
 40
37.000000000
 40
38.000000000
 40
38.000000000
 40
38.000000000
 40
38.000000000
 10
36.196526901
 20
35.303536303
 30
0.000000000
 10
36.789490960
 20
36.108765230
 30
0.000000000
 10
37.039841042
 20
36.345993521
 30
0.000000000
 10
37.321733753
 20
36.407885980
 30
0.000000000
 10
37.603626464
 20
36.469778438
 30
0.000000000
 10
37.917061804
 20
36.356335064
 30
0.000000000
 10
38.404773741
 20
36.158323479
 30
0.000000000
 10
38.892485678
 20
35.960311894
 30
0.000000000
 10
39.554474212
 20
35.677732099
 30
0.000000000
 10
40.428615165
 20
35.095546174
 30
0.000000000
 10
41.302756118
 20
34.513360249
 30
0.000000000
 10
42.389049489
 20
33.631568195
 30
0.000000000
 10
43.332566725
 20
32.517067981
 30
0.000000000
 10
44.276083961
 20
31.402567767
 30
0.000000000
 10
45.076825062
 20
30.055359394
 30
0.000000000
 10
45.703829814
 20
28.987332527
 30
0.000000000
 10
46.330834565
 20
27.919305660
 30
0.000000000
 10
46.784102968
 20
27.130460301
 30
0.000000000
 10
47.152100379
 20
26.525779125
 30
0.000000000
 10
47.520097791
 20
25.921097948
 30
0.000000000
 10
47.802824211
 20
25.500580955
 30
0.000000000
 10
48.297390445
 20
25.278661326
 30
0.000000000
 10
48.791956680
 20
25.056741696
 30
0.000000000
 10
49.498362729
 20
25.033419430
 30
0.000000000
 10
50.156409188
 20
24.989420349
 30
0.000000000
 10
50.814455648
 20
24.945421267
 30
0.000000000
 10
51.424142518
 20
24.880745368
 30
0.000000000
 10
52.206507578
 20
24.659165610
 30
0.000000000
 10
52.988872639
 20
24.437585852
 30
0.000000000
 10
53.943915890
 20
24.059102233
 30
0.000000000
 10
54.490284369
 20
23.821006859
 30
0.000000000
 10
55.036652849
 20
23.582911484
 30
0.000000000
 10
55.174346557
 20
23.485204353
 30
0.000000000
 10
55.141758046
 20
23.321754768
 30
0.000000000
 10
55.109169536
 20
23.158305183
 30
0.000000000
 10
54.906298806
 20
22.929113145
 30
0.000000000
 10
54.651412891
 20
22.749473245
 30
0.000000000
 10
54.396526976
 20
22.569833344
 30
0.000000000
 10
54.089625876
 20
22.439745582
 30
0.000000000
 10
53.553492827
 20
22.330175961
 30
0.000000000
 10
53.017359777
 20
22.220606340
 30
0.000000000
 10
52.251994779
 20
22.131554859
 30
0.000000000
 10
51.706901872
 20
22.124454207
 30
0.000000000
 10
51.161808966
 20
22.117353555
 30
0.000000000
 10
50.836988150
 20
22.192203733
 30
0.000000000
 10
50.527505369
 20
22.151222862
 30
0.000000000
 10
50.218022587
 20
22.110241991
 30
0.000000000
 10
49.923877839
 20
21.953430070
 30
0.000000000
 10
49.732301039
 20
21.686537827
 30
0.000000000
 10
49.540724238
 20
21.419645583
 30
0.000000000
 10
49.451715385
 20
21.042673016
 30
0.000000000
 10
49.368876515
 20
20.620176300
 30
0.000000000
 10
49.286037645
 20
20.197679585
 30
0.000000000
 10
49.209368760
 20
19.729658720
 30
0.000000000
 10
49.054681479
 20
19.277925638
 30
0.000000000
 10
48.899994198
 20
18.826192557
 30
0.000000000
 10
48.667288522
 20
18.390747258
 30
0.000000000
 10
48.347731658
 20
18.278360683
 30
0.000000000
 10
48.028174794
 20
18.165974108
 30
0.000000000
 10
47.621766741
 20
18.376646257
 30
0.000000000
 10
47.184623884
 20
18.676131124
 30
0.000000000
 10
46.747481028
 20
18.975615991
 30
0.000000000
 10
46.279603368
 20
19.363913577
 30
0.000000000
 10
45.917263333
 20
19.664321056
 30
0.000000000
 10
45.554923297
 20
19.964728535
 30
0.000000000
 10
45.298120887
 20
20.177245906
 30
0.000000000
 10
44.904923602
 20
20.105507071
 30
0.000000000
 10
44.511726317
 20
20.033768236
 30
0.000000000
 10
43.982134158
 20
19.677773195
 30
0.000000000
 10
43.441944916
 20
19.281140382
 30
0.000000000
 10
42.901755674
 20
18.884507569
 30
0.000000000
 10
42.350969349
 20
18.447236985
 30
0.000000000
 10
41.716818860
 20
18.239944453
 30
0.000000000
 10
41.082668372
 20
18.032651920
 30
0.000000000
 10
40.365153721
 20
18.055337439
 30
0.000000000
 10
39.904462124
 20
18.139285903
 30
0.000000000
 10
39.443770527
 20
18.223234368
 30
0.000000000
 10
39.239901984
 20
18.368445777
 30
0.000000000
 10
39.316095954
 20
18.572871473
 30
0.000000000
 10
39.392289924
 20
18.777297169
 30
0.000000000
 10
39.748546407
 20
19.040937153
 30
0.000000000
 10
40.040205302
 20
19.294775866
 30
0.000000000
 10
40.331864198
 20
19.548614579
 30
0.000000000
 10
40.558925505
 20
19.792652022
 30
0.000000000
 10
40.804629600
 20
20.161536811
 30
0.000000000
 10
41.050333695
 20
20.530421599
 30
0.000000000
 10
41.314680578
 20
21.024153733
 30
0.000000000
 10
41.662503028
 20
21.541575855
 30
0.000000000
 10
42.010325478
 20
22.058997977
 30
0.000000000
 10
42.441623496
 20
22.600110087
 30
0.000000000
 10
42.798760196
 20
22.958751392
 30
0.000000000
 10
43.155896895
 20
23.317392697
 30
0.000000000
 10
43.438872276
 20
23.493563197
 30
0.000000000
 10
43.593603984
 20
23.972871273
 30
0.000000000
 10
43.748335691
 20
24.452179350
 30
0.000000000
 10
43.774823726
 20
25.234625003
 30
0.000000000
 10
43.512400000
 20
26.236100000
 30
0.000000000
 10
43.249976274
 20
27.237574997
 30
0.000000000
 10
42.698640788
 20
28.458079338
 30
0.000000000
 10
42.059592948
 20
29.456752431
 30
0.000000000
 10
41.420545108
 20
30.455425524
 30
0.000000000
 10
40.693784915
 20
31.232267369
 30
0.000000000
 10
39.841604439
 20
31.819743123
 30
0.000000000
 10
38.989423964
 20
32.407218877
 30
0.000000000
 10
38.011823208
 20
32.805328542
 30
0.000000000
 10
37.379411708
 20
33.088962470
 30
0.000000000
 10
36.747000208
 20
33.372596399
 30
0.000000000
 10
36.459777964
 20
33.541754591
 30
0.000000000
 10
36.254456269
 20
33.690047913
 30
0.000000000
 10
36.049134575
 20
33.838341235
 30
0.000000000
 10
35.925713428
 20
33.965769688
 30
0.000000000
 10
35.888371915
 20
34.151882357
 30
0.000000000
 10
35.851030401
 20
34.337995025
 30
0.000000000
 10
35.899768521
 20
34.582791911
 30
0.000000000
 10
36.196526901
 20
35.303536303
 30
0.000000000
  0
LINE
  5
A45
330
A02
100
AcDbEntity
  8
Body
100
AcDbLine
 10
17.884902776
 20
41.439102086
 30
0.000000000
 11
40.124846415
 21
54.279339533
 31
0.000000000
  0
ARC
  5
A46
330
A02
100
AcDbEntity
  8
Body
100
AcDbCircle
 10
0.000000000
 20
0.000000000
 30
0.000000000
 40
67.500000000
100
AcDbArc
 50
53.527124190
 51
58.245939653
  0
LINE
  5
A47
330
A02
100
AcDbEntity
  8
Body
100
AcDbLine
 10
15.384902776
 20
45.769229105
 30
0.000000000
 11
35.523507403
 21
57.396257908
 31
0.000000000
  0
ARC
  5
A48
330
A02
100
AcDbEntity
  8
Body
100
AcDbCircle
 10
-0.000000000
 20
34.000000000
 30
0.000000000
 40
19.370337817
100
AcDbArc
 50
22.584531797
 51
37.415468203
  0
LINE
  5
A49
330
A02
100
AcDbEntity
  8
Body
100
AcDbLine
 10
47.473320180
 20
31.500000000
 30
0.000000000
 11
68.064307827
 21
31.500000000
 31
0.000000000
  0
ARC
  5
A4A
330
A02
100
AcDbEntity
  8
Body
100
AcDbCircle
 10
0.000000000
 20
0.000000000
 30
0.000000000
 40
75.000000000
100
AcDbArc
 50
24.834587490
 51
88.854008002
  0
LINE
  5
A4B
330
A02
100
AcDbEntity
  8
Body
100
AcDbLine
 10
1.500000000
 20
74.984998500
 30
0.000000000
 11
1.500000000
 21
69.983926726
 31
0.000000000
  0
ARC
  5
A4C
330
A02
100
AcDbEntity
  8
Body
100
AcDbCircle
 10
0.000000000
 20
0.000000000
 30
0.000000000
 40
70.000000000
100
AcDbArc
 50
76.174961595
 51
88.772139315
  0
LINE
  5
A4D
330
A02
100
AcDbEntity
  8
Body
100
AcDbLine
 10
16.727047610
 20
67.972096321
 30
0.000000000
 11
7.439102086
 21
51.884902776
 31
0.000000000
  0
ARC
  5
A4E
330
A02
100
AcDbEntity
  8
Body
100
AcDbCircle
 10
-0.000000000
 20
34.000000000
 30
0.000000000
 40
19.370337817
100
AcDbArc
 50
52.584531797
 51
67.415468203
  0
LINE
  5
A4F
330
A02
100
AcDbEntity
  8
Body
100
AcDbLine
 10
11.769229105
 20
49.384902776
 30
0.000000000
 11
21.683506342
 21
66.556934670
 31
0.000000000
  0
ARC
  5
A50
330
A02
100
AcDbEntity
  8
Body
100
AcDbCircle
 10
0.000000000
 20
0.000000000
 30
0.000000000
 40
70.000000000
100
AcDbArc
 50
31.428126115
 51
71.954968708
  0
LINE
  5
A51
330
A02
100
AcDbEntity
  8
Body
100
AcDbLine
 10
43.148857000
 20
36.500000000
 30
0.000000000
 11
59.730645401
 21
36.500000000
 31
0.000000000
  0
ARC
  5
A52
330
A02
100
AcDbEntity
  8
Body
100
AcDbCircle
 10
35.441816626
 20
25.464139354
 30
0.000000000
 40
13.460634886
100
AcDbArc
 50
26.641609047
 51
55.070964020
  0
LINE
  5
A53
330
A02
100
AcDbEntity
  8
Body
100
AcDbLine
 10
-125.000000000
 20
-125.000000000
 30
1.000000000
 11
125.000000000
 21
-125.000000000
 31
1.000000000
  0
LINE
  5
A54
330
A02
100
AcDbEntity
  8
Body
100
AcDbLine
 10
-125.000000000
 20
125.000000000
 30
1.000000000
 11
-125.000000000
 21
-125.000000000
 31
1.000000000
  0
LINE
  5
A55
330
A02
100
AcDbEntity
  8
Body
100
AcDbLine
 10
125.000000000
 20
-125.000000000
 30
1.000000000
 11
125.000000000
 21
125.000000000
 31
1.000000000
  0
LINE
  5
A56
330
A02
100
AcDbEntity
  8
Body
100
AcDbLine
 10
125.000000000
 20
125.000000000
 30
1.000000000
 11
-125.000000000
 21
125.000000000
 31
1.000000000
  0
SPLINE
  5
A57
330
A02
100
AcDbEntity
  8
Body
100
AcDbSpline
210
0
220
0
230
1
 70
8
 71
3
 72
86
 73
82
 74
0
 40
0.000000000
 40
0.000000000
 40
0.000000000
 40
0.000000000
 40
0.023159793
 40
0.023159793
 40
0.023159793
 40
0.049153761
 40
0.049153761
 40
0.049153761
 40
0.114547369
 40
0.114547369
 40
0.114547369
 40
0.180802422
 40
0.180802422
 40
0.180802422
 40
0.243837325
 40
0.243837325
 40
0.243837325
 40
0.288531205
 40
0.288531205
 40
0.288531205
 40
0.333445849
 40
0.333445849
 40
0.333445849
 40
0.382872232
 40
0.382872232
 40
0.382872232
 40
0.449673423
 40
0.449673423
 40
0.449673423
 40
0.475006415
 40
0.475006415
 40
0.475006415
 40
0.491174691
 40
0.491174691
 40
0.491174691
 40
0.501482128
 40
0.501482128
 40
0.501482128
 40
0.505020725
 40
0.505020725
 40
0.505020725
 40
0.512665686
 40
0.512665686
 40
0.512665686
 40
0.519147398
 40
0.519147398
 40
0.519147398
 40
0.529150516
 40
0.529150516
 40
0.529150516
 40
0.546839818
 40
0.546839818
 40
0.546839818
 40
0.558819721
 40
0.558819721
 40
0.558819721
 40
0.573530878
 40
0.573530878
 40
0.573530878
 40
0.599661920
 40
0.599661920
 40
0.599661920
 40
0.619684498
 40
0.619684498
 40
0.619684498
 40
0.686262581
 40
0.686262581
 40
0.686262581
 40
0.726980238
 40
0.726980238
 40
0.726980238
 40
0.747088185
 40
0.747088185
 40
0.747088185
 40
0.831860552
 40
0.831860552
 40
0.831860552
 40
0.899731422
 40
0.899731422
 40
0.899731422
 40
1.000000000
 40
1.000000000
 40
1.000000000
 40
1.000000000
 10
-10.707600000
 20
-55.377200000
 30
1.000000000
 10
-10.637871254
 20
-54.591794023
 30
1.000000000
 10
-10.636895072
 20
-53.800178423
 30
1.000000000
 10
-10.670412685
 20
-53.011153640
 30
1.000000000
 10
-10.710642432
 20
-52.124455895
 30
1.000000000
 10
-10.795032431
 20
-51.241729251
 30
1.000000000
 10
-10.923582684
 20
-50.362973710
 30
1.000000000
 10
-11.245514845
 20
-48.155441406
 30
1.000000000
 10
-11.826042446
 20
-45.977998690
 30
1.000000000
 10
-12.737478783
 20
-43.940315586
 30
1.000000000
 10
-13.657238587
 20
-41.875500930
 30
1.000000000
 10
-14.918939269
 20
-39.965369455
 30
1.000000000
 10
-16.453355039
 20
-38.307535931
 30
1.000000000
 10
-17.911905713
 20
-36.729176857
 30
1.000000000
 10
-19.608052536
 20
-35.372047368
 30
1.000000000
 10
-21.464269644
 20
-34.292123193
 30
1.000000000
 10
-22.780316762
 20
-33.525858993
 30
1.000000000
 10
-24.177588303
 20
-32.901399343
 30
1.000000000
 10
-25.622648511
 20
-32.423719905
 30
1.000000000
 10
-27.074919930
 20
-31.942708574
 30
1.000000000
 10
-28.573651307
 20
-31.608531280
 30
1.000000000
 10
-30.087442081
 20
-31.394217653
 30
1.000000000
 10
-31.753835293
 20
-31.158375009
 30
1.000000000
 10
-33.438454986
 20
-31.064761895
 30
1.000000000
 10
-35.119161258
 20
-31.076877289
 30
1.000000000
 10
-37.390716364
 20
-31.091673858
 30
1.000000000
 10
-39.658976394
 20
-31.311732257
 30
1.000000000
 10
-41.883399585
 20
-31.642493723
 30
1.000000000
 10
-42.725474870
 20
-31.766012839
 30
1.000000000
 10
-43.564969350
 20
-31.904794963
 30
1.000000000
 10
-44.374601048
 20
-32.036235822
 30
1.000000000
 10
-44.889822020
 20
-32.120567655
 30
1.000000000
 10
-45.391453460
 20
-32.196352618
 30
1.000000000
 10
-45.842427193
 20
-32.270107206
 30
1.000000000
 10
-46.127286962
 20
-32.319458187
 30
1.000000000
 10
-46.401835740
 20
-32.364343913
 30
1.000000000
 10
-46.605714388
 20
-32.452672492
 30
1.000000000
 10
-46.676104087
 20
-32.482865196
 30
1.000000000
 10
-46.731483794
 20
-32.522116274
 30
1.000000000
 10
-46.771853509
 20
-32.570425728
 30
1.000000000
 10
-46.860858414
 20
-32.674725980
 30
1.000000000
 10
-46.827074268
 20
-32.844252375
 30
1.000000000
 10
-46.734811384
 20
-33.025125773
 30
1.000000000
 10
-46.658267248
 20
-33.178678240
 30
1.000000000
 10
-46.552617294
 20
-33.339399288
 30
1.000000000
 10
-46.442370518
 20
-33.501507293
 30
1.000000000
 10
-46.270751894
 20
-33.752242649
 30
1.000000000
 10
-46.084330321
 20
-34.008189757
 30
1.000000000
 10
-45.904008728
 20
-34.270416363
 30
1.000000000
 10
-45.583340041
 20
-34.733980848
 30
1.000000000
 10
-45.282651438
 20
-35.220584752
 30
1.000000000
 10
-45.040006985
 20
-35.740216405
 30
1.000000000
 10
-44.876097456
 20
-36.092584897
 30
1.000000000
 10
-44.732499448
 20
-36.456299701
 30
1.000000000
 10
-44.609212961
 20
-36.831360818
 30
1.000000000
 10
-44.458742713
 20
-37.292256385
 30
1.000000000
 10
-44.320572751
 20
-37.760837820
 30
1.000000000
 10
-44.194703075
 20
-38.237105122
 30
1.000000000
 10
-43.967411865
 20
-39.081211792
 30
1.000000000
 10
-43.752282552
 20
-39.936167353
 30
1.000000000
 10
-43.522462868
 20
-40.788790411
 30
1.000000000
 10
-43.347823017
 20
-41.442826693
 30
1.000000000
 10
-43.162839935
 20
-42.094724573
 30
1.000000000
 10
-42.967513622
 20
-42.744484051
 30
1.000000000
 10
-42.316391163
 20
-44.902241302
 30
1.000000000
 10
-41.510877516
 20
-47.027666539
 30
1.000000000
 10
-40.402821915
 20
-48.997417410
 30
1.000000000
 10
-39.726768130
 20
-50.201218800
 30
1.000000000
 10
-38.932461994
 20
-51.341762037
 30
1.000000000
 10
-38.003959052
 20
-52.367849520
 30
1.000000000
 10
-37.545315198
 20
-52.875086791
 30
1.000000000
 10
-37.058296459
 20
-53.354278555
 30
1.000000000
 10
-36.542902837
 20
-53.805424813
 30
1.000000000
 10
-34.369788846
 20
-55.707775397
 30
1.000000000
 10
-31.763885747
 20
-57.097469633
 30
1.000000000
 10
-29.014064209
 20
-58.000161127
 30
1.000000000
 10
-26.809366014
 20
-58.724352058
 30
1.000000000
 10
-24.503177268
 20
-59.138314263
 30
1.000000000
 10
-22.182878917
 20
-59.253149897
 30
1.000000000
 10
-18.750602629
 20
-59.426505860
 30
1.000000000
 10
-15.308301594
 20
-58.948777252
 30
1.000000000
 10
-11.986400000
 20
-58.087200000
 30
1.000000000
  0
SPLINE
  5
A58
330
A02
100
AcDbEntity
  8
Body
100
AcDbSpline
210
0
220
0
230
1
 70
8
 71
3
 72
74
 73
70
 74
0
 40
0.000000000
 40
0.000000000
 40
0.000000000
 40
0.000000000
 40
0.083421078
 40
0.083421078
 40
0.083421078
 40
0.162908786
 40
0.162908786
 40
0.162908786
 40
0.175267147
 40
0.175267147
 40
0.175267147
 40
0.254471794
 40
0.254471794
 40
0.254471794
 40
0.274601129
 40
0.274601129
 40
0.274601129
 40
0.294029342
 40
0.294029342
 40
0.294029342
 40
0.377631007
 40
0.377631007
 40
0.377631007
 40
0.411883902
 40
0.411883902
 40
0.411883902
 40
0.421471287
 40
0.421471287
 40
0.421471287
 40
0.430444259
 40
0.430444259
 40
0.430444259
 40
0.445043185
 40
0.445043185
 40
0.445043185
 40
0.451115733
 40
0.451115733
 40
0.451115733
 40
0.459779533
 40
0.459779533
 40
0.459779533
 40
0.466634222
 40
0.466634222
 40
0.466634222
 40
0.479544835
 40
0.479544835
 40
0.479544835
 40
0.496270006
 40
0.496270006
 40
0.496270006
 40
0.537886061
 40
0.537886061
 40
0.537886061
 40
0.574914640
 40
0.574914640
 40
0.574914640
 40
0.619352909
 40
0.619352909
 40
0.619352909
 40
0.631349012
 40
0.631349012
 40
0.631349012
 40
0.754945714
 40
0.754945714
 40
0.754945714
 40
0.853873708
 40
0.853873708
 40
0.853873708
 40
1.000000000
 40
1.000000000
 40
1.000000000
 40
1.000000000
 10
-11.986400000
 20
-58.087200000
 30
1.000000000
 10
-13.317982077
 20
-56.499459203
 30
1.000000000
 10
-14.771347682
 20
-55.016890390
 30
1.000000000
 10
-16.275593548
 20
-53.592480608
 30
1.000000000
 10
-17.710650498
 20
-52.236115179
 30
1.000000000
 10
-19.196899335
 20
-50.934771784
 30
1.000000000
 10
-20.711660156
 20
-49.671086103
 30
1.000000000
 10
-20.947348308
 20
-49.474572427
 30
1.000000000
 10
-21.178134547
 20
-49.283526354
 30
1.000000000
 10
-21.404018872
 20
-49.097947883
 30
1.000000000
 10
-22.850892437
 20
-47.908846985
 30
1.000000000
 10
-24.323496004
 20
-46.754153989
 30
1.000000000
 10
-25.834237742
 20
-45.659904356
 30
1.000000000
 10
-26.218130769
 20
-45.381742245
 30
1.000000000
 10
-26.604289557
 20
-45.107309464
 30
1.000000000
 10
-26.992714105
 20
-44.836606011
 30
1.000000000
 10
-27.366836413
 20
-44.576066389
 30
1.000000000
 10
-27.733359041
 20
-44.324809952
 30
1.000000000
 10
-28.092281987
 20
-44.082836701
 30
1.000000000
 10
-29.639468795
 20
-43.039329733
 30
1.000000000
 10
-31.215130273
 20
-42.035868592
 30
1.000000000
 10
-32.798866645
 20
-41.087738119
 30
1.000000000
 10
-33.446170065
 20
-40.699191688
 30
1.000000000
 10
-34.099305071
 20
-40.326546181
 30
1.000000000
 10
-34.726239327
 20
-39.954410840
 30
1.000000000
 10
-34.901816556
 20
-39.850281926
 30
1.000000000
 10
-35.072762222
 20
-39.744598396
 30
1.000000000
 10
-35.239076325
 20
-39.637360250
 30
1.000000000
 10
-35.395103296
 20
-39.535770560
 30
1.000000000
 10
-35.524676150
 20
-39.445286258
 30
1.000000000
 10
-35.642912943
 20
-39.352112182
 30
1.000000000
 10
-35.835343108
 20
-39.200195284
 30
1.000000000
 10
-36.008976995
 20
-39.032943169
 30
1.000000000
 10
-36.105564200
 20
-38.868067211
 30
1.000000000
 10
-36.146406706
 20
-38.798708266
 30
1.000000000
 10
-36.168143918
 20
-38.734740128
 30
1.000000000
 10
-36.170775836
 20
-38.676162797
 30
1.000000000
 10
-36.171778541
 20
-38.593771800
 30
1.000000000
 10
-36.130330781
 20
-38.540790305
 30
1.000000000
 10
-36.046432553
 20
-38.517218312
 30
1.000000000
 10
-35.979617140
 20
-38.500293657
 30
1.000000000
 10
-35.898952515
 20
-38.497736918
 30
1.000000000
 10
-35.804438680
 20
-38.509548096
 30
1.000000000
 10
-35.629233750
 20
-38.529940237
 30
1.000000000
 10
-35.429528731
 20
-38.583354652
 30
1.000000000
 10
-35.226826059
 20
-38.646197213
 30
1.000000000
 10
-34.961889617
 20
-38.730412770
 30
1.000000000
 10
-34.692317599
 20
-38.828156994
 30
1.000000000
 10
-34.418110006
 20
-38.939429886
 30
1.000000000
 10
-33.737617233
 20
-39.213695682
 30
1.000000000
 10
-33.050668792
 20
-39.536817322
 30
1.000000000
 10
-32.368555536
 20
-39.875573576
 30
1.000000000
 10
-31.761143089
 20
-40.178967810
 30
1.000000000
 10
-31.155975312
 20
-40.493766744
 30
1.000000000
 10
-30.553052205
 20
-40.819970377
 30
1.000000000
 10
-29.829546926
 20
-41.211039226
 30
1.000000000
 10
-29.109274389
 20
-41.612252711
 30
1.000000000
 10
-28.392234593
 20
-42.023610833
 30
1.000000000
 10
-28.198714895
 20
-42.134419699
 30
1.000000000
 10
-28.001842870
 20
-42.247979008
 30
1.000000000
 10
-27.801618520
 20
-42.364288762
 30
1.000000000
 10
-25.735451515
 20
-43.559491360
 30
1.000000000
 10
-23.718686375
 20
-44.864338695
 30
1.000000000
 10
-21.762791860
 20
-46.262070592
 30
1.000000000
 10
-20.196104477
 20
-47.380766256
 30
1.000000000
 10
-18.665518627
 20
-48.550907567
 30
1.000000000
 10
-17.171034310
 20
-49.772494523
 30
1.000000000
 10
-14.962079209
 20
-51.572991661
 30
1.000000000
 10
-12.818865374
 20
-53.457611923
 30
1.000000000
 10
-10.707600000
 20
-55.377200000
 30
1.000000000
  0
ARC
  5
A59
330
A02
100
AcDbEntity
  8
Body
100
AcDbCircle
 10
0.000000000
 20
0.000000000
 30
1.000000000
 40
75.000000000
100
AcDbArc
 50
157.666317342
 51
-91.145991998
  0
LINE
  5
A5A
330
A02
100
AcDbEntity
  8
Body
100
AcDbLine
 10
-1.500000000
 20
-69.983926726
 30
1.000000000
 11
-1.500000000
 21
-74.984998500
 31
1.000000000
  0
ARC
  5
A5B
330
A02
100
AcDbEntity
  8
Body
100
AcDbCircle
 10
0.000000000
 20
0.000000000
 30
1.000000000
 40
70.000000000
100
AcDbArc
 50
155.974520527
 51
-91.227860685
  0
LINE
  5
A5C
330
A02
100
AcDbEntity
  8
Body
100
AcDbLine
 10
-69.373986479
 20
28.500000000
 30
1.000000000
 11
-63.935514388
 21
28.500000000
 31
1.000000000
  0
SPLINE
  5
A5D
330
A02
100
AcDbEntity
  8
Body
100
AcDbSpline
210
0
220
0
230
1
 70
9
 71
3
 72
140
 73
136
 74
0
 40
0.000000000
 40
0.000000000
 40
0.000000000
 40
0.000000000
 40
0.021470632
 40
0.021470632
 40
0.021470632
 40
0.032464896
 40
0.032464896
 40
0.032464896
 40
0.036057456
 40
0.036057456
 40
0.036057456
 40
0.046840818
 40
0.046840818
 40
0.046840818
 40
0.057138266
 40
0.057138266
 40
0.057138266
 40
0.063292821
 40
0.063292821
 40
0.063292821
 40
0.070036077
 40
0.070036077
 40
0.070036077
 40
0.087402887
 40
0.087402887
 40
0.087402887
 40
0.105046971
 40
0.105046971
 40
0.105046971
 40
0.133714125
 40
0.133714125
 40
0.133714125
 40
0.150746365
 40
0.150746365
 40
0.150746365
 40
0.179040888
 40
0.179040888
 40
0.179040888
 40
0.190227184
 40
0.190227184
 40
0.190227184
 40
0.196903471
 40
0.196903471
 40
0.196903471
 40
0.203909457
 40
0.203909457
 40
0.203909457
 40
0.218020308
 40
0.218020308
 40
0.218020308
 40
0.222479992
 40
0.222479992
 40
0.222479992
 40
0.226748020
 40
0.226748020
 40
0.226748020
 40
0.240694330
 40
0.240694330
 40
0.240694330
 40
0.250585642
 40
0.250585642
 40
0.250585642
 40
0.262474195
 40
0.262474195
 40
0.262474195
 40
0.283162557
 40
0.283162557
 40
0.283162557
 40
0.309058989
 40
0.309058989
 40
0.309058989
 40
0.326466354
 40
0.326466354
 40
0.326466354
 40
0.353592806
 40
0.353592806
 40
0.353592806
 40
0.368290658
 40
0.368290658
 40
0.368290658
 40
0.429317853
 40
0.429317853
 40
0.429317853
 40
0.439155702
 40
0.439155702
 40
0.439155702
 40
0.468136838
 40
0.468136838
 40
0.468136838
 40
0.497803358
 40
0.497803358
 40
0.497803358
 40
0.523721230
 40
0.523721230
 40
0.523721230
 40
0.555456167
 40
0.555456167
 40
0.555456167
 40
0.576946362
 40
0.576946362
 40
0.576946362
 40
0.622628815
 40
0.622628815
 40
0.622628815
 40
0.636390275
 40
0.636390275
 40
0.636390275
 40
0.692035279
 40
0.692035279
 40
0.692035279
 40
0.730630226
 40
0.730630226
 40
0.730630226
 40
0.758460189
 40
0.758460189
 40
0.758460189
 40
0.784934948
 40
0.784934948
 40
0.784934948
 40
0.814235939
 40
0.814235939
 40
0.814235939
 40
0.824973168
 40
0.824973168
 40
0.824973168
 40
0.873584736
 40
0.873584736
 40
0.873584736
 40
0.902304914
 40
0.902304914
 40
0.902304914
 40
0.932216272
 40
0.932216272
 40
0.932216272
 40
1.000000000
 40
1.000000000
 40
1.000000000
 40
1.000000000
 10
-44.646972924
 20
-5.097981757
 30
1.000000000
 10
-44.671926691
 20
-4.324054619
 30
1.000000000
 10
-44.703023581
 20
-3.556507330
 30
1.000000000
 10
-44.740263594
 20
-2.795339890
 30
1.000000000
 10
-44.757533011
 20
-2.407160892
 30
1.000000000
 10
-44.777964743
 20
-2.021177930
 30
1.000000000
 10
-44.779201377
 20
-1.649495752
 30
1.000000000
 10
-44.779350112
 20
-1.528809608
 30
1.000000000
 10
-44.776347388
 20
-1.419882773
 30
1.000000000
 10
-44.770193205
 20
-1.322715249
 30
1.000000000
 10
-44.751520092
 20
-1.031278851
 30
1.000000000
 10
-44.700669473
 20
-0.816379960
 30
1.000000000
 10
-44.603097273
 20
-0.631242055
 30
1.000000000
 10
-44.510521802
 20
-0.454476449
 30
1.000000000
 10
-44.369821113
 20
-0.307262027
 30
1.000000000
 10
-44.206616017
 20
-0.175335271
 30
1.000000000
 10
-44.109531841
 20
-0.097122236
 30
1.000000000
 10
-43.996695824
 20
-0.015554662
 30
1.000000000
 10
-43.868107968
 20
0.069367451
 30
1.000000000
 10
-43.726379435
 20
0.163184793
 30
1.000000000
 10
-43.580623153
 20
0.255591201
 30
1.000000000
 10
-43.430839123
 20
0.346586673
 30
1.000000000
 10
-43.044476170
 20
0.582036281
 30
1.000000000
 10
-42.642500626
 20
0.800433960
 30
1.000000000
 10
-42.224912491
 20
1.001779711
 30
1.000000000
 10
-41.801631255
 20
1.205120760
 30
1.000000000
 10
-41.333958606
 20
1.402093792
 30
1.000000000
 10
-40.835130998
 20
1.568990686
 30
1.000000000
 10
-40.024217545
 20
1.839424826
 30
1.000000000
 10
-39.181225660
 20
2.019828670
 30
1.000000000
 10
-38.330319480
 20
2.125296394
 30
1.000000000
 10
-37.822334453
 20
2.187854411
 30
1.000000000
 10
-37.317461464
 20
2.221805338
 30
1.000000000
 10
-36.815700512
 20
2.227149175
 30
1.000000000
 10
-35.986436153
 20
2.234539198
 30
1.000000000
 10
-35.155600282
 20
2.167865186
 30
1.000000000
 10
-34.351134103
 20
2.003333095
 30
1.000000000
 10
-34.032243218
 20
1.937480815
 30
1.000000000
 10
-33.738215214
 20
1.859223066
 30
1.000000000
 10
-33.469050088
 20
1.768559848
 30
1.000000000
 10
-33.308871548
 20
1.714700621
 30
1.000000000
 10
-33.152425305
 20
1.653997095
 30
1.000000000
 10
-32.999711359
 20
1.586449271
 30
1.000000000
 10
-32.839764968
 20
1.515216322
 30
1.000000000
 10
-32.692738181
 20
1.440616574
 30
1.000000000
 10
-32.558630998
 20
1.362650028
 30
1.000000000
 10
-32.288785071
 20
1.206319059
 30
1.000000000
 10
-32.039644377
 20
1.022003399
 30
1.000000000
 10
-31.835270766
 20
0.811052969
 30
1.000000000
 10
-31.770861875
 20
0.744302472
 30
1.000000000
 10
-31.714152147
 20
0.678620075
 30
1.000000000
 10
-31.665141583
 20
0.614005776
 30
1.000000000
 10
-31.618024230
 20
0.552361244
 30
1.000000000
 10
-31.576188014
 20
0.489087552
 30
1.000000000
 10
-31.539632935
 20
0.424184700
 30
1.000000000
 10
-31.419039368
 20
0.212526954
 30
1.000000000
 10
-31.369601240
 20
-0.021806946
 30
1.000000000
 10
-31.334600091
 20
-0.277344526
 30
1.000000000
 10
-31.311270612
 20
-0.458891563
 30
1.000000000
 10
-31.288244495
 20
-0.647336864
 30
1.000000000
 10
-31.265521740
 20
-0.842680431
 30
1.000000000
 10
-31.236910204
 20
-1.077244918
 30
1.000000000
 10
-31.198010588
 20
-1.352017302
 30
1.000000000
 10
-31.148822893
 20
-1.666997583
 30
1.000000000
 10
-31.061926980
 20
-2.215504340
 30
1.000000000
 10
-30.960593506
 20
-2.767833514
 30
1.000000000
 10
-30.844822471
 20
-3.323985102
 30
1.000000000
 10
-30.700315528
 20
-4.019545575
 30
1.000000000
 10
-30.536843613
 20
-4.714148478
 30
1.000000000
 10
-30.354406728
 20
-5.407793810
 30
1.000000000
 10
-30.231886524
 20
-5.873758788
 30
1.000000000
 10
-30.100849074
 20
-6.338092986
 30
1.000000000
 10
-29.961294380
 20
-6.800796404
 30
1.000000000
 10
-29.743995983
 20
-7.522078259
 30
1.000000000
 10
-29.505131658
 20
-8.237235002
 30
1.000000000
 10
-29.244701405
 20
-8.946266634
 30
1.000000000
 10
-29.102814257
 20
-9.330386780
 30
1.000000000
 10
-28.953557138
 20
-9.718379347
 30
1.000000000
 10
-28.796930048
 20
-10.110244333
 30
1.000000000
 10
-28.149534711
 20
-11.736170674
 30
1.000000000
 10
-27.442516228
 20
-13.342843448
 30
1.000000000
 10
-26.892055790
 20
-15.005761948
 30
1.000000000
 10
-26.803348832
 20
-15.273728482
 30
1.000000000
 10
-26.719724047
 20
-15.541464672
 30
1.000000000
 10
-26.641181435
 20
-15.808970519
 30
1.000000000
 10
-26.410306227
 20
-16.596831780
 30
1.000000000
 10
-26.222080313
 20
-17.397831354
 30
1.000000000
 10
-26.104439619
 20
-18.209847856
 30
1.000000000
 10
-25.984102777
 20
-19.040886224
 30
1.000000000
 10
-25.940206995
 20
-19.869262604
 30
1.000000000
 10
-25.996519445
 20
-20.694886063
 30
1.000000000
 10
-26.045668571
 20
-21.415505352
 30
1.000000000
 10
-26.170984714
 20
-22.132172797
 30
1.000000000
 10
-26.388651299
 20
-22.821130134
 30
1.000000000
 10
-26.654146605
 20
-23.664309644
 30
1.000000000
 10
-27.063038143
 20
-24.465305656
 30
1.000000000
 10
-27.616905152
 20
-25.156604177
 30
1.000000000
 10
-27.994457090
 20
-25.625061352
 30
1.000000000
 10
-28.434210056
 20
-26.051931967
 30
1.000000000
 10
-28.936164052
 20
-26.437216022
 30
1.000000000
 10
-29.999135028
 20
-27.254341502
 30
1.000000000
 10
-31.226035487
 20
-27.844273017
 30
1.000000000
 10
-32.500077958
 20
-28.256465132
 30
1.000000000
 10
-32.884823510
 20
-28.380141465
 30
1.000000000
 10
-33.272740627
 20
-28.486615912
 30
1.000000000
 10
-33.663829309
 20
-28.575888471
 30
1.000000000
 10
-35.242769489
 20
-28.937401461
 30
1.000000000
 10
-36.889748150
 20
-29.023604565
 30
1.000000000
 10
-38.491810202
 20
-28.839859857
 30
1.000000000
 10
-39.600041394
 20
-28.712360425
 30
1.000000000
 10
-40.699710792
 20
-28.459930861
 30
1.000000000
 10
-41.726425767
 20
-28.021544546
 30
1.000000000
 10
-42.465398212
 20
-27.705693491
 30
1.000000000
 10
-43.164570259
 20
-27.289588560
 30
1.000000000
 10
-43.770299979
 20
-26.760368532
 30
1.000000000
 10
-44.346269880
 20
-26.257562691
 30
1.000000000
 10
-44.838151069
 20
-25.653732952
 30
1.000000000
 10
-45.233494852
 20
-24.977551517
 30
1.000000000
 10
-45.671546989
 20
-24.226929685
 30
1.000000000
 10
-45.980539439
 20
-23.412236437
 30
1.000000000
 10
-46.164504691
 20
-22.552988922
 30
1.000000000
 10
-46.231858580
 20
-22.237198839
 30
1.000000000
 10
-46.281582679
 20
-21.918580608
 30
1.000000000
 10
-46.313676986
 20
-21.597134231
 30
1.000000000
 10
-46.456489974
 20
-20.139690370
 30
1.000000000
 10
-46.259959951
 20
-18.673438543
 30
1.000000000
 10
-46.006326930
 20
-17.234562879
 30
1.000000000
 10
-45.854458279
 20
-16.381707347
 30
1.000000000
 10
-45.670317226
 20
-15.504113706
 30
1.000000000
 10
-45.487694969
 20
-14.593096790
 30
1.000000000
 10
-45.296325292
 20
-13.641461479
 30
1.000000000
 10
-45.124452885
 20
-12.684062200
 30
1.000000000
 10
-44.997731756
 20
-11.718394580
 30
1.000000000
 10
-44.707302462
 20
-9.530078117
 30
1.000000000
 10
-44.629796305
 20
-7.312003193
 30
1.000000000
 10
-44.646972924
 20
-5.097981757
 30
1.000000000
  0
SPLINE
  5
A5E
330
A02
100
AcDbEntity
  8
Body
100
AcDbSpline
210
0
220
0
230
1
 70
8
 71
3
 72
89
 73
85
 74
0
 40
0.000000000
 40
0.000000000
 40
0.000000000
 40
0.000000000
 40
0.096392087
 40
0.096392087
 40
0.096392087
 40
0.137712636
 40
0.137712636
 40
0.137712636
 40
0.182646361
 40
0.182646361
 40
0.182646361
 40
0.264026152
 40
0.264026152
 40
0.264026152
 40
0.317715121
 40
0.317715121
 40
0.317715121
 40
0.384411973
 40
0.384411973
 40
0.384411973
 40
0.397904298
 40
0.397904298
 40
0.397904298
 40
0.411641744
 40
0.411641744
 40
0.411641744
 40
0.447914236
 40
0.447914236
 40
0.447914236
 40
0.458389090
 40
0.458389090
 40
0.458389090
 40
0.467036649
 40
0.467036649
 40
0.467036649
 40
0.475982577
 40
0.475982577
 40
0.475982577
 40
0.481647014
 40
0.481647014
 40
0.481647014
 40
0.490592198
 40
0.490592198
 40
0.490592198
 40
0.495332561
 40
0.495332561
 40
0.495332561
 40
0.500645083
 40
0.500645083
 40
0.500645083
 40
0.529719204
 40
0.529719204
 40
0.529719204
 40
0.547779256
 40
0.547779256
 40
0.547779256
 40
0.564573613
 40
0.564573613
 40
0.564573613
 40
0.599899142
 40
0.599899142
 40
0.599899142
 40
0.617884427
 40
0.617884427
 40
0.617884427
 40
0.643583124
 40
0.643583124
 40
0.643583124
 40
0.699097665
 40
0.699097665
 40
0.699097665
 40
0.776746771
 40
0.776746771
 40
0.776746771
 40
0.872408389
 40
0.872408389
 40
0.872408389
 40
0.887611406
 40
0.887611406
 40
0.887611406
 40
0.904334712
 40
0.904334712
 40
0.904334712
 40
1.000000000
 40
1.000000000
 40
1.000000000
 40
1.000000000
 10
-17.086100000
 20
-33.539800000
 30
1.000000000
 10
-15.949032722
 20
-30.823937008
 30
1.000000000
 10
-14.517041113
 20
-28.246004770
 30
1.000000000
 10
-12.987234267
 20
-25.741661063
 30
1.000000000
 10
-12.333299740
 20
-24.666257615
 30
1.000000000
 10
-11.665800794
 20
-23.600171062
 30
1.000000000
 10
-10.984737430
 20
-22.543401403
 30
1.000000000
 10
-10.243770734
 20
-21.394487494
 30
1.000000000
 10
-9.486275779
 20
-20.257074903
 30
1.000000000
 10
-8.712252566
 20
-19.131163629
 30
1.000000000
 10
-7.311416968
 20
-17.091463101
 30
1.000000000
 10
-5.856133442
 20
-15.088668607
 30
1.000000000
 10
-4.319484141
 20
-13.147240737
 30
1.000000000
 10
-3.305862713
 20
-11.866383670
 30
1.000000000
 10
-2.259789183
 20
-10.610668015
 30
1.000000000
 10
-1.203135046
 20
-9.366489036
 30
1.000000000
 10
0.111621144
 20
-7.822570900
 30
1.000000000
 10
1.435045761
 20
-6.289702222
 30
1.000000000
 10
2.751999727
 20
-4.769425232
 30
1.000000000
 10
3.018818807
 20
-4.463010523
 30
1.000000000
 10
3.285637886
 20
-4.156595813
 30
1.000000000
 10
3.552456965
 20
-3.850181104
 30
1.000000000
 10
3.824004627
 20
-3.539433799
 30
1.000000000
 10
4.085702749
 20
-3.241262552
 30
1.000000000
 10
4.337551333
 20
-2.955667362
 30
1.000000000
 10
4.999439669
 20
-2.202397834
 30
1.000000000
 10
5.674804094
 20
-1.453045958
 30
1.000000000
 10
6.299616186
 20
-0.717387054
 30
1.000000000
 10
6.477928034
 20
-0.505900832
 30
1.000000000
 10
6.616284045
 20
-0.333773245
 30
1.000000000
 10
6.714684218
 20
-0.201004294
 30
1.000000000
 10
6.796685129
 20
-0.090609549
 30
1.000000000
 10
6.870476149
 20
0.016900628
 30
1.000000000
 10
6.917162103
 20
0.106817898
 30
1.000000000
 10
6.966221923
 20
0.201868581
 30
1.000000000
 10
6.978158444
 20
0.266837837
 30
1.000000000
 10
6.952971667
 20
0.301725667
 30
1.000000000
 10
6.939247433
 20
0.325382281
 30
1.000000000
 10
6.911097520
 20
0.334678992
 30
1.000000000
 10
6.868521929
 20
0.329615800
 30
1.000000000
 10
6.800646417
 20
0.320519624
 30
1.000000000
 10
6.695260862
 20
0.267636902
 30
1.000000000
 10
6.582422233
 20
0.198892489
 30
1.000000000
 10
6.522719713
 20
0.162677673
 30
1.000000000
 10
6.452953370
 20
0.117083677
 30
1.000000000
 10
6.373123205
 20
0.062110500
 30
1.000000000
 10
6.283125480
 20
-0.000181731
 30
1.000000000
 10
6.191765579
 20
-0.065903829
 30
1.000000000
 10
6.099043504
 20
-0.135055794
 30
1.000000000
 10
5.591058375
 20
-0.515287186
 30
1.000000000
 10
5.073544610
 20
-0.936951121
 30
1.000000000
 10
4.560946219
 20
-1.357594567
 30
1.000000000
 10
4.241986711
 20
-1.620311533
 30
1.000000000
 10
3.923895134
 20
-1.885184355
 30
1.000000000
 10
3.606671488
 20
-2.152213032
 30
1.000000000
 10
3.313187304
 20
-2.398459504
 30
1.000000000
 10
3.016106283
 20
-2.651712259
 30
1.000000000
 10
2.715428426
 20
-2.911971298
 30
1.000000000
 10
2.079459190
 20
-3.462761563
 30
1.000000000
 10
1.455638412
 20
-4.033704549
 30
1.000000000
 10
0.843966093
 20
-4.624800256
 30
1.000000000
 10
0.533228853
 20
-4.924743889
 30
1.000000000
 10
0.202442984
 20
-5.252638931
 30
1.000000000
 10
-0.148391515
 20
-5.608485384
 30
1.000000000
 10
-0.649132411
 20
-6.117634546
 30
1.000000000
 10
-1.144865090
 20
-6.633104570
 30
1.000000000
 10
-1.635589555
 20
-7.154895457
 30
1.000000000
 10
-2.695490883
 20
-8.282693467
 30
1.000000000
 10
-3.739832417
 20
-9.425726493
 30
1.000000000
 10
-4.768614156
 20
-10.583994535
 30
1.000000000
 10
-6.208287062
 20
-12.202079701
 30
1.000000000
 10
-7.611908081
 20
-13.852402851
 30
1.000000000
 10
-8.940647430
 20
-15.564901355
 30
1.000000000
 10
-10.578713195
 20
-17.673632394
 30
1.000000000
 10
-12.105577558
 20
-19.871112478
 30
1.000000000
 10
-13.585429971
 20
-22.103629962
 30
1.000000000
 10
-13.820346497
 20
-22.457951473
 30
1.000000000
 10
-14.059657593
 20
-22.822065002
 30
1.000000000
 10
-14.303363257
 20
-23.195970547
 30
1.000000000
 10
-14.571381758
 20
-23.607144852
 30
1.000000000
 10
-14.846619507
 20
-24.034177996
 30
1.000000000
 10
-15.129076504
 20
-24.477069979
 30
1.000000000
 10
-16.747233354
 20
-27.014445600
 30
1.000000000
 10
-18.289355120
 20
-29.606733432
 30
1.000000000
 10
-19.790800000
 20
-32.224000000
 30
1.000000000
  0
SPLINE
  5
A5F
330
A02
100
AcDbEntity
  8
Body
100
AcDbSpline
210
0
220
0
230
1
 70
8
 71
3
 72
215
 73
211
 74
0
 40
0.000000000
 40
0.000000000
 40
0.000000000
 40
0.000000000
 40
0.007660880
 40
0.007660880
 40
0.007660880
 40
0.015321761
 40
0.015321761
 40
0.015321761
 40
0.022175053
 40
0.022175053
 40
0.022175053
 40
0.028877764
 40
0.028877764
 40
0.028877764
 40
0.048289225
 40
0.048289225
 40
0.048289225
 40
0.054856031
 40
0.054856031
 40
0.054856031
 40
0.061548878
 40
0.061548878
 40
0.061548878
 40
0.077594225
 40
0.077594225
 40
0.077594225
 40
0.095886421
 40
0.095886421
 40
0.095886421
 40
0.110435030
 40
0.110435030
 40
0.110435030
 40
0.116793508
 40
0.116793508
 40
0.116793508
 40
0.123746450
 40
0.123746450
 40
0.123746450
 40
0.136107238
 40
0.136107238
 40
0.136107238
 40
0.144784352
 40
0.144784352
 40
0.144784352
 40
0.153596974
 40
0.153596974
 40
0.153596974
 40
0.169634799
 40
0.169634799
 40
0.169634799
 40
0.174638079
 40
0.174638079
 40
0.174638079
 40
0.188985925
 40
0.188985925
 40
0.188985925
 40
0.194170619
 40
0.194170619
 40
0.194170619
 40
0.214806753
 40
0.214806753
 40
0.214806753
 40
0.219862942
 40
0.219862942
 40
0.219862942
 40
0.237697375
 40
0.237697375
 40
0.237697375
 40
0.244386486
 40
0.244386486
 40
0.244386486
 40
0.249293564
 40
0.249293564
 40
0.249293564
 40
0.266044839
 40
0.266044839
 40
0.266044839
 40
0.271628597
 40
0.271628597
 40
0.271628597
 40
0.278709401
 40
0.278709401
 40
0.278709401
 40
0.294267388
 40
0.294267388
 40
0.294267388
 40
0.304580113
 40
0.304580113
 40
0.304580113
 40
0.308710897
 40
0.308710897
 40
0.308710897
 40
0.316608954
 40
0.316608954
 40
0.316608954
 40
0.325536853
 40
0.325536853
 40
0.325536853
 40
0.344285324
 40
0.344285324
 40
0.344285324
 40
0.372645120
 40
0.372645120
 40
0.372645120
 40
0.400737060
 40
0.400737060
 40
0.400737060
 40
0.410066483
 40
0.410066483
 40
0.410066483
 40
0.420330786
 40
0.420330786
 40
0.420330786
 40
0.435727916
 40
0.435727916
 40
0.435727916
 40
0.441718092
 40
0.441718092
 40
0.441718092
 40
0.464983516
 40
0.464983516
 40
0.464983516
 40
0.480456252
 40
0.480456252
 40
0.480456252
 40
0.498997526
 40
0.498997526
 40
0.498997526
 40
0.510102584
 40
0.510102584
 40
0.510102584
 40
0.525791209
 40
0.525791209
 40
0.525791209
 40
0.544782870
 40
0.544782870
 40
0.544782870
 40
0.553040134
 40
0.553040134
 40
0.553040134
 40
0.561554042
 40
0.561554042
 40
0.561554042
 40
0.580489264
 40
0.580489264
 40
0.580489264
 40
0.588985340
 40
0.588985340
 40
0.588985340
 40
0.604179716
 40
0.604179716
 40
0.604179716
 40
0.613876257
 40
0.613876257
 40
0.613876257
 40
0.624689297
 40
0.624689297
 40
0.624689297
 40
0.653981978
 40
0.653981978
 40
0.653981978
 40
0.687526441
 40
0.687526441
 40
0.687526441
 40
0.724735514
 40
0.724735514
 40
0.724735514
 40
0.740102687
 40
0.740102687
 40
0.740102687
 40
0.750464338
 40
0.750464338
 40
0.750464338
 40
0.783176107
 40
0.783176107
 40
0.783176107
 40
0.793130179
 40
0.793130179
 40
0.793130179
 40
0.817863241
 40
0.817863241
 40
0.817863241
 40
0.827827877
 40
0.827827877
 40
0.827827877
 40
0.838699148
 40
0.838699148
 40
0.838699148
 40
0.848664479
 40
0.848664479
 40
0.848664479
 40
0.862944636
 40
0.862944636
 40
0.862944636
 40
0.875155557
 40
0.875155557
 40
0.875155557
 40
0.893471938
 40
0.893471938
 40
0.893471938
 40
0.915653876
 40
0.915653876
 40
0.915653876
 40
0.931467909
 40
0.931467909
 40
0.931467909
 40
0.965733954
 40
0.965733954
 40
0.965733954
 40
1.000000000
 40
1.000000000
 40
1.000000000
 40
1.000000000
 10
-19.790800000
 20
-32.224000000
 30
1.000000000
 10
-20.122619211
 20
-31.777547983
 30
1.000000000
 10
-20.386739577
 20
-31.283596811
 30
1.000000000
 10
-20.611315944
 20
-30.773666542
 30
1.000000000
 10
-20.832686037
 20
-30.261459625
 30
1.000000000
 10
-21.021937028
 20
-29.737143326
 30
1.000000000
 10
-21.179068915
 20
-29.200717645
 30
1.000000000
 10
-21.321316589
 20
-28.719326708
 30
1.000000000
 10
-21.447049226
 20
-28.234220023
 30
1.000000000
 10
-21.556266826
 20
-27.745397590
 30
1.000000000
 10
-21.662895076
 20
-27.269428365
 30
1.000000000
 10
-21.759732168
 20
-26.791804830
 30
1.000000000
 10
-21.846778102
 20
-26.312526984
 30
1.000000000
 10
-22.102308968
 20
-24.925739342
 30
1.000000000
 10
-22.288391957
 20
-23.528986726
 30
1.000000000
 10
-22.334963019
 20
-22.123984571
 30
1.000000000
 10
-22.351206690
 20
-21.648750319
 30
1.000000000
 10
-22.353146082
 20
-21.173200514
 30
1.000000000
 10
-22.340781194
 20
-20.697335155
 30
1.000000000
 10
-22.328901484
 20
-20.212857255
 30
1.000000000
 10
-22.300665244
 20
-19.715484971
 30
1.000000000
 10
-22.256072472
 20
-19.205218302
 30
1.000000000
 10
-22.145769206
 20
-17.978826022
 30
1.000000000
 10
-21.944960775
 20
-16.764907131
 30
1.000000000
 10
-21.653647179
 20
-15.563461629
 30
1.000000000
 10
-21.327254694
 20
-14.200776876
 30
1.000000000
 10
-20.846066065
 20
-12.694764551
 30
1.000000000
 10
-20.266617940
 20
-11.209605385
 30
1.000000000
 10
-19.805525357
 20
-10.029621526
 30
1.000000000
 10
-19.289809097
 20
-8.870026352
 30
1.000000000
 10
-18.704500098
 20
-7.747643211
 30
1.000000000
 10
-18.448704399
 20
-7.256937347
 30
1.000000000
 10
-18.177611521
 20
-6.775219218
 30
1.000000000
 10
-17.891221462
 20
-6.302488824
 30
1.000000000
 10
-17.578323676
 20
-5.787242532
 30
1.000000000
 10
-17.253083056
 20
-5.294559147
 30
1.000000000
 10
-16.915499604
 20
-4.824438668
 30
1.000000000
 10
-16.314315594
 20
-3.986419272
 30
1.000000000
 10
-15.668598672
 20
-3.207711633
 30
1.000000000
 10
-14.958709853
 20
-2.445655590
 30
1.000000000
 10
-14.459333206
 20
-1.911255187
 30
1.000000000
 10
-13.942070446
 20
-1.394323743
 30
1.000000000
 10
-13.406921572
 20
-0.894861257
 30
1.000000000
 10
-12.861950574
 20
-0.385557688
 30
1.000000000
 10
-12.303282684
 20
0.106519050
 30
1.000000000
 10
-11.730917903
 20
0.581368956
 30
1.000000000
 10
-10.693109743
 20
1.441790437
 30
1.000000000
 10
-9.613404377
 20
2.252152623
 30
1.000000000
 10
-8.486854640
 20
2.986378552
 30
1.000000000
 10
-8.135848126
 20
3.214833125
 30
1.000000000
 10
-7.785242193
 20
3.432466553
 30
1.000000000
 10
-7.435036842
 20
3.639278836
 30
1.000000000
 10
-6.429415165
 20
4.234306019
 30
1.000000000
 10
-5.385572848
 20
4.761517628
 30
1.000000000
 10
-4.318287050
 20
5.239311455
 30
1.000000000
 10
-3.932658295
 20
5.412220292
 30
1.000000000
 10
-3.535636791
 20
5.582989074
 30
1.000000000
 10
-3.127222538
 20
5.751617801
 30
1.000000000
 10
-1.501776517
 20
6.422111457
 30
1.000000000
 10
0.164281326
 20
7.001044318
 30
1.000000000
 10
1.854647939
 20
7.500914806
 30
1.000000000
 10
2.269046556
 20
7.623375540
 30
1.000000000
 10
2.689667527
 20
7.742348163
 30
1.000000000
 10
3.116510851
 20
7.857832675
 30
1.000000000
 10
4.622390976
 20
8.262144866
 30
1.000000000
 10
6.139384921
 20
8.618879679
 30
1.000000000
 10
7.667492687
 20
8.928037115
 30
1.000000000
 10
8.241214170
 20
9.044812159
 30
1.000000000
 10
8.804284138
 20
9.153559112
 30
1.000000000
 10
9.356702589
 20
9.254277973
 30
1.000000000
 10
9.761205274
 20
9.328098386
 30
1.000000000
 10
10.166046198
 20
9.398867544
 30
1.000000000
 10
10.571225361
 20
9.466585446
 30
1.000000000
 10
11.954284707
 20
9.697842948
 30
1.000000000
 10
13.205989339
 20
9.872126769
 30
1.000000000
 10
14.191072685
 20
9.996140522
 30
1.000000000
 10
14.520268780
 20
10.037437060
 30
1.000000000
 10
14.817335350
 20
10.073272175
 30
1.000000000
 10
15.082272397
 20
10.103645868
 30
1.000000000
 10
15.418816826
 20
10.143236300
 30
1.000000000
 10
15.747744680
 20
10.178059793
 30
1.000000000
 10
16.069055960
 20
10.208116348
 30
1.000000000
 10
16.768269676
 20
10.269609583
 30
1.000000000
 10
16.893117315
 20
10.230596773
 30
1.000000000
 10
16.966440313
 20
10.090379199
 30
1.000000000
 10
17.010363700
 20
9.996309467
 30
1.000000000
 10
16.997733323
 20
9.847992456
 30
1.000000000
 10
16.971710739
 20
9.679213350
 30
1.000000000
 10
16.961093231
 20
9.611891985
 30
1.000000000
 10
16.947290262
 20
9.535365686
 30
1.000000000
 10
16.930301831
 20
9.449634452
 30
1.000000000
 10
16.897005338
 20
9.284130754
 30
1.000000000
 10
16.861008771
 20
9.111981880
 30
1.000000000
 10
16.822312131
 20
8.933187830
 30
1.000000000
 10
16.778754511
 20
8.730480532
 30
1.000000000
 10
16.730525100
 20
8.507034717
 30
1.000000000
 10
16.677623897
 20
8.262850386
 30
1.000000000
 10
16.567573816
 20
7.753884111
 30
1.000000000
 10
16.443484140
 20
7.177528909
 30
1.000000000
 10
16.332914224
 20
6.634799326
 30
1.000000000
 10
16.165271589
 20
5.814022790
 30
1.000000000
 10
16.016204311
 20
4.997359976
 30
1.000000000
 10
15.952595992
 20
4.165462170
 30
1.000000000
 10
15.889563103
 20
3.341461813
 30
1.000000000
 10
15.901241489
 20
2.507399786
 30
1.000000000
 10
15.937595596
 20
1.682762666
 30
1.000000000
 10
15.950456241
 20
1.409211176
 30
1.000000000
 10
15.965005776
 20
1.135956814
 30
1.000000000
 10
15.981244202
 20
0.862999581
 30
1.000000000
 10
15.998303941
 20
0.562032795
 30
1.000000000
 10
16.015378566
 20
0.247089554
 30
1.000000000
 10
16.028236098
 20
-0.118409213
 30
1.000000000
 10
16.047482365
 20
-0.665836445
 30
1.000000000
 10
16.057406117
 20
-1.330503368
 30
1.000000000
 10
16.043275759
 20
-2.226442767
 30
1.000000000
 10
16.037945387
 20
-2.574199816
 30
1.000000000
 10
16.027930141
 20
-2.948095875
 30
1.000000000
 10
16.013230022
 20
-3.348130943
 30
1.000000000
 10
15.954230454
 20
-4.897660790
 30
1.000000000
 10
15.830804198
 20
-6.453034959
 30
1.000000000
 10
15.605431936
 20
-7.994096475
 30
1.000000000
 10
15.455317291
 20
-9.016338185
 30
1.000000000
 10
15.254698443
 20
-10.046253005
 30
1.000000000
 10
15.027316386
 20
-11.025572182
 30
1.000000000
 10
14.754926258
 20
-12.198885435
 30
1.000000000
 10
14.444242704
 20
-13.300231199
 30
1.000000000
 10
14.135151251
 20
-14.240203332
 30
1.000000000
 10
13.950818741
 20
-14.804018717
 30
1.000000000
 10
13.747764298
 20
-15.358260796
 30
1.000000000
 10
13.525987923
 20
-15.902929567
 30
1.000000000
 10
13.211608430
 20
-16.671093996
 30
1.000000000
 10
12.911917765
 20
-17.276034088
 30
1.000000000
 10
12.643028181
 20
-17.765531493
 30
1.000000000
 10
12.315948683
 20
-18.357036462
 30
1.000000000
 10
12.045031984
 20
-18.786675787
 30
1.000000000
 10
11.802094386
 20
-19.101605914
 30
1.000000000
 10
11.696747486
 20
-19.237815421
 30
1.000000000
 10
11.595057508
 20
-19.353964530
 30
1.000000000
 10
11.497024450
 20
-19.450053241
 30
1.000000000
 10
11.395666236
 20
-19.550503363
 30
1.000000000
 10
11.288886250
 20
-19.636444714
 30
1.000000000
 10
11.176684492
 20
-19.707877294
 30
1.000000000
 10
10.927683256
 20
-19.867228253
 30
1.000000000
 10
10.641439492
 20
-19.934090790
 30
1.000000000
 10
10.323892886
 20
-19.982249918
 30
1.000000000
 10
10.182954573
 20
-20.003001997
 30
1.000000000
 10
10.022880685
 20
-20.024623098
 30
1.000000000
 10
9.843671221
 20
-20.047113220
 30
1.000000000
 10
9.518365736
 20
-20.087695786
 30
1.000000000
 10
9.185323531
 20
-20.148041521
 30
1.000000000
 10
8.844544607
 20
-20.228150426
 30
1.000000000
 10
8.629155164
 20
-20.278804085
 30
1.000000000
 10
8.388120556
 20
-20.345874480
 30
1.000000000
 10
8.121440782
 20
-20.429361611
 30
1.000000000
 10
7.823033049
 20
-20.524105033
 30
1.000000000
 10
7.526206925
 20
-20.629403299
 30
1.000000000
 10
7.230962410
 20
-20.745256409
 30
1.000000000
 10
6.429871010
 20
-21.060611640
 30
1.000000000
 10
5.648018762
 20
-21.425197597
 30
1.000000000
 10
4.885405664
 20
-21.839014279
 30
1.000000000
 10
4.014121745
 20
-22.311974190
 30
1.000000000
 10
3.148219005
 20
-22.865010025
 30
1.000000000
 10
2.447914297
 20
-23.459412089
 30
1.000000000
 10
1.667863339
 20
-24.117546569
 30
1.000000000
 10
0.998103406
 20
-24.894964614
 30
1.000000000
 10
0.432638527
 20
-25.732824284
 30
1.000000000
 10
0.199774307
 20
-26.079879628
 30
1.000000000
 10
-0.011127912
 20
-26.417498319
 30
1.000000000
 10
-0.200068129
 20
-26.745680356
 30
1.000000000
 10
-0.328430826
 20
-26.966110090
 30
1.000000000
 10
-0.453234774
 20
-27.187744526
 30
1.000000000
 10
-0.574479974
 20
-27.410583665
 30
1.000000000
 10
-0.957118717
 20
-28.113922316
 30
1.000000000
 10
-1.250351210
 20
-28.730967417
 30
1.000000000
 10
-1.461272034
 20
-29.217234723
 30
1.000000000
 10
-1.525416900
 20
-29.365407724
 30
1.000000000
 10
-1.582063287
 20
-29.500892176
 30
1.000000000
 10
-1.631211197
 20
-29.623688081
 30
1.000000000
 10
-1.754519614
 20
-29.927974012
 30
1.000000000
 10
-1.856244799
 20
-30.224080092
 30
1.000000000
 10
-1.942175014
 20
-30.467638846
 30
1.000000000
 10
-1.976283052
 20
-30.564429900
 30
1.000000000
 10
-2.009959848
 20
-30.648250779
 30
1.000000000
 10
-2.043205404
 20
-30.719101482
 30
1.000000000
 10
-2.080730346
 20
-30.797702610
 30
1.000000000
 10
-2.122633612
 20
-30.865294941
 30
1.000000000
 10
-2.201258483
 20
-30.935475819
 30
1.000000000
 10
-2.273331281
 20
-30.999808289
 30
1.000000000
 10
-2.376260426
 20
-31.066315858
 30
1.000000000
 10
-2.534958481
 20
-31.145471942
 30
1.000000000
 10
-2.763599044
 20
-31.258599228
 30
1.000000000
 10
-3.023369836
 20
-31.361825118
 30
1.000000000
 10
-3.285763955
 20
-31.463271208
 30
1.000000000
 10
-3.511549400
 20
-31.550400696
 30
1.000000000
 10
-3.778200965
 20
-31.647798790
 30
1.000000000
 10
-4.085718653
 20
-31.755465492
 30
1.000000000
 10
-4.547926447
 20
-31.917961685
 30
1.000000000
 10
-5.093701648
 20
-32.094596980
 30
1.000000000
 10
-5.723044255
 20
-32.285371379
 30
1.000000000
 10
-6.483830060
 20
-32.513988243
 30
1.000000000
 10
-7.251713209
 20
-32.724439386
 30
1.000000000
 10
-8.026693703
 20
-32.916724808
 30
1.000000000
 10
-8.578599588
 20
-33.055527610
 30
1.000000000
 10
-9.134090335
 20
-33.180863326
 30
1.000000000
 10
-9.693165946
 20
-33.292731958
 30
1.000000000
 10
-10.904776529
 20
-33.533407940
 30
1.000000000
 10
-12.136918664
 20
-33.684740587
 30
1.000000000
 10
-13.374953522
 20
-33.724353053
 30
1.000000000
 10
-14.612816869
 20
-33.765454869
 30
1.000000000
 10
-15.856289407
 20
-33.698335774
 30
1.000000000
 10
-17.086100000
 20
-33.539800000
 30
1.000000000
  0
SPLINE
  5
A60
330
A02
100
AcDbEntity
  8
Body
100
AcDbSpline
210
0
220
0
230
1
 70
9
 71
3
 72
230
 73
226
 74
0
 40
0.000000000
 40
0.000000000
 40
0.000000000
 40
0.000000000
 40
0.019208390
 40
0.019208390
 40
0.019208390
 40
0.030942506
 40
0.030942506
 40
0.030942506
 40
0.041600357
 40
0.041600357
 40
0.041600357
 40
0.055215532
 40
0.055215532
 40
0.055215532
 40
0.088832425
 40
0.088832425
 40
0.088832425
 40
0.118466764
 40
0.118466764
 40
0.118466764
 40
0.149383713
 40
0.149383713
 40
0.149383713
 40
0.156120169
 40
0.156120169
 40
0.156120169
 40
0.167110316
 40
0.167110316
 40
0.167110316
 40
0.179153614
 40
0.179153614
 40
0.179153614
 40
0.185730344
 40
0.185730344
 40
0.185730344
 40
0.196691559
 40
0.196691559
 40
0.196691559
 40
0.208716290
 40
0.208716290
 40
0.208716290
 40
0.221855582
 40
0.221855582
 40
0.221855582
 40
0.234237405
 40
0.234237405
 40
0.234237405
 40
0.242949422
 40
0.242949422
 40
0.242949422
 40
0.252382145
 40
0.252382145
 40
0.252382145
 40
0.268362976
 40
0.268362976
 40
0.268362976
 40
0.289872343
 40
0.289872343
 40
0.289872343
 40
0.300625664
 40
0.300625664
 40
0.300625664
 40
0.312356962
 40
0.312356962
 40
0.312356962
 40
0.322133740
 40
0.322133740
 40
0.322133740
 40
0.332888063
 40
0.332888063
 40
0.332888063
 40
0.344077293
 40
0.344077293
 40
0.344077293
 40
0.355769380
 40
0.355769380
 40
0.355769380
 40
0.383246392
 40
0.383246392
 40
0.383246392
 40
0.414899883
 40
0.414899883
 40
0.414899883
 40
0.426169442
 40
0.426169442
 40
0.426169442
 40
0.445309869
 40
0.445309869
 40
0.445309869
 40
0.471622264
 40
0.471622264
 40
0.471622264
 40
0.479575684
 40
0.479575684
 40
0.479575684
 40
0.491442125
 40
0.491442125
 40
0.491442125
 40
0.503308244
 40
0.503308244
 40
0.503308244
 40
0.527030333
 40
0.527030333
 40
0.527030333
 40
0.539964599
 40
0.539964599
 40
0.539964599
 40
0.552386931
 40
0.552386931
 40
0.552386931
 40
0.567332615
 40
0.567332615
 40
0.567332615
 40
0.576985424
 40
0.576985424
 40
0.576985424
 40
0.587965843
 40
0.587965843
 40
0.587965843
 40
0.604352775
 40
0.604352775
 40
0.604352775
 40
0.622536498
 40
0.622536498
 40
0.622536498
 40
0.634310509
 40
0.634310509
 40
0.634310509
 40
0.655717573
 40
0.655717573
 40
0.655717573
 40
0.662560817
 40
0.662560817
 40
0.662560817
 40
0.674700677
 40
0.674700677
 40
0.674700677
 40
0.689169831
 40
0.689169831
 40
0.689169831
 40
0.720342421
 40
0.720342421
 40
0.720342421
 40
0.751515949
 40
0.751515949
 40
0.751515949
 40
0.764262869
 40
0.764262869
 40
0.764262869
 40
0.783471003
 40
0.783471003
 40
0.783471003
 40
0.791945680
 40
0.791945680
 40
0.791945680
 40
0.801128382
 40
0.801128382
 40
0.801128382
 40
0.811458948
 40
0.811458948
 40
0.811458948
 40
0.827015225
 40
0.827015225
 40
0.827015225
 40
0.842086634
 40
0.842086634
 40
0.842086634
 40
0.857102705
 40
0.857102705
 40
0.857102705
 40
0.873398051
 40
0.873398051
 40
0.873398051
 40
0.884263715
 40
0.884263715
 40
0.884263715
 40
0.895272931
 40
0.895272931
 40
0.895272931
 40
0.902724800
 40
0.902724800
 40
0.902724800
 40
0.930719024
 40
0.930719024
 40
0.930719024
 40
0.942913805
 40
0.942913805
 40
0.942913805
 40
0.947626896
 40
0.947626896
 40
0.947626896
 40
0.951671873
 40
0.951671873
 40
0.951671873
 40
0.958106624
 40
0.958106624
 40
0.958106624
 40
0.966470635
 40
0.966470635
 40
0.966470635
 40
0.974820161
 40
0.974820161
 40
0.974820161
 40
0.978798037
 40
0.978798037
 40
0.978798037
 40
0.984948296
 40
0.984948296
 40
0.984948296
 40
0.987598582
 40
0.987598582
 40
0.987598582
 40
0.990052402
 40
0.990052402
 40
0.990052402
 40
0.993137919
 40
0.993137919
 40
0.993137919
 40
0.995468952
 40
0.995468952
 40
0.995468952
 40
0.996583616
 40
0.996583616
 40
0.996583616
 40
1.000000000
 40
1.000000000
 40
1.000000000
 40
1.000000000
 10
18.239894824
 20
-15.702938485
 30
1.000000000
 10
18.890981530
 20
-15.251994917
 30
1.000000000
 10
19.195120280
 20
-15.087039220
 30
1.000000000
 10
19.401354046
 20
-15.052842380
 30
1.000000000
 10
19.526211660
 20
-15.034606104
 30
1.000000000
 10
19.620350206
 20
-15.051958075
 30
1.000000000
 10
19.720838299
 20
-15.114255687
 30
1.000000000
 10
19.811423942
 20
-15.172620198
 30
1.000000000
 10
19.904129676
 20
-15.275194929
 30
1.000000000
 10
20.018326468
 20
-15.448180641
 30
1.000000000
 10
20.163705278
 20
-15.670609551
 30
1.000000000
 10
20.304207839
 20
-15.934283547
 30
1.000000000
 10
20.442529768
 20
-16.201557463
 30
1.000000000
 10
20.783041783
 20
-16.864548305
 30
1.000000000
 10
21.215957088
 20
-17.818057035
 30
1.000000000
 10
21.495892488
 20
-18.730808076
 30
1.000000000
 10
21.743907248
 20
-19.535580358
 30
1.000000000
 10
21.894025564
 20
-20.363252134
 30
1.000000000
 10
22.008481159
 20
-21.180570090
 30
1.000000000
 10
22.124744024
 20
-22.034655324
 30
1.000000000
 10
22.245492050
 20
-22.866258421
 30
1.000000000
 10
22.250723823
 20
-23.692889035
 30
1.000000000
 10
22.250905041
 20
-23.873379530
 30
1.000000000
 10
22.247223145
 20
-24.053128554
 30
1.000000000
 10
22.239678137
 20
-24.232136107
 30
1.000000000
 10
22.228637532
 20
-24.523729105
 30
1.000000000
 10
22.214201344
 20
-24.794924280
 30
1.000000000
 10
22.220293041
 20
-25.010247799
 30
1.000000000
 10
22.227030323
 20
-25.248467108
 30
1.000000000
 10
22.258478156
 20
-25.413266038
 30
1.000000000
 10
22.346779454
 20
-25.473828241
 30
1.000000000
 10
22.394061414
 20
-25.507537162
 30
1.000000000
 10
22.460917296
 20
-25.518370854
 30
1.000000000
 10
22.547347100
 20
-25.506329317
 30
1.000000000
 10
22.692863941
 20
-25.487928259
 30
1.000000000
 10
22.900088619
 20
-25.414325755
 30
1.000000000
 10
23.193473907
 20
-25.313324668
 30
1.000000000
 10
23.512801874
 20
-25.201678234
 30
1.000000000
 10
23.957194879
 20
-25.060209844
 30
1.000000000
 10
24.468122616
 20
-24.911371779
 30
1.000000000
 10
25.024236282
 20
-24.748804031
 30
1.000000000
 10
25.653761417
 20
-24.576554013
 30
1.000000000
 10
26.263321653
 20
-24.421017004
 30
1.000000000
 10
26.837680726
 20
-24.271862873
 30
1.000000000
 10
27.412347276
 20
-24.139255126
 30
1.000000000
 10
27.987321303
 20
-24.023193764
 30
1.000000000
 10
28.391078500
 20
-23.943173834
 30
1.000000000
 10
28.780949484
 20
-23.881879610
 30
1.000000000
 10
29.156934253
 20
-23.839311091
 30
1.000000000
 10
29.565476746
 20
-23.792664339
 30
1.000000000
 10
29.974150166
 20
-23.772996350
 30
1.000000000
 10
30.382954516
 20
-23.780307124
 30
1.000000000
 10
31.075159085
 20
-23.793090093
 30
1.000000000
 10
31.763300151
 20
-23.892335783
 30
1.000000000
 10
32.440676369
 20
-24.054999700
 30
1.000000000
 10
33.352661329
 20
-24.273119851
 30
1.000000000
 10
34.324048658
 20
-24.616370544
 30
1.000000000
 10
35.283269797
 20
-25.216170105
 30
1.000000000
 10
35.764944729
 20
-25.518322438
 30
1.000000000
 10
36.237628928
 20
-25.879988678
 30
1.000000000
 10
36.701322396
 20
-26.301168825
 30
1.000000000
 10
37.204889668
 20
-26.757941034
 30
1.000000000
 10
37.690293024
 20
-27.276694367
 30
1.000000000
 10
38.141241344
 20
-27.838078975
 30
1.000000000
 10
38.518504616
 20
-28.305117075
 30
1.000000000
 10
38.867386679
 20
-28.803159998
 30
1.000000000
 10
39.187887533
 20
-29.332207745
 30
1.000000000
 10
39.540777966
 20
-29.913957765
 30
1.000000000
 10
39.848120981
 20
-30.539785491
 30
1.000000000
 10
40.109916579
 20
-31.209690923
 30
1.000000000
 10
40.379397026
 20
-31.910230187
 30
1.000000000
 10
40.585002667
 20
-32.630574501
 30
1.000000000
 10
40.726733502
 20
-33.370723864
 30
1.000000000
 10
40.877021610
 20
-34.141093674
 30
1.000000000
 10
40.967246316
 20
-34.965056117
 30
1.000000000
 10
40.997407620
 20
-35.842611190
 30
1.000000000
 10
41.063114916
 20
-37.907785425
 30
1.000000000
 10
40.796864315
 20
-39.984996998
 30
1.000000000
 10
40.295009816
 20
-41.998879004
 30
1.000000000
 10
39.718780501
 20
-44.315479401
 30
1.000000000
 10
38.714722254
 20
-46.819490409
 30
1.000000000
 10
37.603344229
 20
-48.899579554
 30
1.000000000
 10
37.208570393
 20
-49.641135022
 30
1.000000000
 10
36.778574789
 20
-50.360407034
 30
1.000000000
 10
36.313357417
 20
-51.057395590
 30
1.000000000
 10
35.522595299
 20
-52.239457354
 30
1.000000000
 10
34.678550845
 20
-53.274210280
 30
1.000000000
 10
33.745794469
 20
-54.293978878
 30
1.000000000
 10
32.463463829
 20
-55.695631050
 30
1.000000000
 10
31.022045008
 20
-57.047973225
 30
1.000000000
 10
29.630580317
 20
-57.963654318
 30
1.000000000
 10
29.209692555
 20
-58.241436583
 30
1.000000000
 10
28.773366853
 20
-58.489882258
 30
1.000000000
 10
28.321603210
 20
-58.708991343
 30
1.000000000
 10
27.648101490
 20
-59.034361592
 30
1.000000000
 10
26.996957294
 20
-59.261268644
 30
1.000000000
 10
26.383539275
 20
-59.407388419
 30
1.000000000
 10
25.769487926
 20
-59.553882693
 30
1.000000000
 10
25.196292885
 20
-59.617738837
 30
1.000000000
 10
24.668832289
 20
-59.622835403
 30
1.000000000
 10
23.612216392
 20
-59.632806897
 30
1.000000000
 10
22.733645996
 20
-59.416119601
 30
1.000000000
 10
22.010309604
 20
-59.184997911
 30
1.000000000
 10
21.614001177
 20
-59.057409960
 30
1.000000000
 10
21.257302819
 20
-58.919995653
 30
1.000000000
 10
20.919258446
 20
-58.792710109
 30
1.000000000
 10
20.594924324
 20
-58.670257660
 30
1.000000000
 10
20.271629113
 20
-58.552506682
 30
1.000000000
 10
19.944527746
 20
-58.460315920
 30
1.000000000
 10
19.552049484
 20
-58.350031309
 30
1.000000000
 10
19.152777815
 20
-58.272216839
 30
1.000000000
 10
18.760935886
 20
-58.286759725
 30
1.000000000
 10
18.508323769
 20
-58.296597024
 30
1.000000000
 10
18.270011199
 20
-58.346130870
 30
1.000000000
 10
18.027528082
 20
-58.414619303
 30
1.000000000
 10
17.751821525
 20
-58.492804681
 30
1.000000000
 10
17.478366828
 20
-58.591675826
 30
1.000000000
 10
17.195078332
 20
-58.679507337
 30
1.000000000
 10
16.770504335
 20
-58.812681563
 30
1.000000000
 10
16.333766639
 20
-58.921574465
 30
1.000000000
 10
15.884865242
 20
-59.006186043
 30
1.000000000
 10
15.386610346
 20
-59.098547692
 30
1.000000000
 10
14.888740094
 20
-59.151782976
 30
1.000000000
 10
14.368609683
 20
-59.152097286
 30
1.000000000
 10
14.032762834
 20
-59.152946084
 30
1.000000000
 10
13.680017564
 20
-59.130871194
 30
1.000000000
 10
13.310373873
 20
-59.085872615
 30
1.000000000
 10
12.635101521
 20
-59.002879605
 30
1.000000000
 10
11.887018210
 20
-58.847048138
 30
1.000000000
 10
10.995809634
 20
-58.477191670
 30
1.000000000
 10
10.710812697
 20
-58.358489730
 30
1.000000000
 10
10.430038347
 20
-58.227013463
 30
1.000000000
 10
10.153486584
 20
-58.082762869
 30
1.000000000
 10
9.663129383
 20
-57.827566845
 30
1.000000000
 10
9.138073361
 20
-57.509782194
 30
1.000000000
 10
8.599884601
 20
-57.119065714
 30
1.000000000
 10
7.956956089
 20
-56.651372985
 30
1.000000000
 10
7.358625715
 20
-56.128748975
 30
1.000000000
 10
6.804893478
 20
-55.551193685
 30
1.000000000
 10
5.614673925
 20
-54.311195684
 30
1.000000000
 10
4.472639457
 20
-52.669305142
 30
1.000000000
 10
3.422672955
 20
-50.888351972
 30
1.000000000
 10
2.372741236
 20
-49.107285172
 30
1.000000000
 10
1.412782131
 20
-47.194472669
 30
1.000000000
 10
0.713489962
 20
-44.969417333
 30
1.000000000
 10
0.427361311
 20
-44.059808775
 30
1.000000000
 10
0.185509328
 20
-43.091080034
 30
1.000000000
 10
-0.006155719
 20
-42.110512100
 30
1.000000000
 10
-0.292879513
 20
-40.633362843
 30
1.000000000
 10
-0.476132752
 20
-39.133682635
 30
1.000000000
 10
-0.514689008
 20
-37.631587779
 30
1.000000000
 10
-0.531730055
 20
-36.968319906
 30
1.000000000
 10
-0.513548004
 20
-36.306910984
 30
1.000000000
 10
-0.460142854
 20
-35.647361013
 30
1.000000000
 10
-0.399939986
 20
-34.935311168
 30
1.000000000
 10
-0.301869944
 20
-34.262629225
 30
1.000000000
 10
-0.165932728
 20
-33.629315184
 30
1.000000000
 10
-0.012639300
 20
-32.917381475
 30
1.000000000
 10
0.178731657
 20
-32.240538658
 30
1.000000000
 10
0.408180142
 20
-31.598786732
 30
1.000000000
 10
0.751702798
 20
-30.625648326
 30
1.000000000
 10
1.180117345
 20
-29.692974240
 30
1.000000000
 10
1.693423784
 20
-28.800764474
 30
1.000000000
 10
2.191526684
 20
-27.938249411
 30
1.000000000
 10
2.745356396
 20
-27.150887431
 30
1.000000000
 10
3.354912921
 20
-26.438678535
 30
1.000000000
 10
3.963242605
 20
-25.729861261
 30
1.000000000
 10
4.651376972
 20
-25.088386906
 30
1.000000000
 10
5.417277393
 20
-24.551822054
 30
1.000000000
 10
6.243432156
 20
-23.969363537
 30
1.000000000
 10
7.213499266
 20
-23.485862859
 30
1.000000000
 10
8.191266465
 20
-23.127436115
 30
1.000000000
 10
8.842729279
 20
-22.888463368
 30
1.000000000
 10
9.496166568
 20
-22.705211212
 30
1.000000000
 10
10.108390377
 20
-22.585748559
 30
1.000000000
 10
10.730574520
 20
-22.462030548
 30
1.000000000
 10
11.355552708
 20
-22.403248628
 30
1.000000000
 10
11.983324941
 20
-22.409402801
 30
1.000000000
 10
12.405629361
 20
-22.416133020
 30
1.000000000
 10
12.812072721
 20
-22.450862524
 30
1.000000000
 10
13.202655021
 20
-22.513591313
 30
1.000000000
 10
14.668653713
 20
-22.745322661
 30
1.000000000
 10
16.000677183
 20
-23.308455737
 30
1.000000000
 10
17.323294338
 20
-23.913535162
 30
1.000000000
 10
17.897581398
 20
-24.176876317
 30
1.000000000
 10
18.468263701
 20
-24.450887738
 30
1.000000000
 10
19.024919060
 20
-24.719361737
 30
1.000000000
 10
19.240734243
 20
-24.823756882
 30
1.000000000
 10
19.451339038
 20
-24.924632530
 30
1.000000000
 10
19.656733443
 20
-25.021988682
 30
1.000000000
 10
19.830295864
 20
-25.104035704
 30
1.000000000
 10
19.971732897
 20
-25.168020066
 30
1.000000000
 10
20.081044541
 20
-25.213941767
 30
1.000000000
 10
20.259336875
 20
-25.288584351
 30
1.000000000
 10
20.405525364
 20
-25.337415539
 30
1.000000000
 10
20.487548937
 20
-25.315107161
 30
1.000000000
 10
20.597651462
 20
-25.288148099
 30
1.000000000
 10
20.630337520
 20
-25.171513872
 30
1.000000000
 10
20.583774164
 20
-24.733429024
 30
1.000000000
 10
20.536865532
 20
-24.299758249
 30
1.000000000
 10
20.414055952
 20
-23.490019512
 30
1.000000000
 10
20.182484561
 20
-22.583491254
 30
1.000000000
 10
20.072692769
 20
-22.151449430
 30
1.000000000
 10
19.935285765
 20
-21.699042941
 30
1.000000000
 10
19.776593596
 20
-21.252206429
 30
1.000000000
 10
19.531083130
 20
-20.561751497
 30
1.000000000
 10
19.244149914
 20
-19.883882330
 30
1.000000000
 10
18.910926037
 20
-19.240489617
 30
1.000000000
 10
18.766752679
 20
-18.963151906
 30
1.000000000
 10
18.613305791
 20
-18.694881704
 30
1.000000000
 10
18.450585373
 20
-18.435679012
 30
1.000000000
 10
18.299107330
 20
-18.196107252
 30
1.000000000
 10
18.156203015
 20
-17.985575318
 30
1.000000000
 10
18.021872429
 20
-17.804083210
 30
1.000000000
 10
17.855295096
 20
-17.576345232
 30
1.000000000
 10
17.680072011
 20
-17.361456548
 30
1.000000000
 10
17.523828603
 20
-17.183662719
 30
1.000000000
 10
17.407270412
 20
-17.048054913
 30
1.000000000
 10
17.302878162
 20
-16.937689649
 30
1.000000000
 10
17.264124655
 20
-16.833543214
 30
1.000000000
 10
17.245390971
 20
-16.784022429
 30
1.000000000
 10
17.242663753
 20
-16.732022646
 30
1.000000000
 10
17.255943000
 20
-16.677543865
 30
1.000000000
 10
17.297698070
 20
-16.508376044
 30
1.000000000
 10
17.511848668
 20
-16.271906669
 30
1.000000000
 10
18.239894824
 20
-15.702938485
 30
1.000000000
  0
SPLINE
  5
A61
330
A02
100
AcDbEntity
  8
Body
100
AcDbSpline
210
0
220
0
230
1
 70
9
 71
3
 72
80
 73
76
 74
0
 40
0.000000000
 40
0.000000000
 40
0.000000000
 40
0.000000000
 40
0.058304957
 40
0.058304957
 40
0.058304957
 40
0.093806967
 40
0.093806967
 40
0.093806967
 40
0.167518443
 40
0.167518443
 40
0.167518443
 40
0.252450609
 40
0.252450609
 40
0.252450609
 40
0.309767484
 40
0.309767484
 40
0.309767484
 40
0.356520234
 40
0.356520234
 40
0.356520234
 40
0.432467201
 40
0.432467201
 40
0.432467201
 40
0.462275350
 40
0.462275350
 40
0.462275350
 40
0.487083693
 40
0.487083693
 40
0.487083693
 40
0.494609857
 40
0.494609857
 40
0.494609857
 40
0.501559956
 40
0.501559956
 40
0.501559956
 40
0.510533901
 40
0.510533901
 40
0.510533901
 40
0.520161481
 40
0.520161481
 40
0.520161481
 40
0.527336163
 40
0.527336163
 40
0.527336163
 40
0.535854727
 40
0.535854727
 40
0.535854727
 40
0.554924192
 40
0.554924192
 40
0.554924192
 40
0.597398621
 40
0.597398621
 40
0.597398621
 40
0.620587143
 40
0.620587143
 40
0.620587143
 40
0.695857001
 40
0.695857001
 40
0.695857001
 40
0.716099666
 40
0.716099666
 40
0.716099666
 40
0.742489850
 40
0.742489850
 40
0.742489850
 40
0.813548864
 40
0.813548864
 40
0.813548864
 40
0.876065256
 40
0.876065256
 40
0.876065256
 40
0.926605615
 40
0.926605615
 40
0.926605615
 40
1.000000000
 40
1.000000000
 40
1.000000000
 40
1.000000000
 10
24.127700000
 20
-21.908900000
 30
1.000000000
 10
24.968124787
 20
-22.100382146
 30
1.000000000
 10
25.816912198
 20
-22.240660496
 30
1.000000000
 10
26.664003967
 20
-22.281358274
 30
1.000000000
 10
27.179571871
 20
-22.307217993
 30
1.000000000
 10
27.696608401
 20
-22.294257144
 30
1.000000000
 10
28.194586639
 20
-22.257992324
 30
1.000000000
 10
29.235131827
 20
-22.183493678
 30
1.000000000
 10
30.271666544
 20
-22.015286246
 30
1.000000000
 10
31.271138356
 20
-21.714888801
 30
1.000000000
 10
32.421911201
 20
-21.371049781
 30
1.000000000
 10
33.522221576
 20
-20.840743740
 30
1.000000000
 10
34.477222919
 20
-20.101728874
 30
1.000000000
 10
35.121986377
 20
-19.604402383
 30
1.000000000
 10
35.700462499
 20
-19.020274153
 30
1.000000000
 10
36.214123287
 20
-18.384425358
 30
1.000000000
 10
36.632641940
 20
-17.864430127
 30
1.000000000
 10
37.009036228
 20
-17.312195277
 30
1.000000000
 10
37.343306153
 20
-16.727720808
 30
1.000000000
 10
37.884924149
 20
-15.781558986
 30
1.000000000
 10
38.325345117
 20
-14.777030755
 30
1.000000000
 10
38.667898333
 20
-13.751864763
 30
1.000000000
 10
38.801425075
 20
-13.348564708
 30
1.000000000
 10
38.919130426
 20
-12.944102898
 30
1.000000000
 10
39.021014387
 20
-12.538479333
 30
1.000000000
 10
39.105950044
 20
-12.200119460
 30
1.000000000
 10
39.180480816
 20
-11.867245435
 30
1.000000000
 10
39.244606703
 20
-11.539857257
 30
1.000000000
 10
39.264063844
 20
-11.441036859
 30
1.000000000
 10
39.282538207
 20
-11.344209642
 30
1.000000000
 10
39.300029794
 20
-11.249375604
 30
1.000000000
 10
39.315972160
 20
-11.162636975
 30
1.000000000
 10
39.332391648
 20
-11.074937624
 30
1.000000000
 10
39.343112933
 20
-11.002674703
 30
1.000000000
 10
39.356815093
 20
-10.908583316
 30
1.000000000
 10
39.365656517
 20
-10.819999010
 30
1.000000000
 10
39.349436712
 20
-10.745151764
 30
1.000000000
 10
39.331767222
 20
-10.664283668
 30
1.000000000
 10
39.280496922
 20
-10.603533671
 30
1.000000000
 10
39.195625811
 20
-10.562901773
 30
1.000000000
 10
39.132923580
 20
-10.533029081
 30
1.000000000
 10
39.061691239
 20
-10.509038704
 30
1.000000000
 10
38.981928787
 20
-10.490930645
 30
1.000000000
 10
38.889718209
 20
-10.468558910
 30
1.000000000
 10
38.768406072
 20
-10.446811406
 30
1.000000000
 10
38.652089222
 20
-10.428462207
 30
1.000000000
 10
38.386032430
 20
-10.387527450
 30
1.000000000
 10
38.112881712
 20
-10.354859928
 30
1.000000000
 10
37.832637069
 20
-10.330459641
 30
1.000000000
 10
37.208700561
 20
-10.275618213
 30
1.000000000
 10
36.577856725
 20
-10.252625869
 30
1.000000000
 10
35.940105561
 20
-10.261482611
 30
1.000000000
 10
35.591726398
 20
-10.265873271
 30
1.000000000
 10
35.232455227
 20
-10.281596727
 30
1.000000000
 10
34.862292047
 20
-10.308652978
 30
1.000000000
 10
33.665408196
 20
-10.400242790
 30
1.000000000
 10
32.469621627
 20
-10.596602174
 30
1.000000000
 10
31.320644394
 20
-10.943256566
 30
1.000000000
 10
31.011013414
 20
-11.037742768
 30
1.000000000
 10
30.718633734
 20
-11.139915099
 30
1.000000000
 10
30.429809226
 20
-11.257304605
 30
1.000000000
 10
30.052929904
 20
-11.410202666
 30
1.000000000
 10
29.688867994
 20
-11.587268963
 30
1.000000000
 10
29.337623497
 20
-11.788503496
 30
1.000000000
 10
28.392141510
 20
-12.330109610
 30
1.000000000
 10
27.562948731
 20
-13.048138381
 30
1.000000000
 10
26.850307917
 20
-13.860357303
 30
1.000000000
 10
26.223542969
 20
-14.577205351
 30
1.000000000
 10
25.714554448
 20
-15.396561423
 30
1.000000000
 10
25.324096928
 20
-16.275233098
 30
1.000000000
 10
25.005495659
 20
-16.984421782
 30
1.000000000
 10
24.766248825
 20
-17.733274045
 30
1.000000000
 10
24.592217082
 20
-18.500266106
 30
1.000000000
 10
24.339261547
 20
-19.614576921
 30
1.000000000
 10
24.208421599
 20
-20.760462175
 30
1.000000000
 10
24.127700000
 20
-21.908900000
 30
1.000000000
  0
LINE
  5
A62
330
A02
100
AcDbEntity
  8
Body
100
AcDbLine
 10
1.500000000
 20
-69.983926726
 30
1.000000000
 11
1.500000000
 21
-74.984998500
 31
1.000000000
  0
ARC
  5
A63
330
A02
100
AcDbEntity
  8
Body
100
AcDbCircle
 10
0.000000000
 20
0.000000000
 30
1.000000000
 40
75.000000000
100
AcDbArc
 50
-88.854008002
 51
22.333682658
  0
LINE
  5
A64
330
A02
100
AcDbEntity
  8
Body
100
AcDbLine
 10
69.373986479
 20
28.500000000
 30
1.000000000
 11
63.935514388
 21
28.500000000
 31
1.000000000
  0
ARC
  5
A65
330
A02
100
AcDbEntity
  8
Body
100
AcDbCircle
 10
0.000000000
 20
0.000000000
 30
1.000000000
 40
70.000000000
100
AcDbArc
 50
-88.772139315
 51
24.025479473
  0
SPLINE
  5
A66
330
A02
100
AcDbEntity
  8
Body
100
AcDbSpline
210
0
220
0
230
1
 70
9
 71
3
 72
263
 73
259
 74
0
 40
0.000000000
 40
0.000000000
 40
0.000000000
 40
0.000000000
 40
0.011786025
 40
0.011786025
 40
0.011786025
 40
0.023573504
 40
0.023573504
 40
0.023573504
 40
0.034363293
 40
0.034363293
 40
0.034363293
 40
0.046133918
 40
0.046133918
 40
0.046133918
 40
0.060660534
 40
0.060660534
 40
0.060660534
 40
0.075095310
 40
0.075095310
 40
0.075095310
 40
0.090065401
 40
0.090065401
 40
0.090065401
 40
0.104045608
 40
0.104045608
 40
0.104045608
 40
0.114778967
 40
0.114778967
 40
0.114778967
 40
0.125846060
 40
0.125846060
 40
0.125846060
 40
0.142185171
 40
0.142185171
 40
0.142185171
 40
0.162703739
 40
0.162703739
 40
0.162703739
 40
0.168766588
 40
0.168766588
 40
0.168766588
 40
0.174448781
 40
0.174448781
 40
0.174448781
 40
0.183543123
 40
0.183543123
 40
0.183543123
 40
0.192651974
 40
0.192651974
 40
0.192651974
 40
0.205339326
 40
0.205339326
 40
0.205339326
 40
0.209363951
 40
0.209363951
 40
0.209363951
 40
0.215233701
 40
0.215233701
 40
0.215233701
 40
0.220693393
 40
0.220693393
 40
0.220693393
 40
0.229164531
 40
0.229164531
 40
0.229164531
 40
0.232458833
 40
0.232458833
 40
0.232458833
 40
0.239446923
 40
0.239446923
 40
0.239446923
 40
0.242699164
 40
0.242699164
 40
0.242699164
 40
0.246206753
 40
0.246206753
 40
0.246206753
 40
0.251466171
 40
0.251466171
 40
0.251466171
 40
0.257696079
 40
0.257696079
 40
0.257696079
 40
0.261122236
 40
0.261122236
 40
0.261122236
 40
0.265618314
 40
0.265618314
 40
0.265618314
 40
0.271368336
 40
0.271368336
 40
0.271368336
 40
0.275378812
 40
0.275378812
 40
0.275378812
 40
0.279389288
 40
0.279389288
 40
0.279389288
 40
0.282219745
 40
0.282219745
 40
0.282219745
 40
0.286937206
 40
0.286937206
 40
0.286937206
 40
0.292401646
 40
0.292401646
 40
0.292401646
 40
0.298105228
 40
0.298105228
 40
0.298105228
 40
0.303631318
 40
0.303631318
 40
0.303631318
 40
0.315036865
 40
0.315036865
 40
0.315036865
 40
0.326545778
 40
0.326545778
 40
0.326545778
 40
0.331960260
 40
0.331960260
 40
0.331960260
 40
0.337402714
 40
0.337402714
 40
0.337402714
 40
0.340344659
 40
0.340344659
 40
0.340344659
 40
0.344691991
 40
0.344691991
 40
0.344691991
 40
0.349039718
 40
0.349039718
 40
0.349039718
 40
0.355259983
 40
0.355259983
 40
0.355259983
 40
0.358986743
 40
0.358986743
 40
0.358986743
 40
0.363505507
 40
0.363505507
 40
0.363505507
 40
0.372539262
 40
0.372539262
 40
0.372539262
 40
0.378181201
 40
0.378181201
 40
0.378181201
 40
0.384387223
 40
0.384387223
 40
0.384387223
 40
0.395038255
 40
0.395038255
 40
0.395038255
 40
0.402698227
 40
0.402698227
 40
0.402698227
 40
0.408577041
 40
0.408577041
 40
0.408577041
 40
0.417714100
 40
0.417714100
 40
0.417714100
 40
0.422562509
 40
0.422562509
 40
0.422562509
 40
0.428226599
 40
0.428226599
 40
0.428226599
 40
0.442644043
 40
0.442644043
 40
0.442644043
 40
0.453244838
 40
0.453244838
 40
0.453244838
 40
0.467508670
 40
0.467508670
 40
0.467508670
 40
0.481772502
 40
0.481772502
 40
0.481772502
 40
0.506079114
 40
0.506079114
 40
0.506079114
 40
0.543146005
 40
0.543146005
 40
0.543146005
 40
0.578262283
 40
0.578262283
 40
0.578262283
 40
0.599733159
 40
0.599733159
 40
0.599733159
 40
0.617309592
 40
0.617309592
 40
0.617309592
 40
0.634632358
 40
0.634632358
 40
0.634632358
 40
0.662783608
 40
0.662783608
 40
0.662783608
 40
0.675677614
 40
0.675677614
 40
0.675677614
 40
0.690193686
 40
0.690193686
 40
0.690193686
 40
0.707935551
 40
0.707935551
 40
0.707935551
 40
0.729157795
 40
0.729157795
 40
0.729157795
 40
0.740052994
 40
0.740052994
 40
0.740052994
 40
0.758175299
 40
0.758175299
 40
0.758175299
 40
0.787338836
 40
0.787338836
 40
0.787338836
 40
0.805599239
 40
0.805599239
 40
0.805599239
 40
0.825670575
 40
0.825670575
 40
0.825670575
 40
0.845799366
 40
0.845799366
 40
0.845799366
 40
0.878677057
 40
0.878677057
 40
0.878677057
 40
0.896457212
 40
0.896457212
 40
0.896457212
 40
0.915052018
 40
0.915052018
 40
0.915052018
 40
0.926877097
 40
0.926877097
 40
0.926877097
 40
0.945441989
 40
0.945441989
 40
0.945441989
 40
0.954756706
 40
0.954756706
 40
0.954756706
 40
0.964071423
 40
0.964071423
 40
0.964071423
 40
0.981180269
 40
0.981180269
 40
0.981180269
 40
1.000000000
 40
1.000000000
 40
1.000000000
 40
1.000000000
 10
42.654700000
 20
-21.056200000
 30
1.000000000
 10
43.903987600
 20
-18.752569600
 30
1.000000000
 10
44.623891708
 20
-17.225355009
 30
1.000000000
 10
45.074615074
 20
-16.091839932
 30
1.000000000
 10
45.525297835
 20
-14.958375846
 30
1.000000000
 10
45.706964489
 20
-14.218401358
 30
1.000000000
 10
45.879380879
 20
-13.489765090
 30
1.000000000
 10
46.038089646
 20
-12.824661696
 30
1.000000000
 10
46.170645687
 20
-12.182974374
 30
1.000000000
 10
46.277049003
 20
-11.564703122
 30
1.000000000
 10
46.393431915
 20
-10.890575561
 30
1.000000000
 10
46.467624930
 20
-10.231698890
 30
1.000000000
 10
46.499628048
 20
-9.588073107
 30
1.000000000
 10
46.537031247
 20
-8.790850942
 30
1.000000000
 10
46.502302357
 20
-7.992498283
 30
1.000000000
 10
46.419582218
 20
-7.200175387
 30
1.000000000
 10
46.336865275
 20
-6.413276168
 30
1.000000000
 10
46.211005785
 20
-5.628745067
 30
1.000000000
 10
46.059525501
 20
-4.850501033
 30
1.000000000
 10
45.901840503
 20
-4.042478961
 30
1.000000000
 10
45.711184563
 20
-3.244452371
 30
1.000000000
 10
45.487557680
 20
-2.456421264
 30
1.000000000
 10
45.280097574
 20
-1.721101250
 30
1.000000000
 10
45.034400624
 20
-1.000096782
 30
1.000000000
 10
44.750466830
 20
-0.293407859
 30
1.000000000
 10
44.530536730
 20
0.248660840
 30
1.000000000
 10
44.288556065
 20
0.782537483
 30
1.000000000
 10
44.024524835
 20
1.308222072
 30
1.000000000
 10
43.754008905
 20
1.850589690
 30
1.000000000
 10
43.460502781
 20
2.396446374
 30
1.000000000
 10
43.168452385
 20
2.920005021
 30
1.000000000
 10
42.737760051
 20
3.694332216
 30
1.000000000
 10
42.287924459
 20
4.448695632
 30
1.000000000
 10
41.853251205
 20
5.207409691
 30
1.000000000
 10
41.305441301
 20
6.157405047
 30
1.000000000
 10
40.799183690
 20
7.144923917
 30
1.000000000
 10
40.349228127
 20
8.156290276
 30
1.000000000
 10
40.215424883
 20
8.456133956
 30
1.000000000
 10
40.091972694
 20
8.745602862
 30
1.000000000
 10
39.978871562
 20
9.024696993
 30
1.000000000
 10
39.873024159
 20
9.284922234
 30
1.000000000
 10
39.774178176
 20
9.545149404
 30
1.000000000
 10
39.682333612
 20
9.805378503
 30
1.000000000
 10
39.536102239
 20
10.221784298
 30
1.000000000
 10
39.427443758
 20
10.592118868
 30
1.000000000
 10
39.341891171
 20
10.947776595
 30
1.000000000
 10
39.256633711
 20
11.302090365
 30
1.000000000
 10
39.193185593
 20
11.647630536
 30
1.000000000
 10
39.140854764
 20
11.998605983
 30
1.000000000
 10
39.069059175
 20
12.483547908
 30
1.000000000
 10
39.019644882
 20
12.973316131
 30
1.000000000
 10
38.994363812
 20
13.434906775
 30
1.000000000
 10
38.986217867
 20
13.581296714
 30
1.000000000
 10
38.981637200
 20
13.722497866
 30
1.000000000
 10
38.980621813
 20
13.858510230
 30
1.000000000
 10
38.979464280
 20
14.055152506
 30
1.000000000
 10
38.988796730
 20
14.218158289
 30
1.000000000
 10
39.008619164
 20
14.347527579
 30
1.000000000
 10
39.028011533
 20
14.468682404
 30
1.000000000
 10
39.054823834
 20
14.573890782
 30
1.000000000
 10
39.105414554
 20
14.653075228
 30
1.000000000
 10
39.185480368
 20
14.775809042
 30
1.000000000
 10
39.331300061
 20
14.830404217
 30
1.000000000
 10
39.663811159
 20
14.833721846
 30
1.000000000
 10
39.795309428
 20
14.834674561
 30
1.000000000
 10
39.948672626
 20
14.828874759
 30
1.000000000
 10
40.123900755
 20
14.816322441
 30
1.000000000
 10
40.491331219
 20
14.789842424
 30
1.000000000
 10
40.871606482
 20
14.744913293
 30
1.000000000
 10
41.240516026
 20
14.690359922
 30
1.000000000
 10
41.412445175
 20
14.663824953
 30
1.000000000
 10
41.580707111
 20
14.636520081
 30
1.000000000
 10
41.745301837
 20
14.608445307
 30
1.000000000
 10
41.921250587
 20
14.577508750
 30
1.000000000
 10
42.088302004
 20
14.561259772
 30
1.000000000
 10
42.246456087
 20
14.559698375
 30
1.000000000
 10
42.486185030
 20
14.560928950
 30
1.000000000
 10
42.717782394
 20
14.612320371
 30
1.000000000
 10
42.975164836
 20
14.762371615
 30
1.000000000
 10
43.279924544
 20
14.941976591
 30
1.000000000
 10
43.557257665
 20
15.190883321
 30
1.000000000
 10
43.819900159
 20
15.441939687
 30
1.000000000
 10
43.965649880
 20
15.583711023
 30
1.000000000
 10
44.098654900
 20
15.717178241
 30
1.000000000
 10
44.218915219
 20
15.842341341
 30
1.000000000
 10
44.374973340
 20
16.002332782
 30
1.000000000
 10
44.522363916
 20
16.159198074
 30
1.000000000
 10
44.655675886
 20
16.276085558
 30
1.000000000
 10
44.826149424
 20
16.424305998
 30
1.000000000
 10
44.930202970
 20
16.456895396
 30
1.000000000
 10
45.048930047
 20
16.384316365
 30
1.000000000
 10
45.131200799
 20
16.333933048
 30
1.000000000
 10
45.212938279
 20
16.244063052
 30
1.000000000
 10
45.304325023
 20
16.147043583
 30
1.000000000
 10
45.394789414
 20
16.047371761
 30
1.000000000
 10
45.496060393
 20
15.945346862
 30
1.000000000
 10
45.608137958
 20
15.840968886
 30
1.000000000
 10
45.687836867
 20
15.768133083
 30
1.000000000
 10
45.777398654
 20
15.694152327
 30
1.000000000
 10
45.876823319
 20
15.619026618
 30
1.000000000
 10
46.042813927
 20
15.492855740
 30
1.000000000
 10
46.234087180
 20
15.370717267
 30
1.000000000
 10
46.450643078
 20
15.252611198
 30
1.000000000
 10
46.702040257
 20
15.116763957
 30
1.000000000
 10
46.967389076
 20
15.002872873
 30
1.000000000
 10
47.246689537
 20
14.910937945
 30
1.000000000
 10
47.536973686
 20
14.815724996
 30
1.000000000
 10
47.846555711
 20
14.744091257
 30
1.000000000
 10
48.151914853
 20
14.712074235
 30
1.000000000
 10
48.447475691
 20
14.681235944
 30
1.000000000
 10
48.747207489
 20
14.685700287
 30
1.000000000
 10
49.032019007
 20
14.750738101
 30
1.000000000
 10
49.624918108
 20
14.881961735
 30
1.000000000
 10
50.120429114
 20
15.273981191
 30
1.000000000
 10
50.518392530
 20
15.743950669
 30
1.000000000
 10
50.922285625
 20
16.220558298
 30
1.000000000
 10
51.254502416
 20
16.770558836
 30
1.000000000
 10
51.518442198
 20
17.333286345
 30
1.000000000
 10
51.639800582
 20
17.600658042
 30
1.000000000
 10
51.748783174
 20
17.866200874
 30
1.000000000
 10
51.845389973
 20
18.129914841
 30
1.000000000
 10
51.944930643
 20
18.392549908
 30
1.000000000
 10
52.029614344
 20
18.617843396
 30
1.000000000
 10
52.119901719
 20
18.780154830
 30
1.000000000
 10
52.168317125
 20
18.868979692
 30
1.000000000
 10
52.223816324
 20
18.942957926
 30
1.000000000
 10
52.286399315
 20
19.002089531
 30
1.000000000
 10
52.377792706
 20
19.085132734
 30
1.000000000
 10
52.484657638
 20
19.133194109
 30
1.000000000
 10
52.606994112
 20
19.146273657
 30
1.000000000
 10
52.730730229
 20
19.162469601
 30
1.000000000
 10
52.875072759
 20
19.151729943
 30
1.000000000
 10
53.047431468
 20
19.134130121
 30
1.000000000
 10
53.293779672
 20
19.108085367
 30
1.000000000
 10
53.565013701
 20
19.080088486
 30
1.000000000
 10
53.848307006
 20
19.087029239
 30
1.000000000
 10
54.018560036
 20
19.090578010
 30
1.000000000
 10
54.191562118
 20
19.105329253
 30
1.000000000
 10
54.367313253
 20
19.131282969
 30
1.000000000
 10
54.582406256
 20
19.162935065
 30
1.000000000
 10
54.802401269
 20
19.207986283
 30
1.000000000
 10
55.027298292
 20
19.266436623
 30
1.000000000
 10
55.472492262
 20
19.381742934
 30
1.000000000
 10
55.900222797
 20
19.542106721
 30
1.000000000
 10
56.192282023
 20
19.711988973
 30
1.000000000
 10
56.375532235
 20
19.819699201
 30
1.000000000
 10
56.525016278
 20
19.925380684
 30
1.000000000
 10
56.640734152
 20
20.029033424
 30
1.000000000
 10
56.770347588
 20
20.141171358
 30
1.000000000
 10
56.866832402
 20
20.244522802
 30
1.000000000
 10
56.947028241
 20
20.325496180
 30
1.000000000
 10
57.085875583
 20
20.465540841
 30
1.000000000
 10
57.186007496
 20
20.560466306
 30
1.000000000
 10
57.284074492
 20
20.569190913
 30
1.000000000
 10
57.355436800
 20
20.576277434
 30
1.000000000
 10
57.428604867
 20
20.544139324
 30
1.000000000
 10
57.533865627
 20
20.449796853
 30
1.000000000
 10
57.615347143
 20
20.374751850
 30
1.000000000
 10
57.706085323
 20
20.278017618
 30
1.000000000
 10
57.806080165
 20
20.159594158
 30
1.000000000
 10
57.960307713
 20
19.978852968
 30
1.000000000
 10
58.124557077
 20
19.766128238
 30
1.000000000
 10
58.285642432
 20
19.540957412
 30
1.000000000
 10
58.371440796
 20
19.421297437
 30
1.000000000
 10
58.461982711
 20
19.289700418
 30
1.000000000
 10
58.557268177
 20
19.146166355
 30
1.000000000
 10
58.668485625
 20
18.978060307
 30
1.000000000
 10
58.784753525
 20
18.797902039
 30
1.000000000
 10
58.909892263
 20
18.578680426
 30
1.000000000
 10
59.229297689
 20
18.019242794
 30
1.000000000
 10
59.489052986
 20
17.393653469
 30
1.000000000
 10
59.721150023
 20
16.757772047
 30
1.000000000
 10
59.890626252
 20
16.288308070
 30
1.000000000
 10
60.048829942
 20
15.812731428
 30
1.000000000
 10
60.195761095
 20
15.331042120
 30
1.000000000
 10
60.394843496
 20
14.683963572
 30
1.000000000
 10
60.608910844
 20
13.931496127
 30
1.000000000
 10
60.821749679
 20
13.114423326
 30
1.000000000
 10
61.034588514
 20
12.297350525
 30
1.000000000
 10
61.246198835
 20
11.415672368
 30
1.000000000
 10
61.440367184
 20
10.510172396
 30
1.000000000
 10
61.770935265
 20
8.967153066
 30
1.000000000
 10
62.042277128
 20
7.409548981
 30
1.000000000
 10
62.207472094
 20
5.840610600
 30
1.000000000
 10
62.461438297
 20
3.448416877
 30
1.000000000
 10
62.468894694
 20
1.218228992
 30
1.000000000
 10
62.310678630
 20
-0.863427461
 30
1.000000000
 10
62.160781337
 20
-2.835539305
 30
1.000000000
 10
61.863034100
 20
-4.672663683
 30
1.000000000
 10
61.404624757
 20
-6.548914483
 30
1.000000000
 10
61.124356276
 20
-7.693457615
 30
1.000000000
 10
60.783764052
 20
-8.864046841
 30
1.000000000
 10
60.382848084
 20
-10.060682161
 30
1.000000000
 10
60.055604446
 20
-11.036449411
 30
1.000000000
 10
59.690344479
 20
-12.018188025
 30
1.000000000
 10
59.292116551
 20
-12.978418978
 30
1.000000000
 10
58.900987860
 20
-13.926080067
 30
1.000000000
 10
58.471474936
 20
-14.855643943
 30
1.000000000
 10
58.003577779
 20
-15.767110606
 30
1.000000000
 10
57.240298245
 20
-17.245718178
 30
1.000000000
 10
56.365020438
 20
-18.664651639
 30
1.000000000
 10
55.400987803
 20
-20.014689760
 30
1.000000000
 10
54.957086127
 20
-20.633807100
 30
1.000000000
 10
54.524619166
 20
-21.202373248
 30
1.000000000
 10
54.103586921
 20
-21.720388206
 30
1.000000000
 10
53.631756905
 20
-22.302772031
 30
1.000000000
 10
53.176211159
 20
-22.823517252
 30
1.000000000
 10
52.698346953
 20
-23.323422315
 30
1.000000000
 10
52.114290700
 20
-23.934417392
 30
1.000000000
 10
51.496894523
 20
-24.514280875
 30
1.000000000
 10
50.775677986
 20
-25.137502106
 30
1.000000000
 10
49.912185388
 20
-25.882103496
 30
1.000000000
 10
49.016937525
 20
-26.596113328
 30
1.000000000
 10
48.115923581
 20
-27.299788328
 30
1.000000000
 10
47.652968872
 20
-27.660716119
 30
1.000000000
 10
47.197374519
 20
-28.010329304
 30
1.000000000
 10
46.775161546
 20
-28.331060842
 30
1.000000000
 10
46.069807158
 20
-28.866769268
 30
1.000000000
 10
45.464108194
 20
-29.317444763
 30
1.000000000
 10
45.059566023
 20
-29.614910718
 30
1.000000000
 10
44.403086324
 20
-30.097238354
 30
1.000000000
 10
44.165827470
 20
-30.253690884
 30
1.000000000
 10
44.042417975
 20
-30.304748223
 30
1.000000000
 10
43.967337114
 20
-30.333699149
 30
1.000000000
 10
43.926903925
 20
-30.335661360
 30
1.000000000
 10
43.878295067
 20
-30.318673789
 30
1.000000000
 10
43.826797521
 20
-30.297147644
 30
1.000000000
 10
43.775400120
 20
-30.238293142
 30
1.000000000
 10
43.700923721
 20
-30.104059778
 30
1.000000000
 10
43.627099008
 20
-29.971728768
 30
1.000000000
 10
43.527374113
 20
-29.755774037
 30
1.000000000
 10
43.386654957
 20
-29.441790863
 30
1.000000000
 10
43.158377303
 20
-28.933839441
 30
1.000000000
 10
42.837792589
 20
-28.214601782
 30
1.000000000
 10
42.464526395
 20
-27.530937596
 30
1.000000000
 10
42.261430338
 20
-27.160996465
 30
1.000000000
 10
42.044396634
 20
-26.801655929
 30
1.000000000
 10
41.813425283
 20
-26.452915988
 30
1.000000000
 10
41.573323378
 20
-26.088462856
 30
1.000000000
 10
41.342222532
 20
-25.766713556
 30
1.000000000
 10
41.154828633
 20
-25.516657622
 30
1.000000000
 10
41.034863900
 20
-25.357213677
 30
1.000000000
 10
40.935638080
 20
-25.228826912
 30
1.000000000
 10
40.857151173
 20
-25.131497327
 30
1.000000000
 10
40.733274914
 20
-24.977065894
 30
1.000000000
 10
40.655883264
 20
-24.889717223
 30
1.000000000
 10
40.599201065
 20
-24.826211269
 30
1.000000000
 10
40.571371571
 20
-24.795334646
 30
1.000000000
 10
40.547146251
 20
-24.767748464
 30
1.000000000
 10
40.526525105
 20
-24.743452722
 30
1.000000000
 10
40.506221077
 20
-24.717347351
 30
1.000000000
 10
40.483702510
 20
-24.695518883
 30
1.000000000
 10
40.467934422
 20
-24.661465665
 30
1.000000000
 10
40.441384542
 20
-24.596621495
 30
1.000000000
 10
40.458337377
 20
-24.466306452
 30
1.000000000
 10
40.710833625
 20
-24.018866530
 30
1.000000000
 10
40.988579498
 20
-23.526682617
 30
1.000000000
 10
41.551332900
 20
-22.650777600
 30
1.000000000
 10
42.654700000
 20
-21.056200000
 30
1.000000000
  0
LINE
  5
A67
330
A02
100
AcDbEntity
  8
Body
100
AcDbLine
 10
-28.008981838
 20
-2.759553675
 30
1.000000000
 11
-27.371700000
 21
-5.118400000
 31
1.000000000
  0
SPLINE
  5
A68
330
A02
100
AcDbEntity
  8
Body
100
AcDbSpline
210
0
220
0
230
1
 70
8
 71
3
 72
143
 73
139
 74
0
 40
0.000000000
 40
0.000000000
 40
0.000000000
 40
0.000000000
 40
0.044946235
 40
0.044946235
 40
0.044946235
 40
0.055768085
 40
0.055768085
 40
0.055768085
 40
0.085875216
 40
0.085875216
 40
0.085875216
 40
0.092990398
 40
0.092990398
 40
0.092990398
 40
0.117168355
 40
0.117168355
 40
0.117168355
 40
0.132506753
 40
0.132506753
 40
0.132506753
 40
0.137961312
 40
0.137961312
 40
0.137961312
 40
0.143142237
 40
0.143142237
 40
0.143142237
 40
0.154100810
 40
0.154100810
 40
0.154100810
 40
0.168254619
 40
0.168254619
 40
0.168254619
 40
0.172754570
 40
0.172754570
 40
0.172754570
 40
0.177254522
 40
0.177254522
 40
0.177254522
 40
0.188948093
 40
0.188948093
 40
0.188948093
 40
0.212008848
 40
0.212008848
 40
0.212008848
 40
0.231565688
 40
0.231565688
 40
0.231565688
 40
0.255165973
 40
0.255165973
 40
0.255165973
 40
0.277362807
 40
0.277362807
 40
0.277362807
 40
0.315616920
 40
0.315616920
 40
0.315616920
 40
0.335699552
 40
0.335699552
 40
0.335699552
 40
0.357689550
 40
0.357689550
 40
0.357689550
 40
0.393676069
 40
0.393676069
 40
0.393676069
 40
0.431182694
 40
0.431182694
 40
0.431182694
 40
0.496582500
 40
0.496582500
 40
0.496582500
 40
0.511331847
 40
0.511331847
 40
0.511331847
 40
0.525613695
 40
0.525613695
 40
0.525613695
 40
0.568856289
 40
0.568856289
 40
0.568856289
 40
0.599304784
 40
0.599304784
 40
0.599304784
 40
0.615904709
 40
0.615904709
 40
0.615904709
 40
0.628550185
 40
0.628550185
 40
0.628550185
 40
0.637745822
 40
0.637745822
 40
0.637745822
 40
0.669398135
 40
0.669398135
 40
0.669398135
 40
0.683278372
 40
0.683278372
 40
0.683278372
 40
0.698420445
 40
0.698420445
 40
0.698420445
 40
0.749856401
 40
0.749856401
 40
0.749856401
 40
0.758245480
 40
0.758245480
 40
0.758245480
 40
0.765384880
 40
0.765384880
 40
0.765384880
 40
0.815527367
 40
0.815527367
 40
0.815527367
 40
0.841444513
 40
0.841444513
 40
0.841444513
 40
0.847544225
 40
0.847544225
 40
0.847544225
 40
0.866010843
 40
0.866010843
 40
0.866010843
 40
0.883438488
 40
0.883438488
 40
0.883438488
 40
0.904646795
 40
0.904646795
 40
0.904646795
 40
0.924275936
 40
0.924275936
 40
0.924275936
 40
0.940729821
 40
0.940729821
 40
0.940729821
 40
0.963343047
 40
0.963343047
 40
0.963343047
 40
1.000000000
 40
1.000000000
 40
1.000000000
 40
1.000000000
 10
-47.751800000
 20
-7.529190000
 30
1.000000000
 10
-49.362034678
 20
-7.378631270
 30
1.000000000
 10
-50.975967476
 20
-7.211647531
 30
1.000000000
 10
-52.574085970
 20
-6.965855900
 30
1.000000000
 10
-52.959467224
 20
-6.906366560
 30
1.000000000
 10
-53.332112926
 20
-6.842893321
 30
1.000000000
 10
-53.692023077
 20
-6.775436181
 30
1.000000000
 10
-54.692045587
 20
-6.587308087
 30
1.000000000
 10
-55.681443735
 20
-6.347623528
 30
1.000000000
 10
-56.631477894
 20
-5.997229866
 30
1.000000000
 10
-56.855774935
 20
-5.914607808
 30
1.000000000
 10
-57.076406351
 20
-5.826221006
 30
1.000000000
 10
-57.293372143
 20
-5.732069459
 30
1.000000000
 10
-58.030535546
 20
-5.411337697
 30
1.000000000
 10
-58.738168973
 20
-5.018194640
 30
1.000000000
 10
-59.390756342
 20
-4.551982516
 30
1.000000000
 10
-59.803350300
 20
-4.255403997
 30
1.000000000
 10
-60.195533716
 20
-3.928951745
 30
1.000000000
 10
-60.535058110
 20
-3.557489679
 30
1.000000000
 10
-60.656145624
 20
-3.425465310
 30
1.000000000
 10
-60.767776400
 20
-3.286890085
 30
1.000000000
 10
-60.869950437
 20
-3.141764005
 30
1.000000000
 10
-60.965740544
 20
-3.003811988
 30
1.000000000
 10
-61.047092117
 20
-2.866452679
 30
1.000000000
 10
-61.114005157
 20
-2.729686079
 30
1.000000000
 10
-61.257337005
 20
-2.440164926
 30
1.000000000
 10
-61.348794686
 20
-2.130459766
 30
1.000000000
 10
-61.402869586
 20
-1.815822340
 30
1.000000000
 10
-61.473464090
 20
-1.409062070
 30
1.000000000
 10
-61.488050119
 20
-0.995405408
 30
1.000000000
 10
-61.518088524
 20
-0.581339099
 30
1.000000000
 10
-61.527791957
 20
-0.449861350
 30
1.000000000
 10
-61.538307414
 20
-0.315606377
 30
1.000000000
 10
-61.549634895
 20
-0.178574180
 30
1.000000000
 10
-61.560962457
 20
-0.041541999
 30
1.000000000
 10
-61.571559724
 20
0.099882978
 30
1.000000000
 10
-61.581426694
 20
0.245700752
 30
1.000000000
 10
-61.608462260
 20
0.625620912
 30
1.000000000
 10
-61.615928612
 20
1.009126693
 30
1.000000000
 10
-61.603825749
 20
1.396218094
 30
1.000000000
 10
-61.578487747
 20
2.159170414
 30
1.000000000
 10
-61.459054801
 20
2.927281966
 30
1.000000000
 10
-61.283785978
 20
3.683954894
 30
1.000000000
 10
-61.133593209
 20
4.326335206
 30
1.000000000
 10
-60.953508230
 20
4.961827485
 30
1.000000000
 10
-60.743531041
 20
5.590431731
 30
1.000000000
 10
-60.491249598
 20
6.349184270
 30
1.000000000
 10
-60.205146593
 20
7.095879590
 30
1.000000000
 10
-59.885222027
 20
7.830517692
 30
1.000000000
 10
-59.585532995
 20
8.520186292
 30
1.000000000
 10
-59.243780613
 20
9.225670536
 30
1.000000000
 10
-58.875110348
 20
9.905840771
 30
1.000000000
 10
-58.236705883
 20
11.081976401
 30
1.000000000
 10
-57.517338784
 20
12.207191114
 30
1.000000000
 10
-56.717009050
 20
13.281484910
 30
1.000000000
 10
-56.297754766
 20
13.844978206
 30
1.000000000
 10
-55.859094559
 20
14.393161753
 30
1.000000000
 10
-55.401028429
 20
14.926035552
 30
1.000000000
 10
-54.900472747
 20
15.508832995
 30
1.000000000
 10
-54.363896389
 20
16.087987758
 30
1.000000000
 10
-53.811748586
 20
16.641075932
 30
1.000000000
 10
-52.906329962
 20
17.550037486
 30
1.000000000
 10
-51.947624075
 20
18.398890979
 30
1.000000000
 10
-50.935630925
 20
19.187636411
 30
1.000000000
 10
-49.880956160
 20
20.006894217
 30
1.000000000
 10
-48.777897268
 20
20.743628016
 30
1.000000000
 10
-47.657611441
 20
21.351437945
 30
1.000000000
 10
-45.703921443
 20
22.410542276
 30
1.000000000
 10
-43.579195711
 20
23.150621024
 30
1.000000000
 10
-41.396170718
 20
23.533325788
 30
1.000000000
 10
-40.903567306
 20
23.619544117
 30
1.000000000
 10
-40.408676408
 20
23.686319322
 30
1.000000000
 10
-39.911498026
 20
23.733651403
 30
1.000000000
 10
-39.430564101
 20
23.778763767
 30
1.000000000
 10
-38.962621931
 20
23.804931963
 30
1.000000000
 10
-38.507671518
 20
23.812155992
 30
1.000000000
 10
-37.128719236
 20
23.837224458
 30
1.000000000
 10
-35.752847616
 20
23.693473984
 30
1.000000000
 10
-34.405578144
 20
23.428529976
 30
1.000000000
 10
-33.460385366
 20
23.244647893
 30
1.000000000
 10
-32.539323296
 20
23.006342975
 30
1.000000000
 10
-31.635932515
 20
22.687841137
 30
1.000000000
 10
-31.144164676
 20
22.514508681
 30
1.000000000
 10
-30.660193816
 20
22.320275176
 30
1.000000000
 10
-30.184019935
 20
22.105140621
 30
1.000000000
 10
-29.821923392
 20
21.942033253
 30
1.000000000
 10
-29.450924530
 20
21.761135971
 30
1.000000000
 10
-29.071023349
 20
21.562448776
 30
1.000000000
 10
-28.794066864
 20
21.417503444
 30
1.000000000
 10
-28.511999947
 20
21.262770536
 30
1.000000000
 10
-28.224822599
 20
21.098250055
 30
1.000000000
 10
-27.237774147
 20
20.529352601
 30
1.000000000
 10
-26.282134052
 20
19.910087995
 30
1.000000000
 10
-25.357902312
 20
19.240456235
 30
1.000000000
 10
-24.951842863
 20
18.947248280
 30
1.000000000
 10
-24.551536960
 20
18.644693889
 30
1.000000000
 10
-24.156984605
 20
18.332793062
 30
1.000000000
 10
-23.726398693
 20
17.992439445
 30
1.000000000
 10
-23.308607862
 20
17.644496772
 30
1.000000000
 10
-22.903612109
 20
17.288965042
 30
1.000000000
 10
-21.531539589
 20
16.082946552
 30
1.000000000
 10
-20.272124912
 20
14.753259391
 30
1.000000000
 10
-19.114517660
 20
13.350064602
 30
1.000000000
 10
-18.925723659
 20
13.120950085
 30
1.000000000
 10
-18.744637775
 20
12.896374916
 30
1.000000000
 10
-18.571260006
 20
12.676339096
 30
1.000000000
 10
-18.423698762
 20
12.489251143
 30
1.000000000
 10
-18.277966547
 20
12.301012351
 30
1.000000000
 10
-18.134063359
 20
12.111622719
 30
1.000000000
 10
-17.125665139
 20
10.783435679
 30
1.000000000
 10
-16.201948672
 20
9.383987734
 30
1.000000000
 10
-15.640875826
 20
7.830683986
 30
1.000000000
 10
-15.349508667
 20
7.030874916
 30
1.000000000
 10
-15.149302286
 20
6.199070055
 30
1.000000000
 10
-15.057689021
 20
5.356431363
 30
1.000000000
 10
-15.036128393
 20
5.158111148
 30
1.000000000
 10
-15.020691653
 20
4.960831317
 30
1.000000000
 10
-15.011378803
 20
4.764591870
 30
1.000000000
 10
-14.983457614
 20
4.171042358
 30
1.000000000
 10
-15.008757034
 20
3.573509092
 30
1.000000000
 10
-15.122082094
 20
2.992167750
 30
1.000000000
 10
-15.228831843
 20
2.444595780
 30
1.000000000
 10
-15.417651637
 20
1.910561781
 30
1.000000000
 10
-15.715305070
 20
1.439274081
 30
1.000000000
 10
-16.077398299
 20
0.863943186
 30
1.000000000
 10
-16.592455922
 20
0.401596365
 30
1.000000000
 10
-17.133636800
 20
-0.019728050
 30
1.000000000
 10
-17.636975031
 20
-0.409718485
 30
1.000000000
 10
-18.167266174
 20
-0.771716793
 30
1.000000000
 10
-18.696695316
 20
-1.138481983
 30
1.000000000
 10
-19.141061715
 20
-1.445347429
 30
1.000000000
 10
-19.628136367
 20
-1.783203546
 30
1.000000000
 10
-20.238856395
 20
-2.150333369
 30
1.000000000
 10
-21.078038278
 20
-2.655602475
 30
1.000000000
 10
-21.960097373
 20
-3.095652171
 30
1.000000000
 10
-22.862940022
 20
-3.488577222
 30
1.000000000
 10
-24.327573741
 20
-4.124898308
 30
1.000000000
 10
-25.842429954
 20
-4.647751142
 30
1.000000000
 10
-27.371700000
 20
-5.118400000
 30
1.000000000
  0
LINE
  5
A69
330
A02
100
AcDbEntity
  8
Body
100
AcDbLine
 10
-47.636800000
 20
-5.344830000
 30
1.000000000
 11
-47.751800000
 21
-7.529190000
 31
1.000000000
  0
SPLINE
  5
A6A
330
A02
100
AcDbEntity
  8
Body
100
AcDbSpline
210
0
220
0
230
1
 70
8
 71
3
 72
107
 73
103
 74
0
 40
0.000000000
 40
0.000000000
 40
0.000000000
 40
0.000000000
 40
0.009127052
 40
0.009127052
 40
0.009127052
 40
0.026255417
 40
0.026255417
 40
0.026255417
 40
0.045966213
 40
0.045966213
 40
0.045966213
 40
0.086747735
 40
0.086747735
 40
0.086747735
 40
0.125768670
 40
0.125768670
 40
0.125768670
 40
0.142579223
 40
0.142579223
 40
0.142579223
 40
0.152410062
 40
0.152410062
 40
0.152410062
 40
0.171307505
 40
0.171307505
 40
0.171307505
 40
0.183852325
 40
0.183852325
 40
0.183852325
 40
0.192230376
 40
0.192230376
 40
0.192230376
 40
0.199409917
 40
0.199409917
 40
0.199409917
 40
0.208190012
 40
0.208190012
 40
0.208190012
 40
0.221841093
 40
0.221841093
 40
0.221841093
 40
0.255449858
 40
0.255449858
 40
0.255449858
 40
0.264986233
 40
0.264986233
 40
0.264986233
 40
0.295850047
 40
0.295850047
 40
0.295850047
 40
0.359091521
 40
0.359091521
 40
0.359091521
 40
0.486421508
 40
0.486421508
 40
0.486421508
 40
0.601458611
 40
0.601458611
 40
0.601458611
 40
0.619489227
 40
0.619489227
 40
0.619489227
 40
0.681565452
 40
0.681565452
 40
0.681565452
 40
0.708260525
 40
0.708260525
 40
0.708260525
 40
0.733761067
 40
0.733761067
 40
0.733761067
 40
0.790025033
 40
0.790025033
 40
0.790025033
 40
0.814610524
 40
0.814610524
 40
0.814610524
 40
0.828306056
 40
0.828306056
 40
0.828306056
 40
0.838210186
 40
0.838210186
 40
0.838210186
 40
0.860469808
 40
0.860469808
 40
0.860469808
 40
0.864079050
 40
0.864079050
 40
0.864079050
 40
0.876395391
 40
0.876395391
 40
0.876395391
 40
0.891163619
 40
0.891163619
 40
0.891163619
 40
0.899289357
 40
0.899289357
 40
0.899289357
 40
0.942610843
 40
0.942610843
 40
0.942610843
 40
1.000000000
 40
1.000000000
 40
1.000000000
 40
1.000000000
 10
-28.008981838
 20
-2.759553675
 30
1.000000000
 10
-27.870757265
 20
-2.722064003
 30
1.000000000
 10
-27.715004440
 20
-2.677640967
 30
1.000000000
 10
-27.541723363
 20
-2.626284567
 30
1.000000000
 10
-27.217528068
 20
-2.529720619
 30
1.000000000
 10
-26.893205564
 20
-2.428550135
 30
1.000000000
 10
-26.568755848
 20
-2.322773116
 30
1.000000000
 10
-26.195472099
 20
-2.201370710
 30
1.000000000
 10
-25.823153720
 20
-2.075492264
 30
1.000000000
 10
-25.451800711
 20
-1.945137777
 30
1.000000000
 10
-24.684381070
 20
-1.674654997
 30
1.000000000
 10
-23.920041098
 20
-1.389559291
 30
1.000000000
 10
-23.176679467
 20
-1.066705853
 30
1.000000000
 10
-22.468449575
 20
-0.755940898
 30
1.000000000
 10
-21.774901338
 20
-0.405178704
 30
1.000000000
 10
-21.176397695
 20
0.039385008
 30
1.000000000
 10
-20.917488760
 20
0.231502103
 30
1.000000000
 10
-20.686462440
 20
0.440679622
 30
1.000000000
 10
-20.483318734
 20
0.666917566
 30
1.000000000
 10
-20.365879227
 20
0.797779201
 30
1.000000000
 10
-20.256295634
 20
0.937947763
 30
1.000000000
 10
-20.173593286
 20
1.065089130
 30
1.000000000
 10
-20.011491611
 20
1.311188829
 30
1.000000000
 10
-19.906702862
 20
1.571280691
 30
1.000000000
 10
-19.883155058
 20
1.826140436
 30
1.000000000
 10
-19.866554007
 20
1.994277387
 30
1.000000000
 10
-19.878622554
 20
2.157758251
 30
1.000000000
 10
-19.954323931
 20
2.312819002
 30
1.000000000
 10
-20.005504229
 20
2.416207147
 30
1.000000000
 10
-20.077890485
 20
2.512430834
 30
1.000000000
 10
-20.171482698
 20
2.601490064
 30
1.000000000
 10
-20.251156485
 20
2.677433832
 30
1.000000000
 10
-20.339627009
 20
2.748395570
 30
1.000000000
 10
-20.436894269
 20
2.814375277
 30
1.000000000
 10
-20.553675279
 20
2.894907064
 30
1.000000000
 10
-20.702176971
 20
2.982084409
 30
1.000000000
 10
-20.848089010
 20
3.058441218
 30
1.000000000
 10
-21.078537500
 20
3.178013376
 30
1.000000000
 10
-21.317451778
 20
3.287194578
 30
1.000000000
 10
-21.564831846
 20
3.385984825
 30
1.000000000
 10
-22.172189672
 20
3.630143939
 30
1.000000000
 10
-22.809427036
 20
3.824709789
 30
1.000000000
 10
-23.456320449
 20
3.984555485
 30
1.000000000
 10
-23.640108762
 20
4.029876658
 30
1.000000000
 10
-23.829749127
 20
4.073269134
 30
1.000000000
 10
-24.025241545
 20
4.114732911
 30
1.000000000
 10
-24.658657180
 20
4.246683171
 30
1.000000000
 10
-25.298382208
 20
4.351878678
 30
1.000000000
 10
-25.944416631
 20
4.430319432
 30
1.000000000
 10
-27.267025027
 20
4.593880781
 30
1.000000000
 10
-28.604605338
 20
4.672641313
 30
1.000000000
 10
-29.944646392
 20
4.714916053
 30
1.000000000
 10
-32.643134131
 20
4.795211370
 30
1.000000000
 10
-35.357968864
 20
4.728021929
 30
1.000000000
 10
-38.048199646
 20
4.421901192
 30
1.000000000
 10
-40.478174530
 20
4.140494854
 30
1.000000000
 10
-42.881911187
 20
3.657669997
 30
1.000000000
 10
-45.246944656
 20
3.056942561
 30
1.000000000
 10
-45.617887742
 20
2.962395224
 30
1.000000000
 10
-45.978115258
 20
2.867550288
 30
1.000000000
 10
-46.327627206
 20
2.772407754
 30
1.000000000
 10
-47.530239624
 20
2.444874644
 30
1.000000000
 10
-48.722487833
 20
2.085493001
 30
1.000000000
 10
-49.889470971
 20
1.665507809
 30
1.000000000
 10
-50.391566932
 20
1.485291620
 30
1.000000000
 10
-50.887646529
 20
1.291960199
 30
1.000000000
 10
-51.377709761
 20
1.085513546
 30
1.000000000
 10
-51.845826085
 20
0.887310701
 30
1.000000000
 10
-52.286758701
 20
0.685089842
 30
1.000000000
 10
-52.700507608
 20
0.478850972
 30
1.000000000
 10
-53.608560545
 20
0.023314504
 30
1.000000000
 10
-54.496836536
 20
-0.484263021
 30
1.000000000
 10
-55.272198914
 20
-1.102270462
 30
1.000000000
 10
-55.605684219
 20
-1.373409527
 30
1.000000000
 10
-55.921477464
 20
-1.668950365
 30
1.000000000
 10
-56.137425197
 20
-2.009076735
 30
1.000000000
 10
-56.255839286
 20
-2.196438174
 30
1.000000000
 10
-56.338576581
 20
-2.406430428
 30
1.000000000
 10
-56.340290786
 20
-2.604836433
 30
1.000000000
 10
-56.341117307
 20
-2.747781633
 30
1.000000000
 10
-56.305090859
 20
-2.882008116
 30
1.000000000
 10
-56.232211445
 20
-3.007515883
 30
1.000000000
 10
-56.068282768
 20
-3.288955691
 30
1.000000000
 10
-55.778739264
 20
-3.495563689
 30
1.000000000
 10
-55.481693906
 20
-3.674883312
 30
1.000000000
 10
-55.431920592
 20
-3.703516722
 30
1.000000000
 10
-55.382147277
 20
-3.732150133
 30
1.000000000
 10
-55.332373962
 20
-3.760783543
 30
1.000000000
 10
-55.159683388
 20
-3.857042297
 30
1.000000000
 10
-54.980323312
 20
-3.945715783
 30
1.000000000
 10
-54.794293736
 20
-4.026804001
 30
1.000000000
 10
-54.570595047
 20
-4.123579324
 30
1.000000000
 10
-54.338421342
 20
-4.211013313
 30
1.000000000
 10
-54.097772620
 20
-4.289105968
 30
1.000000000
 10
-53.965962865
 20
-4.332306150
 30
1.000000000
 10
-53.824128785
 20
-4.375648837
 30
1.000000000
 10
-53.672270380
 20
-4.419134029
 30
1.000000000
 10
-52.860221070
 20
-4.650866297
 30
1.000000000
 10
-52.003140865
 20
-4.826572355
 30
1.000000000
 10
-51.134230183
 20
-4.959194758
 30
1.000000000
 10
-49.982164109
 20
-5.135353984
 30
1.000000000
 10
-48.810581063
 20
-5.251005939
 30
1.000000000
 10
-47.636800000
 20
-5.344830000
 30
1.000000000
  0
LINE
  5
A6B
330
A02
100
AcDbEntity
  8
Body
100
AcDbLine
 10
-68.064307827
 20
31.500000000
 30
1.000000000
 11
-19.208331191
 21
31.500000000
 31
1.000000000
  0
ARC
  5
A6C
330
A02
100
AcDbEntity
  8
Body
100
AcDbCircle
 10
-0.000000000
 20
34.000000000
 30
1.000000000
 40
19.370337817
100
AcDbArc
 50
172.584531797
 51
-172.584531797
  0
LINE
  5
A6D
330
A02
100
AcDbEntity
  8
Body
100
AcDbLine
 10
-59.730645401
 20
36.500000000
 30
1.000000000
 11
-19.208331191
 21
36.500000000
 31
1.000000000
  0
ARC
  5
A6E
330
A02
100
AcDbEntity
  8
Body
100
AcDbCircle
 10
0.000000000
 20
0.000000000
 30
1.000000000
 40
70.000000000
100
AcDbArc
 50
108.045031292
 51
148.571873885
  0
LINE
  5
A6F
330
A02
100
AcDbEntity
  8
Body
100
AcDbLine
 10
-21.683506342
 20
66.556934670
 30
1.000000000
 11
-11.769229105
 21
49.384902776
 31
1.000000000
  0
ARC
  5
A70
330
A02
100
AcDbEntity
  8
Body
100
AcDbCircle
 10
-0.000000000
 20
34.000000000
 30
1.000000000
 40
19.370337817
100
AcDbArc
 50
112.584531797
 51
127.415468203
  0
LINE
  5
A71
330
A02
100
AcDbEntity
  8
Body
100
AcDbLine
 10
-7.439102086
 20
51.884902776
 30
1.000000000
 11
-16.727047610
 21
67.972096321
 31
1.000000000
  0
ARC
  5
A72
330
A02
100
AcDbEntity
  8
Body
100
AcDbCircle
 10
0.000000000
 20
0.000000000
 30
1.000000000
 40
70.000000000
100
AcDbArc
 50
91.227860685
 51
103.825038405
  0
LINE
  5
A73
330
A02
100
AcDbEntity
  8
Body
100
AcDbLine
 10
-1.500000000
 20
74.984998500
 30
1.000000000
 11
-1.500000000
 21
69.983926726
 31
1.000000000
  0
ARC
  5
A74
330
A02
100
AcDbEntity
  8
Body
100
AcDbCircle
 10
0.000000000
 20
0.000000000
 30
1.000000000
 40
75.000000000
100
AcDbArc
 50
91.145991998
 51
155.165412510
  0
ARC
  5
A75
330
A02
100
AcDbEntity
  8
Body
100
AcDbCircle
 10
0.000000000
 20
0.000000000
 30
1.000000000
 40
67.500000000
100
AcDbArc
 50
121.754060347
 51
126.472875810
  0
LINE
  5
A76
330
A02
100
AcDbEntity
  8
Body
100
AcDbLine
 10
-40.124846415
 20
54.279339533
 30
1.000000000
 11
-17.884902776
 21
41.439102086
 31
1.000000000
  0
ARC
  5
A77
330
A02
100
AcDbEntity
  8
Body
100
AcDbCircle
 10
-0.000000000
 20
34.000000000
 30
1.000000000
 40
19.370337817
100
AcDbArc
 50
142.584531797
 51
157.415468203
  0
LINE
  5
A78
330
A02
100
AcDbEntity
  8
Body
100
AcDbLine
 10
-35.523507403
 20
57.396257908
 30
1.000000000
 11
-15.384902776
 21
45.769229105
 31
1.000000000
  0
LINE
  5
A79
330
A02
100
AcDbEntity
  8
Body
100
AcDbLine
 10
-16.208331191
 20
31.500000000
 30
1.000000000
 11
16.208331191
 21
31.500000000
 31
1.000000000
  0
ARC
  5
A7A
330
A02
100
AcDbEntity
  8
Body
100
AcDbCircle
 10
-0.000000000
 20
34.000000000
 30
1.000000000
 40
16.400000000
100
AcDbArc
 50
-8.768298144
 51
-171.231701856
  0
ARC
  5
A7B
330
A02
100
AcDbEntity
  8
Body
100
AcDbCircle
 10
-0.000000000
 20
34.000000000
 30
1.000000000
 40
19.370337817
100
AcDbArc
 50
-7.415468203
 51
7.415468203
  0
LINE
  5
A7C
330
A02
100
AcDbEntity
  8
Body
100
AcDbLine
 10
19.208331191
 20
31.500000000
 30
1.000000000
 11
34.273320180
 21
31.500000000
 31
1.000000000
  0
ARC
  5
A7D
330
A02
100
AcDbEntity
  8
Body
100
AcDbCircle
 10
37.930211702
 20
34.328460060
 30
1.000000000
 40
4.623098735
100
AcDbArc
 50
151.984186152
 51
-142.279475170
  0
LINE
  5
A7E
330
A02
100
AcDbEntity
  8
Body
100
AcDbLine
 10
19.208331191
 20
36.500000000
 30
1.000000000
 11
33.848857000
 21
36.500000000
 31
1.000000000
  0
SPLINE
  5
A7F
330
A02
100
AcDbEntity
  8
Body
100
AcDbSpline
210
0
220
0
230
1
 70
9
 71
3
 72
221
 73
217
 74
0
 40
0.000000000
 40
0.000000000
 40
0.000000000
 40
0.000000000
 40
0.019445412
 40
0.019445412
 40
0.019445412
 40
0.032074497
 40
0.032074497
 40
0.032074497
 40
0.055382704
 40
0.055382704
 40
0.055382704
 40
0.062097803
 40
0.062097803
 40
0.062097803
 40
0.072649750
 40
0.072649750
 40
0.072649750
 40
0.086537451
 40
0.086537451
 40
0.086537451
 40
0.103097364
 40
0.103097364
 40
0.103097364
 40
0.120260091
 40
0.120260091
 40
0.120260091
 40
0.145527400
 40
0.145527400
 40
0.145527400
 40
0.159883400
 40
0.159883400
 40
0.159883400
 40
0.174744828
 40
0.174744828
 40
0.174744828
 40
0.206760574
 40
0.206760574
 40
0.206760574
 40
0.217167027
 40
0.217167027
 40
0.217167027
 40
0.231772230
 40
0.231772230
 40
0.231772230
 40
0.237100824
 40
0.237100824
 40
0.237100824
 40
0.242956676
 40
0.242956676
 40
0.242956676
 40
0.248812528
 40
0.248812528
 40
0.248812528
 40
0.258786561
 40
0.258786561
 40
0.258786561
 40
0.280618792
 40
0.280618792
 40
0.280618792
 40
0.290218397
 40
0.290218397
 40
0.290218397
 40
0.306866432
 40
0.306866432
 40
0.306866432
 40
0.324926243
 40
0.324926243
 40
0.324926243
 40
0.343549610
 40
0.343549610
 40
0.343549610
 40
0.354243298
 40
0.354243298
 40
0.354243298
 40
0.364400649
 40
0.364400649
 40
0.364400649
 40
0.375944385
 40
0.375944385
 40
0.375944385
 40
0.394594693
 40
0.394594693
 40
0.394594693
 40
0.408805688
 40
0.408805688
 40
0.408805688
 40
0.418575817
 40
0.418575817
 40
0.418575817
 40
0.429233979
 40
0.429233979
 40
0.429233979
 40
0.439892140
 40
0.439892140
 40
0.439892140
 40
0.448849153
 40
0.448849153
 40
0.448849153
 40
0.458234967
 40
0.458234967
 40
0.458234967
 40
0.473103312
 40
0.473103312
 40
0.473103312
 40
0.485431090
 40
0.485431090
 40
0.485431090
 40
0.500858157
 40
0.500858157
 40
0.500858157
 40
0.510007887
 40
0.510007887
 40
0.510007887
 40
0.523078630
 40
0.523078630
 40
0.523078630
 40
0.532967851
 40
0.532967851
 40
0.532967851
 40
0.549020871
 40
0.549020871
 40
0.549020871
 40
0.568977605
 40
0.568977605
 40
0.568977605
 40
0.591424376
 40
0.591424376
 40
0.591424376
 40
0.609443581
 40
0.609443581
 40
0.609443581
 40
0.627517392
 40
0.627517392
 40
0.627517392
 40
0.638564145
 40
0.638564145
 40
0.638564145
 40
0.645093828
 40
0.645093828
 40
0.645093828
 40
0.653773565
 40
0.653773565
 40
0.653773565
 40
0.663321577
 40
0.663321577
 40
0.663321577
 40
0.674281731
 40
0.674281731
 40
0.674281731
 40
0.685566449
 40
0.685566449
 40
0.685566449
 40
0.697393826
 40
0.697393826
 40
0.697393826
 40
0.704226348
 40
0.704226348
 40
0.704226348
 40
0.712139235
 40
0.712139235
 40
0.712139235
 40
0.733998900
 40
0.733998900
 40
0.733998900
 40
0.747327058
 40
0.747327058
 40
0.747327058
 40
0.761971123
 40
0.761971123
 40
0.761971123
 40
0.776084835
 40
0.776084835
 40
0.776084835
 40
0.797404649
 40
0.797404649
 40
0.797404649
 40
0.812656704
 40
0.812656704
 40
0.812656704
 40
0.828815589
 40
0.828815589
 40
0.828815589
 40
0.844680712
 40
0.844680712
 40
0.844680712
 40
0.863959542
 40
0.863959542
 40
0.863959542
 40
0.877728892
 40
0.877728892
 40
0.877728892
 40
0.892875159
 40
0.892875159
 40
0.892875159
 40
0.910072188
 40
0.910072188
 40
0.910072188
 40
0.922591289
 40
0.922591289
 40
0.922591289
 40
0.931798354
 40
0.931798354
 40
0.931798354
 40
0.944413070
 40
0.944413070
 40
0.944413070
 40
0.957028767
 40
0.957028767
 40
0.957028767
 40
0.970049193
 40
0.970049193
 40
0.970049193
 40
0.982533675
 40
0.982533675
 40
0.982533675
 40
1.000000000
 40
1.000000000
 40
1.000000000
 40
1.000000000
 10
36.196526901
 20
35.303536303
 30
1.000000000
 10
36.085527325
 20
35.032276775
 30
1.000000000
 10
35.979366591
 20
34.763582148
 30
1.000000000
 10
35.918786043
 20
34.533535423
 30
1.000000000
 10
35.878408928
 20
34.383701896
 30
1.000000000
 10
35.867835275
 20
34.258726251
 30
1.000000000
 10
35.887065086
 20
34.158608485
 30
1.000000000
 10
35.920809385
 20
33.970011993
 30
1.000000000
 10
36.052962793
 20
33.836672079
 30
1.000000000
 10
36.239814689
 20
33.700690078
 30
1.000000000
 10
36.292594343
 20
33.661789953
 30
1.000000000
 10
36.353202962
 20
33.620691418
 30
1.000000000
 10
36.421640547
 20
33.577394472
 30
1.000000000
 10
36.527274856
 20
33.510034551
 30
1.000000000
 10
36.667966445
 20
33.431652452
 30
1.000000000
 10
36.843715313
 20
33.342248173
 30
1.000000000
 10
37.079503454
 20
33.222832675
 30
1.000000000
 10
37.342669126
 20
33.104043535
 30
1.000000000
 10
37.612690937
 20
32.985519811
 30
1.000000000
 10
37.934701213
 20
32.843612600
 30
1.000000000
 10
38.317137389
 20
32.676095364
 30
1.000000000
 10
38.715376826
 20
32.475867088
 30
1.000000000
 10
39.127947689
 20
32.268302279
 30
1.000000000
 10
39.533491057
 20
32.038330463
 30
1.000000000
 10
39.912893439
 20
31.769949058
 30
1.000000000
 10
40.471838577
 20
31.375146188
 30
1.000000000
 10
40.970624334
 20
30.897051241
 30
1.000000000
 10
41.405332579
 20
30.363853490
 30
1.000000000
 10
41.652192246
 20
30.060153973
 30
1.000000000
 10
41.880481072
 20
29.741751997
 30
1.000000000
 10
42.090199057
 20
29.408647562
 30
1.000000000
 10
42.309117265
 20
29.061773047
 30
1.000000000
 10
42.513375598
 20
28.698594882
 30
1.000000000
 10
42.702974056
 20
28.319113069
 30
1.000000000
 10
43.103801342
 20
27.508262964
 30
1.000000000
 10
43.445592704
 20
26.655999415
 30
1.000000000
 10
43.614731397
 20
25.783719906
 30
1.000000000
 10
43.667541838
 20
25.500274417
 30
1.000000000
 10
43.698225488
 20
25.239464812
 30
1.000000000
 10
43.706782345
 20
25.001291090
 30
1.000000000
 10
43.719463400
 20
24.668614040
 30
1.000000000
 10
43.696680498
 20
24.337320195
 30
1.000000000
 10
43.614127230
 20
24.040931918
 30
1.000000000
 10
43.584052562
 20
23.932757209
 30
1.000000000
 10
43.544911045
 20
23.831901546
 30
1.000000000
 10
43.496702680
 20
23.738364927
 30
1.000000000
 10
43.443433851
 20
23.637464564
 30
1.000000000
 10
43.382296408
 20
23.547189696
 30
1.000000000
 10
43.313290350
 20
23.467540323
 30
1.000000000
 10
43.244284292
 20
23.387890949
 30
1.000000000
 10
43.168427510
 20
23.309727389
 30
1.000000000
 10
43.085720002
 20
23.233049641
 30
1.000000000
 10
42.944703012
 20
23.100787855
 30
1.000000000
 10
42.796071416
 20
22.962970485
 30
1.000000000
 10
42.653820062
 20
22.807665484
 30
1.000000000
 10
42.341182294
 20
22.470572350
 30
1.000000000
 10
41.991256152
 20
22.024970315
 30
1.000000000
 10
41.696145255
 20
21.591314399
 30
1.000000000
 10
41.566846752
 20
21.400020694
 30
1.000000000
 10
41.443788914
 20
21.207668298
 30
1.000000000
 10
41.326971740
 20
21.014257212
 30
1.000000000
 10
41.123433822
 20
20.679998535
 30
1.000000000
 10
40.948391454
 20
20.373307697
 30
1.000000000
 10
40.781096550
 20
20.126502990
 30
1.000000000
 10
40.599657681
 20
19.857389594
 30
1.000000000
 10
40.405661206
 20
19.630205894
 30
1.000000000
 10
40.183759688
 20
19.424045368
 30
1.000000000
 10
39.957545091
 20
19.209812605
 30
1.000000000
 10
39.680243476
 20
19.008878664
 30
1.000000000
 10
39.473328339
 20
18.794951649
 30
1.000000000
 10
39.356674624
 20
18.671859526
 30
1.000000000
 10
39.284358631
 20
18.561830924
 30
1.000000000
 10
39.303595054
 20
18.458422823
 30
1.000000000
 10
39.320791742
 20
18.361271276
 30
1.000000000
 10
39.421979615
 20
18.286406284
 30
1.000000000
 10
39.552551888
 20
18.234229370
 30
1.000000000
 10
39.702188003
 20
18.173714070
 30
1.000000000
 10
39.913335418
 20
18.128933172
 30
1.000000000
 10
40.185994130
 20
18.099886676
 30
1.000000000
 10
40.620473734
 20
18.055739895
 30
1.000000000
 10
41.178205626
 20
18.070589155
 30
1.000000000
 10
41.686317007
 20
18.230170343
 30
1.000000000
 10
42.073517577
 20
18.351694673
 30
1.000000000
 10
42.429465030
 20
18.559822372
 30
1.000000000
 10
42.770519041
 20
18.793747141
 30
1.000000000
 10
43.004110311
 20
18.957864769
 30
1.000000000
 10
43.233319727
 20
19.124291366
 30
1.000000000
 10
43.458147288
 20
19.293026931
 30
1.000000000
 10
43.704371201
 20
19.473509769
 30
1.000000000
 10
43.948130020
 20
19.645035980
 30
1.000000000
 10
44.177495747
 20
19.784505953
 30
1.000000000
 10
44.406861474
 20
19.923975927
 30
1.000000000
 10
44.621834109
 20
20.031389662
 30
1.000000000
 10
44.810485656
 20
20.083647549
 30
1.000000000
 10
44.971107264
 20
20.129804344
 30
1.000000000
 10
45.123676047
 20
20.131194696
 30
1.000000000
 10
45.268192005
 20
20.087818604
 30
1.000000000
 10
45.417949777
 20
20.042740512
 30
1.000000000
 10
45.556450347
 20
19.952438059
 30
1.000000000
 10
45.706633467
 20
19.835530447
 30
1.000000000
 10
45.939746577
 20
19.650200128
 30
1.000000000
 10
46.230589284
 20
19.399636980
 30
1.000000000
 10
46.546353826
 20
19.151299008
 30
1.000000000
 10
46.807874078
 20
18.945011298
 30
1.000000000
 10
47.075361251
 20
18.742873141
 30
1.000000000
 10
47.348287793
 20
18.567624396
 30
1.000000000
 10
47.690236205
 20
18.349463029
 30
1.000000000
 10
48.008109944
 20
18.206653224
 30
1.000000000
 10
48.273392369
 20
18.258231678
 30
1.000000000
 10
48.431601950
 20
18.287759312
 30
1.000000000
 10
48.566486972
 20
18.395627072
 30
1.000000000
 10
48.674887222
 20
18.529597283
 30
1.000000000
 10
48.830082584
 20
18.722592957
 30
1.000000000
 10
48.941252285
 20
18.964686793
 30
1.000000000
 10
49.030892145
 20
19.210326181
 30
1.000000000
 10
49.097475451
 20
19.397780417
 30
1.000000000
 10
49.153163124
 20
19.587730279
 30
1.000000000
 10
49.197955162
 20
19.780175769
 30
1.000000000
 10
49.272284467
 20
20.091635005
 30
1.000000000
 10
49.324602709
 20
20.400073383
 30
1.000000000
 10
49.381862984
 20
20.685707419
 30
1.000000000
 10
49.454072548
 20
21.038669807
 30
1.000000000
 10
49.532345143
 20
21.386172915
 30
1.000000000
 10
49.712005031
 20
21.657288484
 30
1.000000000
 10
49.914912030
 20
21.960108067
 30
1.000000000
 10
50.245805061
 20
22.129415656
 30
1.000000000
 10
50.589042315
 20
22.157880256
 30
1.000000000
 10
50.863204847
 20
22.178969913
 30
1.000000000
 10
51.160870196
 20
22.130603518
 30
1.000000000
 10
51.496210922
 20
22.125606917
 30
1.000000000
 10
51.826163605
 20
22.115875432
 30
1.000000000
 10
52.281004156
 20
22.145814158
 30
1.000000000
 10
52.727507034
 20
22.199848396
 30
1.000000000
 10
52.999843755
 20
22.232648972
 30
1.000000000
 10
53.267627847
 20
22.273886222
 30
1.000000000
 10
53.498029947
 20
22.319073431
 30
1.000000000
 10
53.634608579
 20
22.345535069
 30
1.000000000
 10
53.765878537
 20
22.375881284
 30
1.000000000
 10
53.891839823
 20
22.410112075
 30
1.000000000
 10
54.057156134
 20
22.455694600
 30
1.000000000
 10
54.200170374
 20
22.506009183
 30
1.000000000
 10
54.320882543
 20
22.561055825
 30
1.000000000
 10
54.453295560
 20
22.621547739
 30
1.000000000
 10
54.571071042
 20
22.689786302
 30
1.000000000
 10
54.674208989
 20
22.765771513
 30
1.000000000
 10
54.796986629
 20
22.854647544
 30
1.000000000
 10
54.902994027
 20
22.951422479
 30
1.000000000
 10
54.992231181
 20
23.056096317
 30
1.000000000
 10
55.081532610
 20
23.162485074
 30
1.000000000
 10
55.138643533
 20
23.265649281
 30
1.000000000
 10
55.145589035
 20
23.348631993
 30
1.000000000
 10
55.155718187
 20
23.436037035
 30
1.000000000
 10
55.091949851
 20
23.510963926
 30
1.000000000
 10
54.974157409
 20
23.583795508
 30
1.000000000
 10
54.908382289
 20
23.625018614
 30
1.000000000
 10
54.818397065
 20
23.672105819
 30
1.000000000
 10
54.704201739
 20
23.725057125
 30
1.000000000
 10
54.569434134
 20
23.787114949
 30
1.000000000
 10
54.427014069
 20
23.849519989
 30
1.000000000
 10
54.276941544
 20
23.912272245
 30
1.000000000
 10
53.866034548
 20
24.085082120
 30
1.000000000
 10
53.313693977
 20
24.301590486
 30
1.000000000
 10
52.776644532
 20
24.481651512
 30
1.000000000
 10
52.448525443
 20
24.593613616
 30
1.000000000
 10
52.119911828
 20
24.688526396
 30
1.000000000
 10
51.790803688
 20
24.766389852
 30
1.000000000
 10
51.429808313
 20
24.849312018
 30
1.000000000
 10
51.069682569
 20
24.908451916
 30
1.000000000
 10
50.710426457
 20
24.943809545
 30
1.000000000
 10
50.366048116
 20
24.979859367
 30
1.000000000
 10
50.014396524
 20
24.997270158
 30
1.000000000
 10
49.661868517
 20
25.021685132
 30
1.000000000
 10
49.130441352
 20
25.059353958
 30
1.000000000
 10
48.609317465
 20
25.118531798
 30
1.000000000
 10
48.230456145
 20
25.310545526
 30
1.000000000
 10
47.957333378
 20
25.446630213
 30
1.000000000
 10
47.740426447
 20
25.662939009
 30
1.000000000
 10
47.555135576
 20
25.911472002
 30
1.000000000
 10
47.358334954
 20
26.174617508
 30
1.000000000
 10
47.168326432
 20
26.498056021
 30
1.000000000
 10
46.937338456
 20
26.882916676
 30
1.000000000
 10
46.712201398
 20
27.262827355
 30
1.000000000
 10
46.484849047
 20
27.650081052
 30
1.000000000
 10
46.255281402
 20
28.044677766
 30
1.000000000
 10
45.976578265
 20
28.520647892
 30
1.000000000
 10
45.654754394
 20
29.076730195
 30
1.000000000
 10
45.281924565
 20
29.699362865
 30
1.000000000
 10
45.016199120
 20
30.141452378
 30
1.000000000
 10
44.726333924
 20
30.608185325
 30
1.000000000
 10
44.414027828
 20
31.071473296
 30
1.000000000
 10
44.070491333
 20
31.581090449
 30
1.000000000
 10
43.699800440
 20
32.086537681
 30
1.000000000
 10
43.304218730
 20
32.550433108
 30
1.000000000
 10
42.852604042
 20
33.077096980
 30
1.000000000
 10
42.365399729
 20
33.565716933
 30
1.000000000
 10
41.842605792
 20
34.016292967
 30
1.000000000
 10
41.460394193
 20
34.344820920
 30
1.000000000
 10
41.093134389
 20
34.633041729
 30
1.000000000
 10
40.740826379
 20
34.880955393
 30
1.000000000
 10
40.483896812
 20
35.063364454
 30
1.000000000
 10
40.222902333
 20
35.234232674
 30
1.000000000
 10
39.957842940
 20
35.393560055
 30
1.000000000
 10
39.595597588
 20
35.607735031
 30
1.000000000
 10
39.274190051
 20
35.778212184
 30
1.000000000
 10
38.993620328
 20
35.904991512
 30
1.000000000
 10
38.712392610
 20
36.035000752
 30
1.000000000
 10
38.470450449
 20
36.132202381
 30
1.000000000
 10
38.263545724
 20
36.215099140
 30
1.000000000
 10
38.049777817
 20
36.299286008
 30
1.000000000
 10
37.845714820
 20
36.376305572
 30
1.000000000
 10
37.652871488
 20
36.409504712
 30
1.000000000
 10
37.467123400
 20
36.439737815
 30
1.000000000
 10
37.312181417
 20
36.428360189
 30
1.000000000
 10
37.151684015
 20
36.345679436
 30
1.000000000
 10
36.924719588
 20
36.226976594
 30
1.000000000
 10
36.669712220
 20
35.946108987
 30
1.000000000
 10
36.196526901
 20
35.303536303
 30
1.000000000
  0
ARC
  5
A80
330
A02
100
AcDbEntity
  8
Body
100
AcDbCircle
 10
-0.000000000
 20
34.000000000
 30
1.000000000
 40
19.370337817
100
AcDbArc
 50
22.584531797
 51
37.415468203
  0
LINE
  5
A81
330
A02
100
AcDbEntity
  8
Body
100
AcDbLine
 10
17.884902776
 20
41.439102086
 30
1.000000000
 11
40.124846415
 21
54.279339533
 31
1.000000000
  0
ARC
  5
A82
330
A02
100
AcDbEntity
  8
Body
100
AcDbCircle
 10
0.000000000
 20
0.000000000
 30
1.000000000
 40
67.500000000
100
AcDbArc
 50
53.527124190
 51
58.245939653
  0
LINE
  5
A83
330
A02
100
AcDbEntity
  8
Body
100
AcDbLine
 10
15.384902776
 20
45.769229105
 30
1.000000000
 11
35.523507403
 21
57.396257908
 31
1.000000000
  0
ARC
  5
A84
330
A02
100
AcDbEntity
  8
Body
100
AcDbCircle
 10
35.441816626
 20
25.464139354
 30
1.000000000
 40
13.460634886
100
AcDbArc
 50
26.641609047
 51
55.070964020
  0
LINE
  5
A85
330
A02
100
AcDbEntity
  8
Body
100
AcDbLine
 10
47.473320180
 20
31.500000000
 30
1.000000000
 11
68.064307827
 21
31.500000000
 31
1.000000000
  0
ARC
  5
A86
330
A02
100
AcDbEntity
  8
Body
100
AcDbCircle
 10
0.000000000
 20
0.000000000
 30
1.000000000
 40
75.000000000
100
AcDbArc
 50
24.834587490
 51
88.854008002
  0
LINE
  5
A87
330
A02
100
AcDbEntity
  8
Body
100
AcDbLine
 10
1.500000000
 20
74.984998500
 30
1.000000000
 11
1.500000000
 21
69.983926726
 31
1.000000000
  0
ARC
  5
A88
330
A02
100
AcDbEntity
  8
Body
100
AcDbCircle
 10
0.000000000
 20
0.000000000
 30
1.000000000
 40
70.000000000
100
AcDbArc
 50
76.174961595
 51
88.772139315
  0
LINE
  5
A89
330
A02
100
AcDbEntity
  8
Body
100
AcDbLine
 10
16.727047610
 20
67.972096321
 30
1.000000000
 11
7.439102086
 21
51.884902776
 31
1.000000000
  0
ARC
  5
A8A
330
A02
100
AcDbEntity
  8
Body
100
AcDbCircle
 10
-0.000000000
 20
34.000000000
 30
1.000000000
 40
19.370337817
100
AcDbArc
 50
52.584531797
 51
67.415468203
  0
LINE
  5
A8B
330
A02
100
AcDbEntity
  8
Body
100
AcDbLine
 10
11.769229105
 20
49.384902776
 30
1.000000000
 11
21.683506342
 21
66.556934670
 31
1.000000000
  0
ARC
  5
A8C
330
A02
100
AcDbEntity
  8
Body
100
AcDbCircle
 10
0.000000000
 20
0.000000000
 30
1.000000000
 40
70.000000000
100
AcDbArc
 50
31.428126115
 51
71.954968708
  0
LINE
  5
A8D
330
A02
100
AcDbEntity
  8
Body
100
AcDbLine
 10
43.148857000
 20
36.500000000
 30
1.000000000
 11
59.730645401
 21
36.500000000
 31
1.000000000
  0
LINE
  5
A8E
330
A02
100
AcDbEntity
  8
Body
100
AcDbLine
 10
-2.500000000
 20
67.453687816
 30
1.000000000
 11
-2.500000000
 21
53.208331191
 31
1.000000000
  0
ARC
  5
A8F
330
A02
100
AcDbEntity
  8
Body
100
AcDbCircle
 10
-0.000000000
 20
34.000000000
 30
1.000000000
 40
19.370337817
100
AcDbArc
 50
82.584531797
 51
97.415468203
  0
LINE
  5
A90
330
A02
100
AcDbEntity
  8
Body
100
AcDbLine
 10
2.500000000
 20
53.208331191
 30
1.000000000
 11
2.500000000
 21
67.453687816
 31
1.000000000
  0
ARC
  5
A91
330
A02
100
AcDbEntity
  8
Body
100
AcDbCircle
 10
0.000000000
 20
0.000000000
 30
1.000000000
 40
67.500000000
100
AcDbArc
 50
87.877448638
 51
92.122551362
  0
LINE
  5
A92
330
A02
100
AcDbEntity
  8
Body
100
AcDbLine
 10
125.000000000
 20
125.000000000
 30
0.000000000
 11
125.000000000
 21
125.000000000
 31
1.000000000
  0
LINE
  5
A93
330
A02
100
AcDbEntity
  8
Body
100
AcDbLine
 10
-125.000000000
 20
125.000000000
 30
0.000000000
 11
-125.000000000
 21
125.000000000
 31
1.000000000
  0
LINE
  5
A94
330
A02
100
AcDbEntity
  8
Body
100
AcDbLine
 10
125.000000000
 20
125.000000000
 30
0.000000000
 11
-125.000000000
 21
125.000000000
 31
0.000000000
  0
LINE
  5
A95
330
A02
100
AcDbEntity
  8
Body
100
AcDbLine
 10
125.000000000
 20
125.000000000
 30
1.000000000
 11
-125.000000000
 21
125.000000000
 31
1.000000000
  0
SPLINE
  5
A96
330
A02
100
AcDbEntity
  8
Body
100
AcDbSpline
210
0
220
0
230
1
 70
8
 71
3
 72
35
 73
31
 74
0
 40
0.000000000
 40
0.000000000
 40
0.000000000
 40
0.000000000
 40
1.000000000
 40
1.000000000
 40
1.000000000
 40
2.000000000
 40
2.000000000
 40
2.000000000
 40
3.000000000
 40
3.000000000
 40
3.000000000
 40
4.000000000
 40
4.000000000
 40
4.000000000
 40
5.000000000
 40
5.000000000
 40
5.000000000
 40
6.000000000
 40
6.000000000
 40
6.000000000
 40
7.000000000
 40
7.000000000
 40
7.000000000
 40
8.000000000
 40
8.000000000
 40
8.000000000
 40
9.000000000
 40
9.000000000
 40
9.000000000
 40
10.000000000
 40
10.000000000
 40
10.000000000
 40
10.000000000
 10
-10.707600000
 20
-55.377200000
 30
0.000000000
 10
-15.853995785
 20
-50.695021935
 30
0.000000000
 10
-19.111965090
 20
-48.151873263
 30
0.000000000
 10
-21.762791860
 20
-46.262070592
 30
0.000000000
 10
-24.413618630
 20
-44.372267920
 30
0.000000000
 10
-26.457302866
 20
-43.135811249
 30
0.000000000
 10
-28.233134626
 20
-42.114909549
 30
0.000000000
 10
-30.008966386
 20
-41.094007850
 30
0.000000000
 10
-31.516945671
 20
-40.288661121
 30
0.000000000
 10
-32.694472021
 20
-39.715088741
 30
0.000000000
 10
-33.871998372
 20
-39.141516361
 30
0.000000000
 10
-34.719071790
 20
-38.799718329
 30
0.000000000
 10
-35.277900000
 20
-38.630500000
 30
0.000000000
 10
-35.836728210
 20
-38.461281671
 30
0.000000000
 10
-36.107311212
 20
-38.464643043
 30
0.000000000
 10
-36.161058888
 20
-38.611679783
 30
0.000000000
 10
-36.214806564
 20
-38.758716523
 30
0.000000000
 10
-36.051718914
 20
-39.049428631
 30
0.000000000
 10
-35.557506102
 20
-39.417518330
 30
0.000000000
 10
-35.063293290
 20
-39.785608029
 30
0.000000000
 10
-34.237955315
 20
-40.231075319
 30
0.000000000
 10
-32.954998672
 20
-40.994596479
 30
0.000000000
 10
-31.672042029
 20
-41.758117639
 30
0.000000000
 10
-29.931466717
 20
-42.839692670
 30
0.000000000
 10
-28.035448372
 20
-44.121222491
 30
0.000000000
 10
-26.139430027
 20
-45.402752312
 30
0.000000000
 10
-24.087968649
 20
-46.884236923
 30
0.000000000
 10
-21.233722251
 20
-49.238140579
 30
0.000000000
 10
-18.379475854
 20
-51.592044236
 30
0.000000000
 10
-14.722444437
 20
-54.818366938
 30
0.000000000
 10
-11.986400000
 20
-58.087200000
 30
0.000000000
  0
LINE
  5
A97
330
A02
100
AcDbEntity
  8
Body
100
AcDbLine
 10
-11.986400000
 20
-58.087200000
 30
0.000000000
 11
-11.986400000
 21
-58.087200000
 31
1.000000000
  0
SPLINE
  5
A98
330
A02
100
AcDbEntity
  8
Body
100
AcDbSpline
210
0
220
0
230
1
 70
8
 71
3
 72
74
 73
70
 74
0
 40
0.000000000
 40
0.000000000
 40
0.000000000
 40
0.000000000
 40
0.083421078
 40
0.083421078
 40
0.083421078
 40
0.162908786
 40
0.162908786
 40
0.162908786
 40
0.175267147
 40
0.175267147
 40
0.175267147
 40
0.254471794
 40
0.254471794
 40
0.254471794
 40
0.274601129
 40
0.274601129
 40
0.274601129
 40
0.294029342
 40
0.294029342
 40
0.294029342
 40
0.377631007
 40
0.377631007
 40
0.377631007
 40
0.411883902
 40
0.411883902
 40
0.411883902
 40
0.421471287
 40
0.421471287
 40
0.421471287
 40
0.430444259
 40
0.430444259
 40
0.430444259
 40
0.445043185
 40
0.445043185
 40
0.445043185
 40
0.451115733
 40
0.451115733
 40
0.451115733
 40
0.459779533
 40
0.459779533
 40
0.459779533
 40
0.466634222
 40
0.466634222
 40
0.466634222
 40
0.479544835
 40
0.479544835
 40
0.479544835
 40
0.496270006
 40
0.496270006
 40
0.496270006
 40
0.537886061
 40
0.537886061
 40
0.537886061
 40
0.574914640
 40
0.574914640
 40
0.574914640
 40
0.619352909
 40
0.619352909
 40
0.619352909
 40
0.631349012
 40
0.631349012
 40
0.631349012
 40
0.754945714
 40
0.754945714
 40
0.754945714
 40
0.853873708
 40
0.853873708
 40
0.853873708
 40
1.000000000
 40
1.000000000
 40
1.000000000
 40
1.000000000
 10
-11.986400000
 20
-58.087200000
 30
1.000000000
 10
-13.317982077
 20
-56.499459203
 30
1.000000000
 10
-14.771347682
 20
-55.016890390
 30
1.000000000
 10
-16.275593548
 20
-53.592480608
 30
1.000000000
 10
-17.710650498
 20
-52.236115179
 30
1.000000000
 10
-19.196899335
 20
-50.934771784
 30
1.000000000
 10
-20.711660156
 20
-49.671086103
 30
1.000000000
 10
-20.947348308
 20
-49.474572427
 30
1.000000000
 10
-21.178134547
 20
-49.283526354
 30
1.000000000
 10
-21.404018872
 20
-49.097947883
 30
1.000000000
 10
-22.850892437
 20
-47.908846985
 30
1.000000000
 10
-24.323496004
 20
-46.754153989
 30
1.000000000
 10
-25.834237742
 20
-45.659904356
 30
1.000000000
 10
-26.218130769
 20
-45.381742245
 30
1.000000000
 10
-26.604289557
 20
-45.107309464
 30
1.000000000
 10
-26.992714105
 20
-44.836606011
 30
1.000000000
 10
-27.366836413
 20
-44.576066389
 30
1.000000000
 10
-27.733359041
 20
-44.324809952
 30
1.000000000
 10
-28.092281987
 20
-44.082836701
 30
1.000000000
 10
-29.639468795
 20
-43.039329733
 30
1.000000000
 10
-31.215130273
 20
-42.035868592
 30
1.000000000
 10
-32.798866645
 20
-41.087738119
 30
1.000000000
 10
-33.446170065
 20
-40.699191688
 30
1.000000000
 10
-34.099305071
 20
-40.326546181
 30
1.000000000
 10
-34.726239327
 20
-39.954410840
 30
1.000000000
 10
-34.901816556
 20
-39.850281926
 30
1.000000000
 10
-35.072762222
 20
-39.744598396
 30
1.000000000
 10
-35.239076325
 20
-39.637360250
 30
1.000000000
 10
-35.395103296
 20
-39.535770560
 30
1.000000000
 10
-35.524676150
 20
-39.445286258
 30
1.000000000
 10
-35.642912943
 20
-39.352112182
 30
1.000000000
 10
-35.835343108
 20
-39.200195284
 30
1.000000000
 10
-36.008976995
 20
-39.032943169
 30
1.000000000
 10
-36.105564200
 20
-38.868067211
 30
1.000000000
 10
-36.146406706
 20
-38.798708266
 30
1.000000000
 10
-36.168143918
 20
-38.734740128
 30
1.000000000
 10
-36.170775836
 20
-38.676162797
 30
1.000000000
 10
-36.171778541
 20
-38.593771800
 30
1.000000000
 10
-36.130330781
 20
-38.540790305
 30
1.000000000
 10
-36.046432553
 20
-38.517218312
 30
1.000000000
 10
-35.979617140
 20
-38.500293657
 30
1.000000000
 10
-35.898952515
 20
-38.497736918
 30
1.000000000
 10
-35.804438680
 20
-38.509548096
 30
1.000000000
 10
-35.629233750
 20
-38.529940237
 30
1.000000000
 10
-35.429528731
 20
-38.583354652
 30
1.000000000
 10
-35.226826059
 20
-38.646197213
 30
1.000000000
 10
-34.961889617
 20
-38.730412770
 30
1.000000000
 10
-34.692317599
 20
-38.828156994
 30
1.000000000
 10
-34.418110006
 20
-38.939429886
 30
1.000000000
 10
-33.737617233
 20
-39.213695682
 30
1.000000000
 10
-33.050668792
 20
-39.536817322
 30
1.000000000
 10
-32.368555536
 20
-39.875573576
 30
1.000000000
 10
-31.761143089
 20
-40.178967810
 30
1.000000000
 10
-31.155975312
 20
-40.493766744
 30
1.000000000
 10
-30.553052205
 20
-40.819970377
 30
1.000000000
 10
-29.829546926
 20
-41.211039226
 30
1.000000000
 10
-29.109274389
 20
-41.612252711
 30
1.000000000
 10
-28.392234593
 20
-42.023610833
 30
1.000000000
 10
-28.198714895
 20
-42.134419699
 30
1.000000000
 10
-28.001842870
 20
-42.247979008
 30
1.000000000
 10
-27.801618520
 20
-42.364288762
 30
1.000000000
 10
-25.735451515
 20
-43.559491360
 30
1.000000000
 10
-23.718686375
 20
-44.864338695
 30
1.000000000
 10
-21.762791860
 20
-46.262070592
 30
1.000000000
 10
-20.196104477
 20
-47.380766256
 30
1.000000000
 10
-18.665518627
 20
-48.550907567
 30
1.000000000
 10
-17.171034310
 20
-49.772494523
 30
1.000000000
 10
-14.962079209
 20
-51.572991661
 30
1.000000000
 10
-12.818865374
 20
-53.457611923
 30
1.000000000
 10
-10.707600000
 20
-55.377200000
 30
1.000000000
  0
LINE
  5
A99
330
A02
100
AcDbEntity
  8
Body
100
AcDbLine
 10
-10.707600000
 20
-55.377200000
 30
0.000000000
 11
-10.707600000
 21
-55.377200000
 31
1.000000000
  0
SPLINE
  5
A9A
330
A02
100
AcDbEntity
  8
Body
100
AcDbSpline
210
0
220
0
230
1
 70
8
 71
3
 72
86
 73
82
 74
0
 40
0.000000000
 40
0.000000000
 40
0.000000000
 40
0.000000000
 40
0.468750000
 40
0.468750000
 40
0.468750000
 40
0.937500000
 40
0.937500000
 40
0.937500000
 40
1.406250000
 40
1.406250000
 40
1.406250000
 40
1.875000000
 40
1.875000000
 40
1.875000000
 40
2.343750000
 40
2.343750000
 40
2.343750000
 40
2.812500000
 40
2.812500000
 40
2.812500000
 40
3.281250000
 40
3.281250000
 40
3.281250000
 40
3.750000000
 40
3.750000000
 40
3.750000000
 40
4.218750000
 40
4.218750000
 40
4.218750000
 40
4.687500000
 40
4.687500000
 40
4.687500000
 40
5.156250000
 40
5.156250000
 40
5.156250000
 40
5.625000000
 40
5.625000000
 40
5.625000000
 40
6.093750000
 40
6.093750000
 40
6.093750000
 40
6.562500000
 40
6.562500000
 40
6.562500000
 40
7.500000000
 40
7.500000000
 40
7.500000000
 40
8.437500000
 40
8.437500000
 40
8.437500000
 40
8.906250000
 40
8.906250000
 40
8.906250000
 40
9.375000000
 40
9.375000000
 40
9.375000000
 40
9.843750000
 40
9.843750000
 40
9.843750000
 40
10.312500000
 40
10.312500000
 40
10.312500000
 40
11.250000000
 40
11.250000000
 40
11.250000000
 40
12.187500000
 40
12.187500000
 40
12.187500000
 40
12.656250000
 40
12.656250000
 40
12.656250000
 40
13.125000000
 40
13.125000000
 40
13.125000000
 40
14.062500000
 40
14.062500000
 40
14.062500000
 40
14.531250000
 40
14.531250000
 40
14.531250000
 40
15.000000000
 40
15.000000000
 40
15.000000000
 40
15.000000000
 10
-11.986400000
 20
-58.087200000
 30
0.000000000
 10
-15.876565892
 20
-59.092355843
 30
0.000000000
 10
-19.038718751
 20
-59.360425943
 30
0.000000000
 10
-21.734739062
 20
-59.271937651
 30
0.000000000
 10
-24.426764324
 20
-59.177847422
 30
0.000000000
 10
-26.652657038
 20
-58.727198800
 30
0.000000000
 10
-28.562436279
 20
-58.143664883
 30
0.000000000
 10
-30.470127873
 20
-57.556076099
 30
0.000000000
 10
-32.051461811
 20
-56.827293088
 30
0.000000000
 10
-33.385203477
 20
-56.057071115
 30
0.000000000
 10
-34.718894069
 20
-55.284446115
 30
0.000000000
 10
-35.804970005
 20
-54.470363998
 30
0.000000000
 10
-36.720862818
 20
-53.647373334
 30
0.000000000
 10
-37.636291448
 20
-52.823159151
 30
0.000000000
 10
-38.383604607
 20
-51.984233398
 30
0.000000000
 10
-39.031894469
 20
-51.115813700
 30
0.000000000
 10
-39.679113369
 20
-50.247873448
 30
0.000000000
 10
-40.227394028
 20
-49.350200535
 30
0.000000000
 10
-40.715493339
 20
-48.422414804
 30
0.000000000
 10
-41.202780179
 20
-47.495288725
 30
0.000000000
 10
-41.628602961
 20
-46.537488263
 30
0.000000000
 10
-42.005115555
 20
-45.565416312
 30
0.000000000
 10
-42.381499979
 20
-44.594303596
 30
0.000000000
 10
-42.708209576
 20
-43.608759753
 30
0.000000000
 10
-42.995183857
 20
-42.652647959
 30
0.000000000
 10
-43.282171812
 20
-41.697097743
 30
0.000000000
 10
-43.529180236
 20
-40.772872044
 30
0.000000000
 10
-43.745663358
 20
-39.946285829
 30
0.000000000
 10
-43.962443111
 20
-39.118068490
 30
0.000000000
 10
-44.148328486
 20
-38.390350686
 30
0.000000000
 10
-44.322297977
 20
-37.774332857
 30
0.000000000
 10
-44.496568274
 20
-37.156207349
 30
0.000000000
 10
-44.659250943
 20
-36.649094193
 30
0.000000000
 10
-44.839043201
 20
-36.202463681
 30
0.000000000
 10
-45.018029507
 20
-35.756043902
 30
0.000000000
 10
-45.216983449
 20
-35.364119798
 30
0.000000000
 10
-45.434441735
 20
-34.997969608
 30
0.000000000
 10
-45.650509872
 20
-34.633274313
 30
0.000000000
 10
-45.885013060
 20
-34.294415121
 30
0.000000000
 10
-46.097271885
 20
-33.993669346
 30
0.000000000
 10
-46.309514191
 20
-33.693145648
 30
0.000000000
 10
-46.493643504
 20
-33.436002396
 30
0.000000000
 10
-46.618993087
 20
-33.231333679
 30
0.000000000
 10
-46.875783750
 20
-32.818042068
 30
0.000000000
 10
-46.877189105
 20
-32.627362919
 30
0.000000000
 10
-46.701995126
 20
-32.506114957
 30
0.000000000
 10
-46.524993865
 20
-32.385869510
 30
0.000000000
 10
-46.192029316
 20
-32.327915938
 30
0.000000000
 10
-45.720298669
 20
-32.250066351
 30
0.000000000
 10
-45.480949113
 20
-32.211423603
 30
0.000000000
 10
-45.200834379
 20
-32.168482387
 30
0.000000000
 10
-44.840645261
 20
-32.111087406
 30
0.000000000
 10
-44.480571689
 20
-32.054011148
 30
0.000000000
 10
-44.034142434
 20
-31.980684722
 30
0.000000000
 10
-43.454071802
 20
-31.886670587
 30
0.000000000
 10
-42.876015557
 20
-31.790670766
 30
0.000000000
 10
-42.162957916
 20
-31.682136668
 30
0.000000000
 10
-41.314898879
 20
-31.561068291
 30
0.000000000
 10
-40.467551932
 20
-31.443170852
 30
0.000000000
 10
-39.486120067
 20
-31.322332035
 30
0.000000000
 10
-38.405823034
 20
-31.231159049
 30
0.000000000
 10
-36.247114009
 20
-31.047625520
 30
0.000000000
 10
-33.687387655
 20
-30.988183106
 30
0.000000000
 10
-31.087214298
 20
-31.269670914
 30
0.000000000
 10
-28.482251629
 20
-31.549248881
 30
0.000000000
 10
-25.864504799
 20
-32.168596482
 30
0.000000000
 10
-23.394506332
 20
-33.295057161
 30
0.000000000
 10
-22.157660063
 20
-33.857410977
 30
0.000000000
 10
-20.951104984
 20
-34.546077867
 30
0.000000000
 10
-19.799001310
 20
-35.365750752
 30
0.000000000
 10
-18.647485681
 20
-36.184861288
 30
0.000000000
 10
-17.550525285
 20
-37.134901836
 30
0.000000000
 10
-16.549170863
 20
-38.204508337
 30
0.000000000
 10
-14.541512227
 20
-40.346144944
 30
0.000000000
 10
-12.948933800
 20
-42.946677934
 30
0.000000000
 10
-11.945839467
 20
-45.983429370
 30
0.000000000
 10
-11.441869795
 20
-47.499174089
 30
0.000000000
 10
-11.076820144
 20
-49.148004661
 30
0.000000000
 10
-10.863871383
 20
-50.797828846
 30
0.000000000
 10
-10.651344924
 20
-52.439879160
 30
0.000000000
 10
-10.590919356
 20
-54.082923087
 30
0.000000000
 10
-10.707600000
 20
-55.377200000
 30
0.000000000
  0
LINE
  5
A9B
330
A02
100
AcDbEntity
  8
Body
100
AcDbLine
 10
-10.707600000
 20
-55.377200000
 30
0.000000000
 11
-10.707600000
 21
-55.377200000
 31
1.000000000
  0
SPLINE
  5
A9C
330
A02
100
AcDbEntity
  8
Body
100
AcDbSpline
210
0
220
0
230
1
 70
8
 71
3
 72
86
 73
82
 74
0
 40
0.000000000
 40
0.000000000
 40
0.000000000
 40
0.000000000
 40
0.023159793
 40
0.023159793
 40
0.023159793
 40
0.049153761
 40
0.049153761
 40
0.049153761
 40
0.114547369
 40
0.114547369
 40
0.114547369
 40
0.180802422
 40
0.180802422
 40
0.180802422
 40
0.243837325
 40
0.243837325
 40
0.243837325
 40
0.288531205
 40
0.288531205
 40
0.288531205
 40
0.333445849
 40
0.333445849
 40
0.333445849
 40
0.382872232
 40
0.382872232
 40
0.382872232
 40
0.449673423
 40
0.449673423
 40
0.449673423
 40
0.475006415
 40
0.475006415
 40
0.475006415
 40
0.491174691
 40
0.491174691
 40
0.491174691
 40
0.501482128
 40
0.501482128
 40
0.501482128
 40
0.505020725
 40
0.505020725
 40
0.505020725
 40
0.512665686
 40
0.512665686
 40
0.512665686
 40
0.519147398
 40
0.519147398
 40
0.519147398
 40
0.529150516
 40
0.529150516
 40
0.529150516
 40
0.546839818
 40
0.546839818
 40
0.546839818
 40
0.558819721
 40
0.558819721
 40
0.558819721
 40
0.573530878
 40
0.573530878
 40
0.573530878
 40
0.599661920
 40
0.599661920
 40
0.599661920
 40
0.619684498
 40
0.619684498
 40
0.619684498
 40
0.686262581
 40
0.686262581
 40
0.686262581
 40
0.726980238
 40
0.726980238
 40
0.726980238
 40
0.747088185
 40
0.747088185
 40
0.747088185
 40
0.831860552
 40
0.831860552
 40
0.831860552
 40
0.899731422
 40
0.899731422
 40
0.899731422
 40
1.000000000
 40
1.000000000
 40
1.000000000
 40
1.000000000
 10
-10.707600000
 20
-55.377200000
 30
1.000000000
 10
-10.637871254
 20
-54.591794023
 30
1.000000000
 10
-10.636895072
 20
-53.800178423
 30
1.000000000
 10
-10.670412685
 20
-53.011153640
 30
1.000000000
 10
-10.710642432
 20
-52.124455895
 30
1.000000000
 10
-10.795032431
 20
-51.241729251
 30
1.000000000
 10
-10.923582684
 20
-50.362973710
 30
1.000000000
 10
-11.245514845
 20
-48.155441406
 30
1.000000000
 10
-11.826042446
 20
-45.977998690
 30
1.000000000
 10
-12.737478783
 20
-43.940315586
 30
1.000000000
 10
-13.657238587
 20
-41.875500930
 30
1.000000000
 10
-14.918939269
 20
-39.965369455
 30
1.000000000
 10
-16.453355039
 20
-38.307535931
 30
1.000000000
 10
-17.911905713
 20
-36.729176857
 30
1.000000000
 10
-19.608052536
 20
-35.372047368
 30
1.000000000
 10
-21.464269644
 20
-34.292123193
 30
1.000000000
 10
-22.780316762
 20
-33.525858993
 30
1.000000000
 10
-24.177588303
 20
-32.901399343
 30
1.000000000
 10
-25.622648511
 20
-32.423719905
 30
1.000000000
 10
-27.074919930
 20
-31.942708574
 30
1.000000000
 10
-28.573651307
 20
-31.608531280
 30
1.000000000
 10
-30.087442081
 20
-31.394217653
 30
1.000000000
 10
-31.753835293
 20
-31.158375009
 30
1.000000000
 10
-33.438454986
 20
-31.064761895
 30
1.000000000
 10
-35.119161258
 20
-31.076877289
 30
1.000000000
 10
-37.390716364
 20
-31.091673858
 30
1.000000000
 10
-39.658976394
 20
-31.311732257
 30
1.000000000
 10
-41.883399585
 20
-31.642493723
 30
1.000000000
 10
-42.725474870
 20
-31.766012839
 30
1.000000000
 10
-43.564969350
 20
-31.904794963
 30
1.000000000
 10
-44.374601048
 20
-32.036235822
 30
1.000000000
 10
-44.889822020
 20
-32.120567655
 30
1.000000000
 10
-45.391453460
 20
-32.196352618
 30
1.000000000
 10
-45.842427193
 20
-32.270107206
 30
1.000000000
 10
-46.127286962
 20
-32.319458187
 30
1.000000000
 10
-46.401835740
 20
-32.364343913
 30
1.000000000
 10
-46.605714388
 20
-32.452672492
 30
1.000000000
 10
-46.676104087
 20
-32.482865196
 30
1.000000000
 10
-46.731483794
 20
-32.522116274
 30
1.000000000
 10
-46.771853509
 20
-32.570425728
 30
1.000000000
 10
-46.860858414
 20
-32.674725980
 30
1.000000000
 10
-46.827074268
 20
-32.844252375
 30
1.000000000
 10
-46.734811384
 20
-33.025125773
 30
1.000000000
 10
-46.658267248
 20
-33.178678240
 30
1.000000000
 10
-46.552617294
 20
-33.339399288
 30
1.000000000
 10
-46.442370518
 20
-33.501507293
 30
1.000000000
 10
-46.270751894
 20
-33.752242649
 30
1.000000000
 10
-46.084330321
 20
-34.008189757
 30
1.000000000
 10
-45.904008728
 20
-34.270416363
 30
1.000000000
 10
-45.583340041
 20
-34.733980848
 30
1.000000000
 10
-45.282651438
 20
-35.220584752
 30
1.000000000
 10
-45.040006985
 20
-35.740216405
 30
1.000000000
 10
-44.876097456
 20
-36.092584897
 30
1.000000000
 10
-44.732499448
 20
-36.456299701
 30
1.000000000
 10
-44.609212961
 20
-36.831360818
 30
1.000000000
 10
-44.458742713
 20
-37.292256385
 30
1.000000000
 10
-44.320572751
 20
-37.760837820
 30
1.000000000
 10
-44.194703075
 20
-38.237105122
 30
1.000000000
 10
-43.967411865
 20
-39.081211792
 30
1.000000000
 10
-43.752282552
 20
-39.936167353
 30
1.000000000
 10
-43.522462868
 20
-40.788790411
 30
1.000000000
 10
-43.347823017
 20
-41.442826693
 30
1.000000000
 10
-43.162839935
 20
-42.094724573
 30
1.000000000
 10
-42.967513622
 20
-42.744484051
 30
1.000000000
 10
-42.316391163
 20
-44.902241302
 30
1.000000000
 10
-41.510877516
 20
-47.027666539
 30
1.000000000
 10
-40.402821915
 20
-48.997417410
 30
1.000000000
 10
-39.726768130
 20
-50.201218800
 30
1.000000000
 10
-38.932461994
 20
-51.341762037
 30
1.000000000
 10
-38.003959052
 20
-52.367849520
 30
1.000000000
 10
-37.545315198
 20
-52.875086791
 30
1.000000000
 10
-37.058296459
 20
-53.354278555
 30
1.000000000
 10
-36.542902837
 20
-53.805424813
 30
1.000000000
 10
-34.369788846
 20
-55.707775397
 30
1.000000000
 10
-31.763885747
 20
-57.097469633
 30
1.000000000
 10
-29.014064209
 20
-58.000161127
 30
1.000000000
 10
-26.809366014
 20
-58.724352058
 30
1.000000000
 10
-24.503177268
 20
-59.138314263
 30
1.000000000
 10
-22.182878917
 20
-59.253149897
 30
1.000000000
 10
-18.750602629
 20
-59.426505860
 30
1.000000000
 10
-15.308301594
 20
-58.948777252
 30
1.000000000
 10
-11.986400000
 20
-58.087200000
 30
1.000000000
  0
LINE
  5
A9D
330
A02
100
AcDbEntity
  8
Body
100
AcDbLine
 10
-11.986400000
 20
-58.087200000
 30
0.000000000
 11
-11.986400000
 21
-58.087200000
 31
1.000000000
  0
ARC
  5
A9E
330
A02
100
AcDbEntity
  8
Body
100
AcDbCircle
 10
0.000000000
 20
0.000000000
 30
0.000000000
 40
75.000000000
100
AcDbArc
 50
157.666317342
 51
-91.145991998
  0
LINE
  5
A9F
330
A02
100
AcDbEntity
  8
Body
100
AcDbLine
 10
-1.500000000
 20
-74.984998500
 30
0.000000000
 11
-1.500000000
 21
-74.984998500
 31
1.000000000
  0
ARC
  5
AA0
330
A02
100
AcDbEntity
  8
Body
100
AcDbCircle
 10
0.000000000
 20
0.000000000
 30
1.000000000
 40
75.000000000
100
AcDbArc
 50
157.666317342
 51
-91.145991998
  0
LINE
  5
AA1
330
A02
100
AcDbEntity
  8
Body
100
AcDbLine
 10
-69.373986479
 20
28.500000000
 30
0.000000000
 11
-69.373986479
 21
28.500000000
 31
1.000000000
  0
LINE
  5
AA2
330
A02
100
AcDbEntity
  8
Body
100
AcDbLine
 10
-1.500000000
 20
-69.983926726
 30
0.000000000
 11
-1.500000000
 21
-74.984998500
 31
0.000000000
  0
LINE
  5
AA3
330
A02
100
AcDbEntity
  8
Body
100
AcDbLine
 10
-1.500000000
 20
-74.984998500
 30
0.000000000
 11
-1.500000000
 21
-74.984998500
 31
1.000000000
  0
LINE
  5
AA4
330
A02
100
AcDbEntity
  8
Body
100
AcDbLine
 10
-1.500000000
 20
-69.983926726
 30
1.000000000
 11
-1.500000000
 21
-74.984998500
 31
1.000000000
  0
LINE
  5
AA5
330
A02
100
AcDbEntity
  8
Body
100
AcDbLine
 10
-1.500000000
 20
-69.983926726
 30
0.000000000
 11
-1.500000000
 21
-69.983926726
 31
1.000000000
  0
ARC
  5
AA6
330
A02
100
AcDbEntity
  8
Body
100
AcDbCircle
 10
0.000000000
 20
0.000000000
 30
0.000000000
 40
70.000000000
100
AcDbArc
 50
155.974520527
 51
-91.227860685
  0
LINE
  5
AA7
330
A02
100
AcDbEntity
  8
Body
100
AcDbLine
 10
-1.500000000
 20
-69.983926726
 30
0.000000000
 11
-1.500000000
 21
-69.983926726
 31
1.000000000
  0
ARC
  5
AA8
330
A02
100
AcDbEntity
  8
Body
100
AcDbCircle
 10
0.000000000
 20
0.000000000
 30
1.000000000
 40
70.000000000
100
AcDbArc
 50
155.974520527
 51
-91.227860685
  0
LINE
  5
AA9
330
A02
100
AcDbEntity
  8
Body
100
AcDbLine
 10
-63.935514388
 20
28.500000000
 30
0.000000000
 11
-63.935514388
 21
28.500000000
 31
1.000000000
  0
LINE
  5
AAA
330
A02
100
AcDbEntity
  8
Body
100
AcDbLine
 10
-69.373986479
 20
28.500000000
 30
0.000000000
 11
-63.935514388
 21
28.500000000
 31
0.000000000
  0
LINE
  5
AAB
330
A02
100
AcDbEntity
  8
Body
100
AcDbLine
 10
-63.935514388
 20
28.500000000
 30
0.000000000
 11
-63.935514388
 21
28.500000000
 31
1.000000000
  0
LINE
  5
AAC
330
A02
100
AcDbEntity
  8
Body
100
AcDbLine
 10
-69.373986479
 20
28.500000000
 30
1.000000000
 11
-63.935514388
 21
28.500000000
 31
1.000000000
  0
LINE
  5
AAD
330
A02
100
AcDbEntity
  8
Body
100
AcDbLine
 10
-69.373986479
 20
28.500000000
 30
0.000000000
 11
-69.373986479
 21
28.500000000
 31
1.000000000
  0
LINE
  5
AAE
330
A02
100
AcDbEntity
  8
Body
100
AcDbLine
 10
-44.646972924
 20
-5.097981757
 30
0.000000000
 11
-44.646972924
 21
-5.097981757
 31
1.000000000
  0
SPLINE
  5
AAF
330
A02
100
AcDbEntity
  8
Body
100
AcDbSpline
210
0
220
0
230
1
 70
9
 71
3
 72
140
 73
136
 74
0
 40
0.000000000
 40
0.000000000
 40
0.000000000
 40
0.000000000
 40
0.021470632
 40
0.021470632
 40
0.021470632
 40
0.032464896
 40
0.032464896
 40
0.032464896
 40
0.036057456
 40
0.036057456
 40
0.036057456
 40
0.046840818
 40
0.046840818
 40
0.046840818
 40
0.057138266
 40
0.057138266
 40
0.057138266
 40
0.063292821
 40
0.063292821
 40
0.063292821
 40
0.070036077
 40
0.070036077
 40
0.070036077
 40
0.087402887
 40
0.087402887
 40
0.087402887
 40
0.105046971
 40
0.105046971
 40
0.105046971
 40
0.133714125
 40
0.133714125
 40
0.133714125
 40
0.150746365
 40
0.150746365
 40
0.150746365
 40
0.179040888
 40
0.179040888
 40
0.179040888
 40
0.190227184
 40
0.190227184
 40
0.190227184
 40
0.196903471
 40
0.196903471
 40
0.196903471
 40
0.203909457
 40
0.203909457
 40
0.203909457
 40
0.218020308
 40
0.218020308
 40
0.218020308
 40
0.222479992
 40
0.222479992
 40
0.222479992
 40
0.226748020
 40
0.226748020
 40
0.226748020
 40
0.240694330
 40
0.240694330
 40
0.240694330
 40
0.250585642
 40
0.250585642
 40
0.250585642
 40
0.262474195
 40
0.262474195
 40
0.262474195
 40
0.283162557
 40
0.283162557
 40
0.283162557
 40
0.309058989
 40
0.309058989
 40
0.309058989
 40
0.326466354
 40
0.326466354
 40
0.326466354
 40
0.353592806
 40
0.353592806
 40
0.353592806
 40
0.368290658
 40
0.368290658
 40
0.368290658
 40
0.429317853
 40
0.429317853
 40
0.429317853
 40
0.439155702
 40
0.439155702
 40
0.439155702
 40
0.468136838
 40
0.468136838
 40
0.468136838
 40
0.497803358
 40
0.497803358
 40
0.497803358
 40
0.523721230
 40
0.523721230
 40
0.523721230
 40
0.555456167
 40
0.555456167
 40
0.555456167
 40
0.576946362
 40
0.576946362
 40
0.576946362
 40
0.622628815
 40
0.622628815
 40
0.622628815
 40
0.636390275
 40
0.636390275
 40
0.636390275
 40
0.692035279
 40
0.692035279
 40
0.692035279
 40
0.730630226
 40
0.730630226
 40
0.730630226
 40
0.758460189
 40
0.758460189
 40
0.758460189
 40
0.784934948
 40
0.784934948
 40
0.784934948
 40
0.814235939
 40
0.814235939
 40
0.814235939
 40
0.824973168
 40
0.824973168
 40
0.824973168
 40
0.873584736
 40
0.873584736
 40
0.873584736
 40
0.902304914
 40
0.902304914
 40
0.902304914
 40
0.932216272
 40
0.932216272
 40
0.932216272
 40
1.000000000
 40
1.000000000
 40
1.000000000
 40
1.000000000
 10
-44.646972924
 20
-5.097981757
 30
1.000000000
 10
-44.671926691
 20
-4.324054619
 30
1.000000000
 10
-44.703023581
 20
-3.556507330
 30
1.000000000
 10
-44.740263594
 20
-2.795339890
 30
1.000000000
 10
-44.757533011
 20
-2.407160892
 30
1.000000000
 10
-44.777964743
 20
-2.021177930
 30
1.000000000
 10
-44.779201377
 20
-1.649495752
 30
1.000000000
 10
-44.779350112
 20
-1.528809608
 30
1.000000000
 10
-44.776347388
 20
-1.419882773
 30
1.000000000
 10
-44.770193205
 20
-1.322715249
 30
1.000000000
 10
-44.751520092
 20
-1.031278851
 30
1.000000000
 10
-44.700669473
 20
-0.816379960
 30
1.000000000
 10
-44.603097273
 20
-0.631242055
 30
1.000000000
 10
-44.510521802
 20
-0.454476449
 30
1.000000000
 10
-44.369821113
 20
-0.307262027
 30
1.000000000
 10
-44.206616017
 20
-0.175335271
 30
1.000000000
 10
-44.109531841
 20
-0.097122236
 30
1.000000000
 10
-43.996695824
 20
-0.015554662
 30
1.000000000
 10
-43.868107968
 20
0.069367451
 30
1.000000000
 10
-43.726379435
 20
0.163184793
 30
1.000000000
 10
-43.580623153
 20
0.255591201
 30
1.000000000
 10
-43.430839123
 20
0.346586673
 30
1.000000000
 10
-43.044476170
 20
0.582036281
 30
1.000000000
 10
-42.642500626
 20
0.800433960
 30
1.000000000
 10
-42.224912491
 20
1.001779711
 30
1.000000000
 10
-41.801631255
 20
1.205120760
 30
1.000000000
 10
-41.333958606
 20
1.402093792
 30
1.000000000
 10
-40.835130998
 20
1.568990686
 30
1.000000000
 10
-40.024217545
 20
1.839424826
 30
1.000000000
 10
-39.181225660
 20
2.019828670
 30
1.000000000
 10
-38.330319480
 20
2.125296394
 30
1.000000000
 10
-37.822334453
 20
2.187854411
 30
1.000000000
 10
-37.317461464
 20
2.221805338
 30
1.000000000
 10
-36.815700512
 20
2.227149175
 30
1.000000000
 10
-35.986436153
 20
2.234539198
 30
1.000000000
 10
-35.155600282
 20
2.167865186
 30
1.000000000
 10
-34.351134103
 20
2.003333095
 30
1.000000000
 10
-34.032243218
 20
1.937480815
 30
1.000000000
 10
-33.738215214
 20
1.859223066
 30
1.000000000
 10
-33.469050088
 20
1.768559848
 30
1.000000000
 10
-33.308871548
 20
1.714700621
 30
1.000000000
 10
-33.152425305
 20
1.653997095
 30
1.000000000
 10
-32.999711359
 20
1.586449271
 30
1.000000000
 10
-32.839764968
 20
1.515216322
 30
1.000000000
 10
-32.692738181
 20
1.440616574
 30
1.000000000
 10
-32.558630998
 20
1.362650028
 30
1.000000000
 10
-32.288785071
 20
1.206319059
 30
1.000000000
 10
-32.039644377
 20
1.022003399
 30
1.000000000
 10
-31.835270766
 20
0.811052969
 30
1.000000000
 10
-31.770861875
 20
0.744302472
 30
1.000000000
 10
-31.714152147
 20
0.678620075
 30
1.000000000
 10
-31.665141583
 20
0.614005776
 30
1.000000000
 10
-31.618024230
 20
0.552361244
 30
1.000000000
 10
-31.576188014
 20
0.489087552
 30
1.000000000
 10
-31.539632935
 20
0.424184700
 30
1.000000000
 10
-31.419039368
 20
0.212526954
 30
1.000000000
 10
-31.369601240
 20
-0.021806946
 30
1.000000000
 10
-31.334600091
 20
-0.277344526
 30
1.000000000
 10
-31.311270612
 20
-0.458891563
 30
1.000000000
 10
-31.288244495
 20
-0.647336864
 30
1.000000000
 10
-31.265521740
 20
-0.842680431
 30
1.000000000
 10
-31.236910204
 20
-1.077244918
 30
1.000000000
 10
-31.198010588
 20
-1.352017302
 30
1.000000000
 10
-31.148822893
 20
-1.666997583
 30
1.000000000
 10
-31.061926980
 20
-2.215504340
 30
1.000000000
 10
-30.960593506
 20
-2.767833514
 30
1.000000000
 10
-30.844822471
 20
-3.323985102
 30
1.000000000
 10
-30.700315528
 20
-4.019545575
 30
1.000000000
 10
-30.536843613
 20
-4.714148478
 30
1.000000000
 10
-30.354406728
 20
-5.407793810
 30
1.000000000
 10
-30.231886524
 20
-5.873758788
 30
1.000000000
 10
-30.100849074
 20
-6.338092986
 30
1.000000000
 10
-29.961294380
 20
-6.800796404
 30
1.000000000
 10
-29.743995983
 20
-7.522078259
 30
1.000000000
 10
-29.505131658
 20
-8.237235002
 30
1.000000000
 10
-29.244701405
 20
-8.946266634
 30
1.000000000
 10
-29.102814257
 20
-9.330386780
 30
1.000000000
 10
-28.953557138
 20
-9.718379347
 30
1.000000000
 10
-28.796930048
 20
-10.110244333
 30
1.000000000
 10
-28.149534711
 20
-11.736170674
 30
1.000000000
 10
-27.442516228
 20
-13.342843448
 30
1.000000000
 10
-26.892055790
 20
-15.005761948
 30
1.000000000
 10
-26.803348832
 20
-15.273728482
 30
1.000000000
 10
-26.719724047
 20
-15.541464672
 30
1.000000000
 10
-26.641181435
 20
-15.808970519
 30
1.000000000
 10
-26.410306227
 20
-16.596831780
 30
1.000000000
 10
-26.222080313
 20
-17.397831354
 30
1.000000000
 10
-26.104439619
 20
-18.209847856
 30
1.000000000
 10
-25.984102777
 20
-19.040886224
 30
1.000000000
 10
-25.940206995
 20
-19.869262604
 30
1.000000000
 10
-25.996519445
 20
-20.694886063
 30
1.000000000
 10
-26.045668571
 20
-21.415505352
 30
1.000000000
 10
-26.170984714
 20
-22.132172797
 30
1.000000000
 10
-26.388651299
 20
-22.821130134
 30
1.000000000
 10
-26.654146605
 20
-23.664309644
 30
1.000000000
 10
-27.063038143
 20
-24.465305656
 30
1.000000000
 10
-27.616905152
 20
-25.156604177
 30
1.000000000
 10
-27.994457090
 20
-25.625061352
 30
1.000000000
 10
-28.434210056
 20
-26.051931967
 30
1.000000000
 10
-28.936164052
 20
-26.437216022
 30
1.000000000
 10
-29.999135028
 20
-27.254341502
 30
1.000000000
 10
-31.226035487
 20
-27.844273017
 30
1.000000000
 10
-32.500077958
 20
-28.256465132
 30
1.000000000
 10
-32.884823510
 20
-28.380141465
 30
1.000000000
 10
-33.272740627
 20
-28.486615912
 30
1.000000000
 10
-33.663829309
 20
-28.575888471
 30
1.000000000
 10
-35.242769489
 20
-28.937401461
 30
1.000000000
 10
-36.889748150
 20
-29.023604565
 30
1.000000000
 10
-38.491810202
 20
-28.839859857
 30
1.000000000
 10
-39.600041394
 20
-28.712360425
 30
1.000000000
 10
-40.699710792
 20
-28.459930861
 30
1.000000000
 10
-41.726425767
 20
-28.021544546
 30
1.000000000
 10
-42.465398212
 20
-27.705693491
 30
1.000000000
 10
-43.164570259
 20
-27.289588560
 30
1.000000000
 10
-43.770299979
 20
-26.760368532
 30
1.000000000
 10
-44.346269880
 20
-26.257562691
 30
1.000000000
 10
-44.838151069
 20
-25.653732952
 30
1.000000000
 10
-45.233494852
 20
-24.977551517
 30
1.000000000
 10
-45.671546989
 20
-24.226929685
 30
1.000000000
 10
-45.980539439
 20
-23.412236437
 30
1.000000000
 10
-46.164504691
 20
-22.552988922
 30
1.000000000
 10
-46.231858580
 20
-22.237198839
 30
1.000000000
 10
-46.281582679
 20
-21.918580608
 30
1.000000000
 10
-46.313676986
 20
-21.597134231
 30
1.000000000
 10
-46.456489974
 20
-20.139690370
 30
1.000000000
 10
-46.259959951
 20
-18.673438543
 30
1.000000000
 10
-46.006326930
 20
-17.234562879
 30
1.000000000
 10
-45.854458279
 20
-16.381707347
 30
1.000000000
 10
-45.670317226
 20
-15.504113706
 30
1.000000000
 10
-45.487694969
 20
-14.593096790
 30
1.000000000
 10
-45.296325292
 20
-13.641461479
 30
1.000000000
 10
-45.124452885
 20
-12.684062200
 30
1.000000000
 10
-44.997731756
 20
-11.718394580
 30
1.000000000
 10
-44.707302462
 20
-9.530078117
 30
1.000000000
 10
-44.629796305
 20
-7.312003193
 30
1.000000000
 10
-44.646972924
 20
-5.097981757
 30
1.000000000
  0
LINE
  5
AB0
330
A02
100
AcDbEntity
  8
Body
100
AcDbLine
 10
-44.646972924
 20
-5.097981757
 30
0.000000000
 11
-44.646972924
 21
-5.097981757
 31
1.000000000
  0
SPLINE
  5
AB1
330
A02
100
AcDbEntity
  8
Body
100
AcDbSpline
210
0
220
0
230
1
 70
9
 71
3
 72
59
 73
55
 74
0
 40
0.000000000
 40
0.000000000
 40
0.000000000
 40
0.000000000
 40
1.000000000
 40
1.000000000
 40
1.000000000
 40
2.000000000
 40
2.000000000
 40
2.000000000
 40
3.000000000
 40
3.000000000
 40
3.000000000
 40
4.000000000
 40
4.000000000
 40
4.000000000
 40
5.000000000
 40
5.000000000
 40
5.000000000
 40
6.000000000
 40
6.000000000
 40
6.000000000
 40
7.000000000
 40
7.000000000
 40
7.000000000
 40
8.000000000
 40
8.000000000
 40
8.000000000
 40
9.000000000
 40
9.000000000
 40
9.000000000
 40
10.000000000
 40
10.000000000
 40
10.000000000
 40
11.000000000
 40
11.000000000
 40
11.000000000
 40
12.000000000
 40
12.000000000
 40
12.000000000
 40
13.000000000
 40
13.000000000
 40
13.000000000
 40
14.000000000
 40
14.000000000
 40
14.000000000
 40
15.000000000
 40
15.000000000
 40
15.000000000
 40
16.000000000
 40
16.000000000
 40
16.000000000
 40
17.000000000
 40
17.000000000
 40
17.000000000
 40
18.000000000
 40
18.000000000
 40
18.000000000
 40
18.000000000
 10
-44.646972924
 20
-5.097981757
 30
0.000000000
 10
-44.605268668
 20
-10.246630738
 30
0.000000000
 10
-45.125838300
 20
-12.811611339
 30
0.000000000
 10
-45.606384629
 20
-15.181295480
 30
0.000000000
 10
-46.086930958
 20
-17.550979621
 30
0.000000000
 10
-46.527453983
 20
-19.725367301
 30
0.000000000
 10
-46.300877924
 20
-21.716842327
 30
0.000000000
 10
-46.074301866
 20
-23.708317354
 30
0.000000000
 10
-45.180626723
 20
-25.516879726
 30
0.000000000
 10
-43.795289068
 20
-26.738443735
 30
0.000000000
 10
-42.409951413
 20
-27.960007744
 30
0.000000000
 10
-40.532951245
 20
-28.594573389
 30
0.000000000
 10
-38.574128390
 20
-28.830198306
 30
0.000000000
 10
-36.615305534
 20
-29.065823223
 30
0.000000000
 10
-34.574659990
 20
-28.902507412
 30
0.000000000
 10
-32.628388598
 20
-28.297065677
 30
0.000000000
 10
-30.682117206
 20
-27.691623942
 30
0.000000000
 10
-28.830219964
 20
-26.644056284
 30
0.000000000
 10
-27.658783281
 20
-25.208452885
 30
0.000000000
 10
-26.487346598
 20
-23.772849485
 30
0.000000000
 10
-25.996370473
 20
-21.949210345
 30
0.000000000
 10
-25.973100864
 20
-20.111379476
 30
0.000000000
 10
-25.949831255
 20
-18.273548608
 30
0.000000000
 10
-26.394268162
 20
-16.421526011
 30
0.000000000
 10
-27.043891373
 20
-14.558947680
 30
0.000000000
 10
-27.693514584
 20
-12.696369350
 30
0.000000000
 10
-28.548324099
 20
-10.823235284
 30
0.000000000
 10
-29.209202187
 20
-9.042344028
 30
0.000000000
 10
-29.870080276
 20
-7.261452772
 30
0.000000000
 10
-30.337026939
 20
-5.572804326
 30
0.000000000
 10
-30.661777276
 20
-4.160509192
 30
0.000000000
 10
-30.986527614
 20
-2.748214059
 30
0.000000000
 10
-31.169081628
 20
-1.612272238
 30
0.000000000
 10
-31.261169455
 20
-0.877636633
 30
0.000000000
 10
-31.353257282
 20
-0.143001029
 30
0.000000000
 10
-31.354878923
 20
0.190328360
 30
0.000000000
 10
-31.643839133
 20
0.585452811
 30
0.000000000
 10
-31.932799342
 20
0.980577262
 30
0.000000000
 10
-32.509098122
 20
1.437496775
 30
0.000000000
 10
-33.430163405
 20
1.755294336
 30
0.000000000
 10
-34.351228689
 20
2.073091896
 30
0.000000000
 10
-35.617060478
 20
2.251767504
 30
0.000000000
 10
-36.942775894
 20
2.225229806
 30
0.000000000
 10
-38.268491311
 20
2.198692108
 30
0.000000000
 10
-39.654090356
 20
1.966941105
 30
0.000000000
 10
-40.856799462
 20
1.561715365
 30
0.000000000
 10
-42.059508568
 20
1.156489625
 30
0.000000000
 10
-43.079327735
 20
0.577789147
 30
0.000000000
 10
-43.729719194
 20
0.159734166
 30
0.000000000
 10
-44.380110654
 20
-0.258320815
 30
0.000000000
 10
-44.661074407
 20
-0.515730300
 30
0.000000000
 10
-44.747396744
 20
-1.100110098
 30
0.000000000
 10
-44.833719081
 20
-1.684489896
 30
0.000000000
 10
-44.725400003
 20
-2.595840006
 30
0.000000000
 10
-44.646972924
 20
-5.097981757
 30
0.000000000
  0
SPLINE
  5
AB2
330
A02
100
AcDbEntity
  8
Body
100
AcDbSpline
210
0
220
0
230
1
 70
8
 71
3
 72
92
 73
88
 74
0
 40
0.000000000
 40
0.000000000
 40
0.000000000
 40
0.000000000
 40
1.000000000
 40
1.000000000
 40
1.000000000
 40
2.000000000
 40
2.000000000
 40
2.000000000
 40
3.000000000
 40
3.000000000
 40
3.000000000
 40
4.000000000
 40
4.000000000
 40
4.000000000
 40
5.000000000
 40
5.000000000
 40
5.000000000
 40
6.000000000
 40
6.000000000
 40
6.000000000
 40
7.000000000
 40
7.000000000
 40
7.000000000
 40
8.000000000
 40
8.000000000
 40
8.000000000
 40
9.000000000
 40
9.000000000
 40
9.000000000
 40
10.000000000
 40
10.000000000
 40
10.000000000
 40
11.000000000
 40
11.000000000
 40
11.000000000
 40
12.000000000
 40
12.000000000
 40
12.000000000
 40
13.000000000
 40
13.000000000
 40
13.000000000
 40
14.000000000
 40
14.000000000
 40
14.000000000
 40
15.000000000
 40
15.000000000
 40
15.000000000
 40
16.000000000
 40
16.000000000
 40
16.000000000
 40
17.000000000
 40
17.000000000
 40
17.000000000
 40
18.000000000
 40
18.000000000
 40
18.000000000
 40
19.000000000
 40
19.000000000
 40
19.000000000
 40
20.000000000
 40
20.000000000
 40
20.000000000
 40
21.000000000
 40
21.000000000
 40
21.000000000
 40
22.000000000
 40
22.000000000
 40
22.000000000
 40
23.000000000
 40
23.000000000
 40
23.000000000
 40
24.000000000
 40
24.000000000
 40
24.000000000
 40
25.000000000
 40
25.000000000
 40
25.000000000
 40
26.000000000
 40
26.000000000
 40
26.000000000
 40
27.000000000
 40
27.000000000
 40
27.000000000
 40
28.000000000
 40
28.000000000
 40
28.000000000
 40
29.000000000
 40
29.000000000
 40
29.000000000
 40
29.000000000
 10
-17.086100000
 20
-33.539800000
 30
0.000000000
 10
-13.234500000
 20
-34.035300000
 30
0.000000000
 10
-10.404120000
 20
-33.502500000
 30
0.000000000
 10
-8.128711667
 20
-32.941966667
 30
0.000000000
 10
-5.853303333
 20
-32.381433333
 30
0.000000000
 10
-4.132866667
 20
-31.793166667
 30
0.000000000
 10
-3.206050000
 20
-31.432440651
 30
0.000000000
 10
-2.279233333
 20
-31.071714635
 30
0.000000000
 10
-2.146036667
 20
-30.938529271
 30
0.000000000
 10
-2.039016667
 20
-30.710245938
 30
0.000000000
 10
-1.931996667
 20
-30.481962604
 30
0.000000000
 10
-1.851153333
 20
-30.158581302
 30
0.000000000
 10
-1.588808333
 20
-29.519207318
 30
0.000000000
 10
-1.326463333
 20
-28.879833333
 30
0.000000000
 10
-0.882616667
 20
-27.924466667
 30
0.000000000
 10
-0.233360000
 20
-26.803016667
 30
0.000000000
 10
0.415896667
 20
-25.681566667
 30
0.000000000
 10
1.270563333
 20
-24.394033333
 30
0.000000000
 10
2.674661667
 20
-23.272983333
 30
0.000000000
 10
4.078760000
 20
-22.151933333
 30
0.000000000
 10
6.032290000
 20
-21.197366667
 30
0.000000000
 10
7.397543775
 20
-20.681233333
 30
0.000000000
 10
8.762797550
 20
-20.165100000
 30
0.000000000
 10
9.539775100
 20
-20.087400000
 30
0.000000000
 10
10.091505100
 20
-20.014933333
 30
0.000000000
 10
10.643235100
 20
-19.942466667
 30
0.000000000
 10
10.969717550
 20
-19.875233333
 30
0.000000000
 10
11.302708775
 20
-19.619950000
 30
0.000000000
 10
11.635700000
 20
-19.364666667
 30
0.000000000
 10
11.975200000
 20
-18.921333333
 30
0.000000000
 10
12.430600000
 20
-18.140600000
 30
0.000000000
 10
12.886000000
 20
-17.359866667
 30
0.000000000
 10
13.457300000
 20
-16.241733333
 30
0.000000000
 10
14.048183333
 20
-14.500568333
 30
0.000000000
 10
14.639066667
 20
-12.759403333
 30
0.000000000
 10
15.249533333
 20
-10.395206667
 30
0.000000000
 10
15.599166667
 20
-8.036551500
 30
0.000000000
 10
15.948800000
 20
-5.677896333
 30
0.000000000
 10
16.037600000
 20
-3.324782667
 30
0.000000000
 10
16.048700000
 20
-1.759739333
 30
0.000000000
 10
16.059800000
 20
-0.194696000
 30
0.000000000
 10
15.993200000
 20
0.582277000
 30
0.000000000
 10
15.949316667
 20
1.439130167
 30
0.000000000
 10
15.905433333
 20
2.295983333
 30
0.000000000
 10
15.884266667
 20
3.232716667
 30
0.000000000
 10
15.948250000
 20
4.107795000
 30
0.000000000
 10
16.012233333
 20
4.982873333
 30
0.000000000
 10
16.161366667
 20
5.796296667
 30
0.000000000
 10
16.344400000
 20
6.691063333
 30
0.000000000
 10
16.527433333
 20
7.585830000
 30
0.000000000
 10
16.744366667
 20
8.561940000
 30
0.000000000
 10
16.873166667
 20
9.172003333
 30
0.000000000
 10
17.001966667
 20
9.782066667
 30
0.000000000
 10
17.042633333
 20
10.026083333
 30
0.000000000
 10
16.928183333
 20
10.147240154
 30
0.000000000
 10
16.813733333
 20
10.268396975
 30
0.000000000
 10
16.544166667
 20
10.266693951
 30
0.000000000
 10
15.385033333
 20
10.137907284
 30
0.000000000
 10
14.225900000
 20
10.009120617
 30
0.000000000
 10
12.177200000
 20
9.753250309
 30
0.000000000
 10
9.837811667
 20
9.340616821
 30
0.000000000
 10
7.498423333
 20
8.927983333
 30
0.000000000
 10
4.868346667
 20
8.358586667
 30
0.000000000
 10
2.451891667
 20
7.673778333
 30
0.000000000
 10
0.035436667
 20
6.988970000
 30
0.000000000
 10
-2.167396667
 20
6.188750000
 30
0.000000000
 10
-4.089016667
 20
5.341256667
 30
0.000000000
 10
-6.010636667
 20
4.493763333
 30
0.000000000
 10
-7.651043333
 20
3.598996667
 30
0.000000000
 10
-9.413471667
 20
2.358525000
 30
0.000000000
 10
-11.175900000
 20
1.118053333
 30
0.000000000
 10
-13.060350000
 20
-0.468123333
 30
0.000000000
 10
-14.632975000
 20
-2.101750000
 30
0.000000000
 10
-16.205600000
 20
-3.735376667
 30
0.000000000
 10
-17.466400000
 20
-5.416453333
 30
0.000000000
 10
-18.611966667
 20
-7.572020000
 30
0.000000000
 10
-19.757533333
 20
-9.727586667
 30
0.000000000
 10
-20.787866667
 20
-12.357643333
 30
0.000000000
 10
-21.425916667
 20
-14.679838333
 30
0.000000000
 10
-22.063966667
 20
-17.002033333
 30
0.000000000
 10
-22.309733333
 20
-19.016366667
 30
0.000000000
 10
-22.344483333
 20
-20.864083333
 30
0.000000000
 10
-22.379233333
 20
-22.711800000
 30
0.000000000
 10
-22.202966667
 20
-24.392900000
 30
0.000000000
 10
-21.830133333
 20
-26.402750000
 30
0.000000000
 10
-21.457300000
 20
-28.412600000
 30
0.000000000
 10
-20.887900000
 20
-30.751200000
 30
0.000000000
 10
-19.790800000
 20
-32.224000000
 30
0.000000000
  0
LINE
  5
AB3
330
A02
100
AcDbEntity
  8
Body
100
AcDbLine
 10
-19.790800000
 20
-32.224000000
 30
0.000000000
 11
-19.790800000
 21
-32.224000000
 31
1.000000000
  0
SPLINE
  5
AB4
330
A02
100
AcDbEntity
  8
Body
100
AcDbSpline
210
0
220
0
230
1
 70
8
 71
3
 72
215
 73
211
 74
0
 40
0.000000000
 40
0.000000000
 40
0.000000000
 40
0.000000000
 40
0.007660880
 40
0.007660880
 40
0.007660880
 40
0.015321761
 40
0.015321761
 40
0.015321761
 40
0.022175053
 40
0.022175053
 40
0.022175053
 40
0.028877764
 40
0.028877764
 40
0.028877764
 40
0.048289225
 40
0.048289225
 40
0.048289225
 40
0.054856031
 40
0.054856031
 40
0.054856031
 40
0.061548878
 40
0.061548878
 40
0.061548878
 40
0.077594225
 40
0.077594225
 40
0.077594225
 40
0.095886421
 40
0.095886421
 40
0.095886421
 40
0.110435030
 40
0.110435030
 40
0.110435030
 40
0.116793508
 40
0.116793508
 40
0.116793508
 40
0.123746450
 40
0.123746450
 40
0.123746450
 40
0.136107238
 40
0.136107238
 40
0.136107238
 40
0.144784352
 40
0.144784352
 40
0.144784352
 40
0.153596974
 40
0.153596974
 40
0.153596974
 40
0.169634799
 40
0.169634799
 40
0.169634799
 40
0.174638079
 40
0.174638079
 40
0.174638079
 40
0.188985925
 40
0.188985925
 40
0.188985925
 40
0.194170619
 40
0.194170619
 40
0.194170619
 40
0.214806753
 40
0.214806753
 40
0.214806753
 40
0.219862942
 40
0.219862942
 40
0.219862942
 40
0.237697375
 40
0.237697375
 40
0.237697375
 40
0.244386486
 40
0.244386486
 40
0.244386486
 40
0.249293564
 40
0.249293564
 40
0.249293564
 40
0.266044839
 40
0.266044839
 40
0.266044839
 40
0.271628597
 40
0.271628597
 40
0.271628597
 40
0.278709401
 40
0.278709401
 40
0.278709401
 40
0.294267388
 40
0.294267388
 40
0.294267388
 40
0.304580113
 40
0.304580113
 40
0.304580113
 40
0.308710897
 40
0.308710897
 40
0.308710897
 40
0.316608954
 40
0.316608954
 40
0.316608954
 40
0.325536853
 40
0.325536853
 40
0.325536853
 40
0.344285324
 40
0.344285324
 40
0.344285324
 40
0.372645120
 40
0.372645120
 40
0.372645120
 40
0.400737060
 40
0.400737060
 40
0.400737060
 40
0.410066483
 40
0.410066483
 40
0.410066483
 40
0.420330786
 40
0.420330786
 40
0.420330786
 40
0.435727916
 40
0.435727916
 40
0.435727916
 40
0.441718092
 40
0.441718092
 40
0.441718092
 40
0.464983516
 40
0.464983516
 40
0.464983516
 40
0.480456252
 40
0.480456252
 40
0.480456252
 40
0.498997526
 40
0.498997526
 40
0.498997526
 40
0.510102584
 40
0.510102584
 40
0.510102584
 40
0.525791209
 40
0.525791209
 40
0.525791209
 40
0.544782870
 40
0.544782870
 40
0.544782870
 40
0.553040134
 40
0.553040134
 40
0.553040134
 40
0.561554042
 40
0.561554042
 40
0.561554042
 40
0.580489264
 40
0.580489264
 40
0.580489264
 40
0.588985340
 40
0.588985340
 40
0.588985340
 40
0.604179716
 40
0.604179716
 40
0.604179716
 40
0.613876257
 40
0.613876257
 40
0.613876257
 40
0.624689297
 40
0.624689297
 40
0.624689297
 40
0.653981978
 40
0.653981978
 40
0.653981978
 40
0.687526441
 40
0.687526441
 40
0.687526441
 40
0.724735514
 40
0.724735514
 40
0.724735514
 40
0.740102687
 40
0.740102687
 40
0.740102687
 40
0.750464338
 40
0.750464338
 40
0.750464338
 40
0.783176107
 40
0.783176107
 40
0.783176107
 40
0.793130179
 40
0.793130179
 40
0.793130179
 40
0.817863241
 40
0.817863241
 40
0.817863241
 40
0.827827877
 40
0.827827877
 40
0.827827877
 40
0.838699148
 40
0.838699148
 40
0.838699148
 40
0.848664479
 40
0.848664479
 40
0.848664479
 40
0.862944636
 40
0.862944636
 40
0.862944636
 40
0.875155557
 40
0.875155557
 40
0.875155557
 40
0.893471938
 40
0.893471938
 40
0.893471938
 40
0.915653876
 40
0.915653876
 40
0.915653876
 40
0.931467909
 40
0.931467909
 40
0.931467909
 40
0.965733954
 40
0.965733954
 40
0.965733954
 40
1.000000000
 40
1.000000000
 40
1.000000000
 40
1.000000000
 10
-19.790800000
 20
-32.224000000
 30
1.000000000
 10
-20.122619211
 20
-31.777547983
 30
1.000000000
 10
-20.386739577
 20
-31.283596811
 30
1.000000000
 10
-20.611315944
 20
-30.773666542
 30
1.000000000
 10
-20.832686037
 20
-30.261459625
 30
1.000000000
 10
-21.021937028
 20
-29.737143326
 30
1.000000000
 10
-21.179068915
 20
-29.200717645
 30
1.000000000
 10
-21.321316589
 20
-28.719326708
 30
1.000000000
 10
-21.447049226
 20
-28.234220023
 30
1.000000000
 10
-21.556266826
 20
-27.745397590
 30
1.000000000
 10
-21.662895076
 20
-27.269428365
 30
1.000000000
 10
-21.759732168
 20
-26.791804830
 30
1.000000000
 10
-21.846778102
 20
-26.312526984
 30
1.000000000
 10
-22.102308968
 20
-24.925739342
 30
1.000000000
 10
-22.288391957
 20
-23.528986726
 30
1.000000000
 10
-22.334963019
 20
-22.123984571
 30
1.000000000
 10
-22.351206690
 20
-21.648750319
 30
1.000000000
 10
-22.353146082
 20
-21.173200514
 30
1.000000000
 10
-22.340781194
 20
-20.697335155
 30
1.000000000
 10
-22.328901484
 20
-20.212857255
 30
1.000000000
 10
-22.300665244
 20
-19.715484971
 30
1.000000000
 10
-22.256072472
 20
-19.205218302
 30
1.000000000
 10
-22.145769206
 20
-17.978826022
 30
1.000000000
 10
-21.944960775
 20
-16.764907131
 30
1.000000000
 10
-21.653647179
 20
-15.563461629
 30
1.000000000
 10
-21.327254694
 20
-14.200776876
 30
1.000000000
 10
-20.846066065
 20
-12.694764551
 30
1.000000000
 10
-20.266617940
 20
-11.209605385
 30
1.000000000
 10
-19.805525357
 20
-10.029621526
 30
1.000000000
 10
-19.289809097
 20
-8.870026352
 30
1.000000000
 10
-18.704500098
 20
-7.747643211
 30
1.000000000
 10
-18.448704399
 20
-7.256937347
 30
1.000000000
 10
-18.177611521
 20
-6.775219218
 30
1.000000000
 10
-17.891221462
 20
-6.302488824
 30
1.000000000
 10
-17.578323676
 20
-5.787242532
 30
1.000000000
 10
-17.253083056
 20
-5.294559147
 30
1.000000000
 10
-16.915499604
 20
-4.824438668
 30
1.000000000
 10
-16.314315594
 20
-3.986419272
 30
1.000000000
 10
-15.668598672
 20
-3.207711633
 30
1.000000000
 10
-14.958709853
 20
-2.445655590
 30
1.000000000
 10
-14.459333206
 20
-1.911255187
 30
1.000000000
 10
-13.942070446
 20
-1.394323743
 30
1.000000000
 10
-13.406921572
 20
-0.894861257
 30
1.000000000
 10
-12.861950574
 20
-0.385557688
 30
1.000000000
 10
-12.303282684
 20
0.106519050
 30
1.000000000
 10
-11.730917903
 20
0.581368956
 30
1.000000000
 10
-10.693109743
 20
1.441790437
 30
1.000000000
 10
-9.613404377
 20
2.252152623
 30
1.000000000
 10
-8.486854640
 20
2.986378552
 30
1.000000000
 10
-8.135848126
 20
3.214833125
 30
1.000000000
 10
-7.785242193
 20
3.432466553
 30
1.000000000
 10
-7.435036842
 20
3.639278836
 30
1.000000000
 10
-6.429415165
 20
4.234306019
 30
1.000000000
 10
-5.385572848
 20
4.761517628
 30
1.000000000
 10
-4.318287050
 20
5.239311455
 30
1.000000000
 10
-3.932658295
 20
5.412220292
 30
1.000000000
 10
-3.535636791
 20
5.582989074
 30
1.000000000
 10
-3.127222538
 20
5.751617801
 30
1.000000000
 10
-1.501776517
 20
6.422111457
 30
1.000000000
 10
0.164281326
 20
7.001044318
 30
1.000000000
 10
1.854647939
 20
7.500914806
 30
1.000000000
 10
2.269046556
 20
7.623375540
 30
1.000000000
 10
2.689667527
 20
7.742348163
 30
1.000000000
 10
3.116510851
 20
7.857832675
 30
1.000000000
 10
4.622390976
 20
8.262144866
 30
1.000000000
 10
6.139384921
 20
8.618879679
 30
1.000000000
 10
7.667492687
 20
8.928037115
 30
1.000000000
 10
8.241214170
 20
9.044812159
 30
1.000000000
 10
8.804284138
 20
9.153559112
 30
1.000000000
 10
9.356702589
 20
9.254277973
 30
1.000000000
 10
9.761205274
 20
9.328098386
 30
1.000000000
 10
10.166046198
 20
9.398867544
 30
1.000000000
 10
10.571225361
 20
9.466585446
 30
1.000000000
 10
11.954284707
 20
9.697842948
 30
1.000000000
 10
13.205989339
 20
9.872126769
 30
1.000000000
 10
14.191072685
 20
9.996140522
 30
1.000000000
 10
14.520268780
 20
10.037437060
 30
1.000000000
 10
14.817335350
 20
10.073272175
 30
1.000000000
 10
15.082272397
 20
10.103645868
 30
1.000000000
 10
15.418816826
 20
10.143236300
 30
1.000000000
 10
15.747744680
 20
10.178059793
 30
1.000000000
 10
16.069055960
 20
10.208116348
 30
1.000000000
 10
16.768269676
 20
10.269609583
 30
1.000000000
 10
16.893117315
 20
10.230596773
 30
1.000000000
 10
16.966440313
 20
10.090379199
 30
1.000000000
 10
17.010363700
 20
9.996309467
 30
1.000000000
 10
16.997733323
 20
9.847992456
 30
1.000000000
 10
16.971710739
 20
9.679213350
 30
1.000000000
 10
16.961093231
 20
9.611891985
 30
1.000000000
 10
16.947290262
 20
9.535365686
 30
1.000000000
 10
16.930301831
 20
9.449634452
 30
1.000000000
 10
16.897005338
 20
9.284130754
 30
1.000000000
 10
16.861008771
 20
9.111981880
 30
1.000000000
 10
16.822312131
 20
8.933187830
 30
1.000000000
 10
16.778754511
 20
8.730480532
 30
1.000000000
 10
16.730525100
 20
8.507034717
 30
1.000000000
 10
16.677623897
 20
8.262850386
 30
1.000000000
 10
16.567573816
 20
7.753884111
 30
1.000000000
 10
16.443484140
 20
7.177528909
 30
1.000000000
 10
16.332914224
 20
6.634799326
 30
1.000000000
 10
16.165271589
 20
5.814022790
 30
1.000000000
 10
16.016204311
 20
4.997359976
 30
1.000000000
 10
15.952595992
 20
4.165462170
 30
1.000000000
 10
15.889563103
 20
3.341461813
 30
1.000000000
 10
15.901241489
 20
2.507399786
 30
1.000000000
 10
15.937595596
 20
1.682762666
 30
1.000000000
 10
15.950456241
 20
1.409211176
 30
1.000000000
 10
15.965005776
 20
1.135956814
 30
1.000000000
 10
15.981244202
 20
0.862999581
 30
1.000000000
 10
15.998303941
 20
0.562032795
 30
1.000000000
 10
16.015378566
 20
0.247089554
 30
1.000000000
 10
16.028236098
 20
-0.118409213
 30
1.000000000
 10
16.047482365
 20
-0.665836445
 30
1.000000000
 10
16.057406117
 20
-1.330503368
 30
1.000000000
 10
16.043275759
 20
-2.226442767
 30
1.000000000
 10
16.037945387
 20
-2.574199816
 30
1.000000000
 10
16.027930141
 20
-2.948095875
 30
1.000000000
 10
16.013230022
 20
-3.348130943
 30
1.000000000
 10
15.954230454
 20
-4.897660790
 30
1.000000000
 10
15.830804198
 20
-6.453034959
 30
1.000000000
 10
15.605431936
 20
-7.994096475
 30
1.000000000
 10
15.455317291
 20
-9.016338185
 30
1.000000000
 10
15.254698443
 20
-10.046253005
 30
1.000000000
 10
15.027316386
 20
-11.025572182
 30
1.000000000
 10
14.754926258
 20
-12.198885435
 30
1.000000000
 10
14.444242704
 20
-13.300231199
 30
1.000000000
 10
14.135151251
 20
-14.240203332
 30
1.000000000
 10
13.950818741
 20
-14.804018717
 30
1.000000000
 10
13.747764298
 20
-15.358260796
 30
1.000000000
 10
13.525987923
 20
-15.902929567
 30
1.000000000
 10
13.211608430
 20
-16.671093996
 30
1.000000000
 10
12.911917765
 20
-17.276034088
 30
1.000000000
 10
12.643028181
 20
-17.765531493
 30
1.000000000
 10
12.315948683
 20
-18.357036462
 30
1.000000000
 10
12.045031984
 20
-18.786675787
 30
1.000000000
 10
11.802094386
 20
-19.101605914
 30
1.000000000
 10
11.696747486
 20
-19.237815421
 30
1.000000000
 10
11.595057508
 20
-19.353964530
 30
1.000000000
 10
11.497024450
 20
-19.450053241
 30
1.000000000
 10
11.395666236
 20
-19.550503363
 30
1.000000000
 10
11.288886250
 20
-19.636444714
 30
1.000000000
 10
11.176684492
 20
-19.707877294
 30
1.000000000
 10
10.927683256
 20
-19.867228253
 30
1.000000000
 10
10.641439492
 20
-19.934090790
 30
1.000000000
 10
10.323892886
 20
-19.982249918
 30
1.000000000
 10
10.182954573
 20
-20.003001997
 30
1.000000000
 10
10.022880685
 20
-20.024623098
 30
1.000000000
 10
9.843671221
 20
-20.047113220
 30
1.000000000
 10
9.518365736
 20
-20.087695786
 30
1.000000000
 10
9.185323531
 20
-20.148041521
 30
1.000000000
 10
8.844544607
 20
-20.228150426
 30
1.000000000
 10
8.629155164
 20
-20.278804085
 30
1.000000000
 10
8.388120556
 20
-20.345874480
 30
1.000000000
 10
8.121440782
 20
-20.429361611
 30
1.000000000
 10
7.823033049
 20
-20.524105033
 30
1.000000000
 10
7.526206925
 20
-20.629403299
 30
1.000000000
 10
7.230962410
 20
-20.745256409
 30
1.000000000
 10
6.429871010
 20
-21.060611640
 30
1.000000000
 10
5.648018762
 20
-21.425197597
 30
1.000000000
 10
4.885405664
 20
-21.839014279
 30
1.000000000
 10
4.014121745
 20
-22.311974190
 30
1.000000000
 10
3.148219005
 20
-22.865010025
 30
1.000000000
 10
2.447914297
 20
-23.459412089
 30
1.000000000
 10
1.667863339
 20
-24.117546569
 30
1.000000000
 10
0.998103406
 20
-24.894964614
 30
1.000000000
 10
0.432638527
 20
-25.732824284
 30
1.000000000
 10
0.199774307
 20
-26.079879628
 30
1.000000000
 10
-0.011127912
 20
-26.417498319
 30
1.000000000
 10
-0.200068129
 20
-26.745680356
 30
1.000000000
 10
-0.328430826
 20
-26.966110090
 30
1.000000000
 10
-0.453234774
 20
-27.187744526
 30
1.000000000
 10
-0.574479974
 20
-27.410583665
 30
1.000000000
 10
-0.957118717
 20
-28.113922316
 30
1.000000000
 10
-1.250351210
 20
-28.730967417
 30
1.000000000
 10
-1.461272034
 20
-29.217234723
 30
1.000000000
 10
-1.525416900
 20
-29.365407724
 30
1.000000000
 10
-1.582063287
 20
-29.500892176
 30
1.000000000
 10
-1.631211197
 20
-29.623688081
 30
1.000000000
 10
-1.754519614
 20
-29.927974012
 30
1.000000000
 10
-1.856244799
 20
-30.224080092
 30
1.000000000
 10
-1.942175014
 20
-30.467638846
 30
1.000000000
 10
-1.976283052
 20
-30.564429900
 30
1.000000000
 10
-2.009959848
 20
-30.648250779
 30
1.000000000
 10
-2.043205404
 20
-30.719101482
 30
1.000000000
 10
-2.080730346
 20
-30.797702610
 30
1.000000000
 10
-2.122633612
 20
-30.865294941
 30
1.000000000
 10
-2.201258483
 20
-30.935475819
 30
1.000000000
 10
-2.273331281
 20
-30.999808289
 30
1.000000000
 10
-2.376260426
 20
-31.066315858
 30
1.000000000
 10
-2.534958481
 20
-31.145471942
 30
1.000000000
 10
-2.763599044
 20
-31.258599228
 30
1.000000000
 10
-3.023369836
 20
-31.361825118
 30
1.000000000
 10
-3.285763955
 20
-31.463271208
 30
1.000000000
 10
-3.511549400
 20
-31.550400696
 30
1.000000000
 10
-3.778200965
 20
-31.647798790
 30
1.000000000
 10
-4.085718653
 20
-31.755465492
 30
1.000000000
 10
-4.547926447
 20
-31.917961685
 30
1.000000000
 10
-5.093701648
 20
-32.094596980
 30
1.000000000
 10
-5.723044255
 20
-32.285371379
 30
1.000000000
 10
-6.483830060
 20
-32.513988243
 30
1.000000000
 10
-7.251713209
 20
-32.724439386
 30
1.000000000
 10
-8.026693703
 20
-32.916724808
 30
1.000000000
 10
-8.578599588
 20
-33.055527610
 30
1.000000000
 10
-9.134090335
 20
-33.180863326
 30
1.000000000
 10
-9.693165946
 20
-33.292731958
 30
1.000000000
 10
-10.904776529
 20
-33.533407940
 30
1.000000000
 10
-12.136918664
 20
-33.684740587
 30
1.000000000
 10
-13.374953522
 20
-33.724353053
 30
1.000000000
 10
-14.612816869
 20
-33.765454869
 30
1.000000000
 10
-15.856289407
 20
-33.698335774
 30
1.000000000
 10
-17.086100000
 20
-33.539800000
 30
1.000000000
  0
LINE
  5
AB5
330
A02
100
AcDbEntity
  8
Body
100
AcDbLine
 10
-17.086100000
 20
-33.539800000
 30
0.000000000
 11
-17.086100000
 21
-33.539800000
 31
1.000000000
  0
SPLINE
  5
AB6
330
A02
100
AcDbEntity
  8
Body
100
AcDbSpline
210
0
220
0
230
1
 70
8
 71
3
 72
47
 73
43
 74
0
 40
0.000000000
 40
0.000000000
 40
0.000000000
 40
0.000000000
 40
1.000000000
 40
1.000000000
 40
1.000000000
 40
2.000000000
 40
2.000000000
 40
2.000000000
 40
3.000000000
 40
3.000000000
 40
3.000000000
 40
4.000000000
 40
4.000000000
 40
4.000000000
 40
5.000000000
 40
5.000000000
 40
5.000000000
 40
6.000000000
 40
6.000000000
 40
6.000000000
 40
7.000000000
 40
7.000000000
 40
7.000000000
 40
8.000000000
 40
8.000000000
 40
8.000000000
 40
9.000000000
 40
9.000000000
 40
9.000000000
 40
10.000000000
 40
10.000000000
 40
10.000000000
 40
11.000000000
 40
11.000000000
 40
11.000000000
 40
12.000000000
 40
12.000000000
 40
12.000000000
 40
13.000000000
 40
13.000000000
 40
13.000000000
 40
14.000000000
 40
14.000000000
 40
14.000000000
 40
14.000000000
 10
-19.790800000
 20
-32.224000000
 30
0.000000000
 10
-17.181700000
 20
-27.675600000
 30
0.000000000
 10
-15.308550000
 20
-24.705950000
 30
0.000000000
 10
-13.625780000
 20
-22.164541667
 30
0.000000000
 10
-11.943010000
 20
-19.623133333
 30
0.000000000
 10
-10.450620000
 20
-17.509966667
 30
0.000000000
 10
-8.949653333
 20
-15.576500000
 30
0.000000000
 10
-7.448686667
 20
-13.643033333
 30
0.000000000
 10
-5.939143333
 20
-11.889266667
 30
0.000000000
 10
-4.351161667
 20
-10.116223333
 30
0.000000000
 10
-2.763180000
 20
-8.343180000
 30
0.000000000
 10
-1.096760000
 20
-6.550860000
 30
0.000000000
 10
0.235931667
 20
-5.221815000
 30
0.000000000
 10
1.568623333
 20
-3.892770000
 30
0.000000000
 10
2.567586667
 20
-3.027000000
 30
0.000000000
 10
3.570563333
 20
-2.182601500
 30
0.000000000
 10
4.573540000
 20
-1.338203000
 30
0.000000000
 10
5.580530000
 20
-0.515176000
 30
0.000000000
 10
6.163648333
 20
-0.087329333
 30
0.000000000
 10
6.746766667
 20
0.340517333
 30
0.000000000
 10
6.906013333
 20
0.373183667
 30
0.000000000
 10
6.952971667
 20
0.301725667
 30
0.000000000
 10
6.999930000
 20
0.230267667
 30
0.000000000
 10
6.934600000
 20
0.054685333
 30
0.000000000
 10
6.462978333
 20
-0.521061333
 30
0.000000000
 10
5.991356667
 20
-1.096808000
 30
0.000000000
 10
5.113443333
 20
-2.072719000
 30
0.000000000
 10
4.088531167
 20
-3.238504500
 30
0.000000000
 10
3.063619000
 20
-4.404290000
 30
0.000000000
 10
1.891708000
 20
-5.759950000
 30
0.000000000
 10
0.445748000
 20
-7.440611667
 30
0.000000000
 10
-1.000212000
 20
-9.121273333
 30
0.000000000
 10
-2.720221000
 20
-11.126936667
 30
0.000000000
 10
-4.300527167
 20
-13.123285000
 30
0.000000000
 10
-5.880833333
 20
-15.119633333
 30
0.000000000
 10
-7.321436667
 20
-17.106666667
 30
0.000000000
 10
-8.720648333
 20
-19.143383333
 30
0.000000000
 10
-10.119860000
 20
-21.180100000
 30
0.000000000
 10
-11.477680000
 20
-23.266500000
 30
0.000000000
 10
-12.901715000
 20
-25.601275000
 30
0.000000000
 10
-14.325750000
 20
-27.936050000
 30
0.000000000
 10
-15.816000000
 20
-30.519200000
 30
0.000000000
 10
-17.086100000
 20
-33.539800000
 30
0.000000000
  0
LINE
  5
AB7
330
A02
100
AcDbEntity
  8
Body
100
AcDbLine
 10
-17.086100000
 20
-33.539800000
 30
0.000000000
 11
-17.086100000
 21
-33.539800000
 31
1.000000000
  0
SPLINE
  5
AB8
330
A02
100
AcDbEntity
  8
Body
100
AcDbSpline
210
0
220
0
230
1
 70
8
 71
3
 72
89
 73
85
 74
0
 40
0.000000000
 40
0.000000000
 40
0.000000000
 40
0.000000000
 40
0.096392087
 40
0.096392087
 40
0.096392087
 40
0.137712636
 40
0.137712636
 40
0.137712636
 40
0.182646361
 40
0.182646361
 40
0.182646361
 40
0.264026152
 40
0.264026152
 40
0.264026152
 40
0.317715121
 40
0.317715121
 40
0.317715121
 40
0.384411973
 40
0.384411973
 40
0.384411973
 40
0.397904298
 40
0.397904298
 40
0.397904298
 40
0.411641744
 40
0.411641744
 40
0.411641744
 40
0.447914236
 40
0.447914236
 40
0.447914236
 40
0.458389090
 40
0.458389090
 40
0.458389090
 40
0.467036649
 40
0.467036649
 40
0.467036649
 40
0.475982577
 40
0.475982577
 40
0.475982577
 40
0.481647014
 40
0.481647014
 40
0.481647014
 40
0.490592198
 40
0.490592198
 40
0.490592198
 40
0.495332561
 40
0.495332561
 40
0.495332561
 40
0.500645083
 40
0.500645083
 40
0.500645083
 40
0.529719204
 40
0.529719204
 40
0.529719204
 40
0.547779256
 40
0.547779256
 40
0.547779256
 40
0.564573613
 40
0.564573613
 40
0.564573613
 40
0.599899142
 40
0.599899142
 40
0.599899142
 40
0.617884427
 40
0.617884427
 40
0.617884427
 40
0.643583124
 40
0.643583124
 40
0.643583124
 40
0.699097665
 40
0.699097665
 40
0.699097665
 40
0.776746771
 40
0.776746771
 40
0.776746771
 40
0.872408389
 40
0.872408389
 40
0.872408389
 40
0.887611406
 40
0.887611406
 40
0.887611406
 40
0.904334712
 40
0.904334712
 40
0.904334712
 40
1.000000000
 40
1.000000000
 40
1.000000000
 40
1.000000000
 10
-17.086100000
 20
-33.539800000
 30
1.000000000
 10
-15.949032722
 20
-30.823937008
 30
1.000000000
 10
-14.517041113
 20
-28.246004770
 30
1.000000000
 10
-12.987234267
 20
-25.741661063
 30
1.000000000
 10
-12.333299740
 20
-24.666257615
 30
1.000000000
 10
-11.665800794
 20
-23.600171062
 30
1.000000000
 10
-10.984737430
 20
-22.543401403
 30
1.000000000
 10
-10.243770734
 20
-21.394487494
 30
1.000000000
 10
-9.486275779
 20
-20.257074903
 30
1.000000000
 10
-8.712252566
 20
-19.131163629
 30
1.000000000
 10
-7.311416968
 20
-17.091463101
 30
1.000000000
 10
-5.856133442
 20
-15.088668607
 30
1.000000000
 10
-4.319484141
 20
-13.147240737
 30
1.000000000
 10
-3.305862713
 20
-11.866383670
 30
1.000000000
 10
-2.259789183
 20
-10.610668015
 30
1.000000000
 10
-1.203135046
 20
-9.366489036
 30
1.000000000
 10
0.111621144
 20
-7.822570900
 30
1.000000000
 10
1.435045761
 20
-6.289702222
 30
1.000000000
 10
2.751999727
 20
-4.769425232
 30
1.000000000
 10
3.018818807
 20
-4.463010523
 30
1.000000000
 10
3.285637886
 20
-4.156595813
 30
1.000000000
 10
3.552456965
 20
-3.850181104
 30
1.000000000
 10
3.824004627
 20
-3.539433799
 30
1.000000000
 10
4.085702749
 20
-3.241262552
 30
1.000000000
 10
4.337551333
 20
-2.955667362
 30
1.000000000
 10
4.999439669
 20
-2.202397834
 30
1.000000000
 10
5.674804094
 20
-1.453045958
 30
1.000000000
 10
6.299616186
 20
-0.717387054
 30
1.000000000
 10
6.477928034
 20
-0.505900832
 30
1.000000000
 10
6.616284045
 20
-0.333773245
 30
1.000000000
 10
6.714684218
 20
-0.201004294
 30
1.000000000
 10
6.796685129
 20
-0.090609549
 30
1.000000000
 10
6.870476149
 20
0.016900628
 30
1.000000000
 10
6.917162103
 20
0.106817898
 30
1.000000000
 10
6.966221923
 20
0.201868581
 30
1.000000000
 10
6.978158444
 20
0.266837837
 30
1.000000000
 10
6.952971667
 20
0.301725667
 30
1.000000000
 10
6.939247433
 20
0.325382281
 30
1.000000000
 10
6.911097520
 20
0.334678992
 30
1.000000000
 10
6.868521929
 20
0.329615800
 30
1.000000000
 10
6.800646417
 20
0.320519624
 30
1.000000000
 10
6.695260862
 20
0.267636902
 30
1.000000000
 10
6.582422233
 20
0.198892489
 30
1.000000000
 10
6.522719713
 20
0.162677673
 30
1.000000000
 10
6.452953370
 20
0.117083677
 30
1.000000000
 10
6.373123205
 20
0.062110500
 30
1.000000000
 10
6.283125480
 20
-0.000181731
 30
1.000000000
 10
6.191765579
 20
-0.065903829
 30
1.000000000
 10
6.099043504
 20
-0.135055794
 30
1.000000000
 10
5.591058375
 20
-0.515287186
 30
1.000000000
 10
5.073544610
 20
-0.936951121
 30
1.000000000
 10
4.560946219
 20
-1.357594567
 30
1.000000000
 10
4.241986711
 20
-1.620311533
 30
1.000000000
 10
3.923895134
 20
-1.885184355
 30
1.000000000
 10
3.606671488
 20
-2.152213032
 30
1.000000000
 10
3.313187304
 20
-2.398459504
 30
1.000000000
 10
3.016106283
 20
-2.651712259
 30
1.000000000
 10
2.715428426
 20
-2.911971298
 30
1.000000000
 10
2.079459190
 20
-3.462761563
 30
1.000000000
 10
1.455638412
 20
-4.033704549
 30
1.000000000
 10
0.843966093
 20
-4.624800256
 30
1.000000000
 10
0.533228853
 20
-4.924743889
 30
1.000000000
 10
0.202442984
 20
-5.252638931
 30
1.000000000
 10
-0.148391515
 20
-5.608485384
 30
1.000000000
 10
-0.649132411
 20
-6.117634546
 30
1.000000000
 10
-1.144865090
 20
-6.633104570
 30
1.000000000
 10
-1.635589555
 20
-7.154895457
 30
1.000000000
 10
-2.695490883
 20
-8.282693467
 30
1.000000000
 10
-3.739832417
 20
-9.425726493
 30
1.000000000
 10
-4.768614156
 20
-10.583994535
 30
1.000000000
 10
-6.208287062
 20
-12.202079701
 30
1.000000000
 10
-7.611908081
 20
-13.852402851
 30
1.000000000
 10
-8.940647430
 20
-15.564901355
 30
1.000000000
 10
-10.578713195
 20
-17.673632394
 30
1.000000000
 10
-12.105577558
 20
-19.871112478
 30
1.000000000
 10
-13.585429971
 20
-22.103629962
 30
1.000000000
 10
-13.820346497
 20
-22.457951473
 30
1.000000000
 10
-14.059657593
 20
-22.822065002
 30
1.000000000
 10
-14.303363257
 20
-23.195970547
 30
1.000000000
 10
-14.571381758
 20
-23.607144852
 30
1.000000000
 10
-14.846619507
 20
-24.034177996
 30
1.000000000
 10
-15.129076504
 20
-24.477069979
 30
1.000000000
 10
-16.747233354
 20
-27.014445600
 30
1.000000000
 10
-18.289355120
 20
-29.606733432
 30
1.000000000
 10
-19.790800000
 20
-32.224000000
 30
1.000000000
  0
LINE
  5
AB9
330
A02
100
AcDbEntity
  8
Body
100
AcDbLine
 10
-19.790800000
 20
-32.224000000
 30
0.000000000
 11
-19.790800000
 21
-32.224000000
 31
1.000000000
  0
LINE
  5
ABA
330
A02
100
AcDbEntity
  8
Body
100
AcDbLine
 10
18.239894824
 20
-15.702938485
 30
0.000000000
 11
18.239894824
 21
-15.702938485
 31
1.000000000
  0
SPLINE
  5
ABB
330
A02
100
AcDbEntity
  8
Body
100
AcDbSpline
210
0
220
0
230
1
 70
9
 71
3
 72
230
 73
226
 74
0
 40
0.000000000
 40
0.000000000
 40
0.000000000
 40
0.000000000
 40
0.019208390
 40
0.019208390
 40
0.019208390
 40
0.030942506
 40
0.030942506
 40
0.030942506
 40
0.041600357
 40
0.041600357
 40
0.041600357
 40
0.055215532
 40
0.055215532
 40
0.055215532
 40
0.088832425
 40
0.088832425
 40
0.088832425
 40
0.118466764
 40
0.118466764
 40
0.118466764
 40
0.149383713
 40
0.149383713
 40
0.149383713
 40
0.156120169
 40
0.156120169
 40
0.156120169
 40
0.167110316
 40
0.167110316
 40
0.167110316
 40
0.179153614
 40
0.179153614
 40
0.179153614
 40
0.185730344
 40
0.185730344
 40
0.185730344
 40
0.196691559
 40
0.196691559
 40
0.196691559
 40
0.208716290
 40
0.208716290
 40
0.208716290
 40
0.221855582
 40
0.221855582
 40
0.221855582
 40
0.234237405
 40
0.234237405
 40
0.234237405
 40
0.242949422
 40
0.242949422
 40
0.242949422
 40
0.252382145
 40
0.252382145
 40
0.252382145
 40
0.268362976
 40
0.268362976
 40
0.268362976
 40
0.289872343
 40
0.289872343
 40
0.289872343
 40
0.300625664
 40
0.300625664
 40
0.300625664
 40
0.312356962
 40
0.312356962
 40
0.312356962
 40
0.322133740
 40
0.322133740
 40
0.322133740
 40
0.332888063
 40
0.332888063
 40
0.332888063
 40
0.344077293
 40
0.344077293
 40
0.344077293
 40
0.355769380
 40
0.355769380
 40
0.355769380
 40
0.383246392
 40
0.383246392
 40
0.383246392
 40
0.414899883
 40
0.414899883
 40
0.414899883
 40
0.426169442
 40
0.426169442
 40
0.426169442
 40
0.445309869
 40
0.445309869
 40
0.445309869
 40
0.471622264
 40
0.471622264
 40
0.471622264
 40
0.479575684
 40
0.479575684
 40
0.479575684
 40
0.491442125
 40
0.491442125
 40
0.491442125
 40
0.503308244
 40
0.503308244
 40
0.503308244
 40
0.527030333
 40
0.527030333
 40
0.527030333
 40
0.539964599
 40
0.539964599
 40
0.539964599
 40
0.552386931
 40
0.552386931
 40
0.552386931
 40
0.567332615
 40
0.567332615
 40
0.567332615
 40
0.576985424
 40
0.576985424
 40
0.576985424
 40
0.587965843
 40
0.587965843
 40
0.587965843
 40
0.604352775
 40
0.604352775
 40
0.604352775
 40
0.622536498
 40
0.622536498
 40
0.622536498
 40
0.634310509
 40
0.634310509
 40
0.634310509
 40
0.655717573
 40
0.655717573
 40
0.655717573
 40
0.662560817
 40
0.662560817
 40
0.662560817
 40
0.674700677
 40
0.674700677
 40
0.674700677
 40
0.689169831
 40
0.689169831
 40
0.689169831
 40
0.720342421
 40
0.720342421
 40
0.720342421
 40
0.751515949
 40
0.751515949
 40
0.751515949
 40
0.764262869
 40
0.764262869
 40
0.764262869
 40
0.783471003
 40
0.783471003
 40
0.783471003
 40
0.791945680
 40
0.791945680
 40
0.791945680
 40
0.801128382
 40
0.801128382
 40
0.801128382
 40
0.811458948
 40
0.811458948
 40
0.811458948
 40
0.827015225
 40
0.827015225
 40
0.827015225
 40
0.842086634
 40
0.842086634
 40
0.842086634
 40
0.857102705
 40
0.857102705
 40
0.857102705
 40
0.873398051
 40
0.873398051
 40
0.873398051
 40
0.884263715
 40
0.884263715
 40
0.884263715
 40
0.895272931
 40
0.895272931
 40
0.895272931
 40
0.902724800
 40
0.902724800
 40
0.902724800
 40
0.930719024
 40
0.930719024
 40
0.930719024
 40
0.942913805
 40
0.942913805
 40
0.942913805
 40
0.947626896
 40
0.947626896
 40
0.947626896
 40
0.951671873
 40
0.951671873
 40
0.951671873
 40
0.958106624
 40
0.958106624
 40
0.958106624
 40
0.966470635
 40
0.966470635
 40
0.966470635
 40
0.974820161
 40
0.974820161
 40
0.974820161
 40
0.978798037
 40
0.978798037
 40
0.978798037
 40
0.984948296
 40
0.984948296
 40
0.984948296
 40
0.987598582
 40
0.987598582
 40
0.987598582
 40
0.990052402
 40
0.990052402
 40
0.990052402
 40
0.993137919
 40
0.993137919
 40
0.993137919
 40
0.995468952
 40
0.995468952
 40
0.995468952
 40
0.996583616
 40
0.996583616
 40
0.996583616
 40
1.000000000
 40
1.000000000
 40
1.000000000
 40
1.000000000
 10
18.239894824
 20
-15.702938485
 30
1.000000000
 10
18.890981530
 20
-15.251994917
 30
1.000000000
 10
19.195120280
 20
-15.087039220
 30
1.000000000
 10
19.401354046
 20
-15.052842380
 30
1.000000000
 10
19.526211660
 20
-15.034606104
 30
1.000000000
 10
19.620350206
 20
-15.051958075
 30
1.000000000
 10
19.720838299
 20
-15.114255687
 30
1.000000000
 10
19.811423942
 20
-15.172620198
 30
1.000000000
 10
19.904129676
 20
-15.275194929
 30
1.000000000
 10
20.018326468
 20
-15.448180641
 30
1.000000000
 10
20.163705278
 20
-15.670609551
 30
1.000000000
 10
20.304207839
 20
-15.934283547
 30
1.000000000
 10
20.442529768
 20
-16.201557463
 30
1.000000000
 10
20.783041783
 20
-16.864548305
 30
1.000000000
 10
21.215957088
 20
-17.818057035
 30
1.000000000
 10
21.495892488
 20
-18.730808076
 30
1.000000000
 10
21.743907248
 20
-19.535580358
 30
1.000000000
 10
21.894025564
 20
-20.363252134
 30
1.000000000
 10
22.008481159
 20
-21.180570090
 30
1.000000000
 10
22.124744024
 20
-22.034655324
 30
1.000000000
 10
22.245492050
 20
-22.866258421
 30
1.000000000
 10
22.250723823
 20
-23.692889035
 30
1.000000000
 10
22.250905041
 20
-23.873379530
 30
1.000000000
 10
22.247223145
 20
-24.053128554
 30
1.000000000
 10
22.239678137
 20
-24.232136107
 30
1.000000000
 10
22.228637532
 20
-24.523729105
 30
1.000000000
 10
22.214201344
 20
-24.794924280
 30
1.000000000
 10
22.220293041
 20
-25.010247799
 30
1.000000000
 10
22.227030323
 20
-25.248467108
 30
1.000000000
 10
22.258478156
 20
-25.413266038
 30
1.000000000
 10
22.346779454
 20
-25.473828241
 30
1.000000000
 10
22.394061414
 20
-25.507537162
 30
1.000000000
 10
22.460917296
 20
-25.518370854
 30
1.000000000
 10
22.547347100
 20
-25.506329317
 30
1.000000000
 10
22.692863941
 20
-25.487928259
 30
1.000000000
 10
22.900088619
 20
-25.414325755
 30
1.000000000
 10
23.193473907
 20
-25.313324668
 30
1.000000000
 10
23.512801874
 20
-25.201678234
 30
1.000000000
 10
23.957194879
 20
-25.060209844
 30
1.000000000
 10
24.468122616
 20
-24.911371779
 30
1.000000000
 10
25.024236282
 20
-24.748804031
 30
1.000000000
 10
25.653761417
 20
-24.576554013
 30
1.000000000
 10
26.263321653
 20
-24.421017004
 30
1.000000000
 10
26.837680726
 20
-24.271862873
 30
1.000000000
 10
27.412347276
 20
-24.139255126
 30
1.000000000
 10
27.987321303
 20
-24.023193764
 30
1.000000000
 10
28.391078500
 20
-23.943173834
 30
1.000000000
 10
28.780949484
 20
-23.881879610
 30
1.000000000
 10
29.156934253
 20
-23.839311091
 30
1.000000000
 10
29.565476746
 20
-23.792664339
 30
1.000000000
 10
29.974150166
 20
-23.772996350
 30
1.000000000
 10
30.382954516
 20
-23.780307124
 30
1.000000000
 10
31.075159085
 20
-23.793090093
 30
1.000000000
 10
31.763300151
 20
-23.892335783
 30
1.000000000
 10
32.440676369
 20
-24.054999700
 30
1.000000000
 10
33.352661329
 20
-24.273119851
 30
1.000000000
 10
34.324048658
 20
-24.616370544
 30
1.000000000
 10
35.283269797
 20
-25.216170105
 30
1.000000000
 10
35.764944729
 20
-25.518322438
 30
1.000000000
 10
36.237628928
 20
-25.879988678
 30
1.000000000
 10
36.701322396
 20
-26.301168825
 30
1.000000000
 10
37.204889668
 20
-26.757941034
 30
1.000000000
 10
37.690293024
 20
-27.276694367
 30
1.000000000
 10
38.141241344
 20
-27.838078975
 30
1.000000000
 10
38.518504616
 20
-28.305117075
 30
1.000000000
 10
38.867386679
 20
-28.803159998
 30
1.000000000
 10
39.187887533
 20
-29.332207745
 30
1.000000000
 10
39.540777966
 20
-29.913957765
 30
1.000000000
 10
39.848120981
 20
-30.539785491
 30
1.000000000
 10
40.109916579
 20
-31.209690923
 30
1.000000000
 10
40.379397026
 20
-31.910230187
 30
1.000000000
 10
40.585002667
 20
-32.630574501
 30
1.000000000
 10
40.726733502
 20
-33.370723864
 30
1.000000000
 10
40.877021610
 20
-34.141093674
 30
1.000000000
 10
40.967246316
 20
-34.965056117
 30
1.000000000
 10
40.997407620
 20
-35.842611190
 30
1.000000000
 10
41.063114916
 20
-37.907785425
 30
1.000000000
 10
40.796864315
 20
-39.984996998
 30
1.000000000
 10
40.295009816
 20
-41.998879004
 30
1.000000000
 10
39.718780501
 20
-44.315479401
 30
1.000000000
 10
38.714722254
 20
-46.819490409
 30
1.000000000
 10
37.603344229
 20
-48.899579554
 30
1.000000000
 10
37.208570393
 20
-49.641135022
 30
1.000000000
 10
36.778574789
 20
-50.360407034
 30
1.000000000
 10
36.313357417
 20
-51.057395590
 30
1.000000000
 10
35.522595299
 20
-52.239457354
 30
1.000000000
 10
34.678550845
 20
-53.274210280
 30
1.000000000
 10
33.745794469
 20
-54.293978878
 30
1.000000000
 10
32.463463829
 20
-55.695631050
 30
1.000000000
 10
31.022045008
 20
-57.047973225
 30
1.000000000
 10
29.630580317
 20
-57.963654318
 30
1.000000000
 10
29.209692555
 20
-58.241436583
 30
1.000000000
 10
28.773366853
 20
-58.489882258
 30
1.000000000
 10
28.321603210
 20
-58.708991343
 30
1.000000000
 10
27.648101490
 20
-59.034361592
 30
1.000000000
 10
26.996957294
 20
-59.261268644
 30
1.000000000
 10
26.383539275
 20
-59.407388419
 30
1.000000000
 10
25.769487926
 20
-59.553882693
 30
1.000000000
 10
25.196292885
 20
-59.617738837
 30
1.000000000
 10
24.668832289
 20
-59.622835403
 30
1.000000000
 10
23.612216392
 20
-59.632806897
 30
1.000000000
 10
22.733645996
 20
-59.416119601
 30
1.000000000
 10
22.010309604
 20
-59.184997911
 30
1.000000000
 10
21.614001177
 20
-59.057409960
 30
1.000000000
 10
21.257302819
 20
-58.919995653
 30
1.000000000
 10
20.919258446
 20
-58.792710109
 30
1.000000000
 10
20.594924324
 20
-58.670257660
 30
1.000000000
 10
20.271629113
 20
-58.552506682
 30
1.000000000
 10
19.944527746
 20
-58.460315920
 30
1.000000000
 10
19.552049484
 20
-58.350031309
 30
1.000000000
 10
19.152777815
 20
-58.272216839
 30
1.000000000
 10
18.760935886
 20
-58.286759725
 30
1.000000000
 10
18.508323769
 20
-58.296597024
 30
1.000000000
 10
18.270011199
 20
-58.346130870
 30
1.000000000
 10
18.027528082
 20
-58.414619303
 30
1.000000000
 10
17.751821525
 20
-58.492804681
 30
1.000000000
 10
17.478366828
 20
-58.591675826
 30
1.000000000
 10
17.195078332
 20
-58.679507337
 30
1.000000000
 10
16.770504335
 20
-58.812681563
 30
1.000000000
 10
16.333766639
 20
-58.921574465
 30
1.000000000
 10
15.884865242
 20
-59.006186043
 30
1.000000000
 10
15.386610346
 20
-59.098547692
 30
1.000000000
 10
14.888740094
 20
-59.151782976
 30
1.000000000
 10
14.368609683
 20
-59.152097286
 30
1.000000000
 10
14.032762834
 20
-59.152946084
 30
1.000000000
 10
13.680017564
 20
-59.130871194
 30
1.000000000
 10
13.310373873
 20
-59.085872615
 30
1.000000000
 10
12.635101521
 20
-59.002879605
 30
1.000000000
 10
11.887018210
 20
-58.847048138
 30
1.000000000
 10
10.995809634
 20
-58.477191670
 30
1.000000000
 10
10.710812697
 20
-58.358489730
 30
1.000000000
 10
10.430038347
 20
-58.227013463
 30
1.000000000
 10
10.153486584
 20
-58.082762869
 30
1.000000000
 10
9.663129383
 20
-57.827566845
 30
1.000000000
 10
9.138073361
 20
-57.509782194
 30
1.000000000
 10
8.599884601
 20
-57.119065714
 30
1.000000000
 10
7.956956089
 20
-56.651372985
 30
1.000000000
 10
7.358625715
 20
-56.128748975
 30
1.000000000
 10
6.804893478
 20
-55.551193685
 30
1.000000000
 10
5.614673925
 20
-54.311195684
 30
1.000000000
 10
4.472639457
 20
-52.669305142
 30
1.000000000
 10
3.422672955
 20
-50.888351972
 30
1.000000000
 10
2.372741236
 20
-49.107285172
 30
1.000000000
 10
1.412782131
 20
-47.194472669
 30
1.000000000
 10
0.713489962
 20
-44.969417333
 30
1.000000000
 10
0.427361311
 20
-44.059808775
 30
1.000000000
 10
0.185509328
 20
-43.091080034
 30
1.000000000
 10
-0.006155719
 20
-42.110512100
 30
1.000000000
 10
-0.292879513
 20
-40.633362843
 30
1.000000000
 10
-0.476132752
 20
-39.133682635
 30
1.000000000
 10
-0.514689008
 20
-37.631587779
 30
1.000000000
 10
-0.531730055
 20
-36.968319906
 30
1.000000000
 10
-0.513548004
 20
-36.306910984
 30
1.000000000
 10
-0.460142854
 20
-35.647361013
 30
1.000000000
 10
-0.399939986
 20
-34.935311168
 30
1.000000000
 10
-0.301869944
 20
-34.262629225
 30
1.000000000
 10
-0.165932728
 20
-33.629315184
 30
1.000000000
 10
-0.012639300
 20
-32.917381475
 30
1.000000000
 10
0.178731657
 20
-32.240538658
 30
1.000000000
 10
0.408180142
 20
-31.598786732
 30
1.000000000
 10
0.751702798
 20
-30.625648326
 30
1.000000000
 10
1.180117345
 20
-29.692974240
 30
1.000000000
 10
1.693423784
 20
-28.800764474
 30
1.000000000
 10
2.191526684
 20
-27.938249411
 30
1.000000000
 10
2.745356396
 20
-27.150887431
 30
1.000000000
 10
3.354912921
 20
-26.438678535
 30
1.000000000
 10
3.963242605
 20
-25.729861261
 30
1.000000000
 10
4.651376972
 20
-25.088386906
 30
1.000000000
 10
5.417277393
 20
-24.551822054
 30
1.000000000
 10
6.243432156
 20
-23.969363537
 30
1.000000000
 10
7.213499266
 20
-23.485862859
 30
1.000000000
 10
8.191266465
 20
-23.127436115
 30
1.000000000
 10
8.842729279
 20
-22.888463368
 30
1.000000000
 10
9.496166568
 20
-22.705211212
 30
1.000000000
 10
10.108390377
 20
-22.585748559
 30
1.000000000
 10
10.730574520
 20
-22.462030548
 30
1.000000000
 10
11.355552708
 20
-22.403248628
 30
1.000000000
 10
11.983324941
 20
-22.409402801
 30
1.000000000
 10
12.405629361
 20
-22.416133020
 30
1.000000000
 10
12.812072721
 20
-22.450862524
 30
1.000000000
 10
13.202655021
 20
-22.513591313
 30
1.000000000
 10
14.668653713
 20
-22.745322661
 30
1.000000000
 10
16.000677183
 20
-23.308455737
 30
1.000000000
 10
17.323294338
 20
-23.913535162
 30
1.000000000
 10
17.897581398
 20
-24.176876317
 30
1.000000000
 10
18.468263701
 20
-24.450887738
 30
1.000000000
 10
19.024919060
 20
-24.719361737
 30
1.000000000
 10
19.240734243
 20
-24.823756882
 30
1.000000000
 10
19.451339038
 20
-24.924632530
 30
1.000000000
 10
19.656733443
 20
-25.021988682
 30
1.000000000
 10
19.830295864
 20
-25.104035704
 30
1.000000000
 10
19.971732897
 20
-25.168020066
 30
1.000000000
 10
20.081044541
 20
-25.213941767
 30
1.000000000
 10
20.259336875
 20
-25.288584351
 30
1.000000000
 10
20.405525364
 20
-25.337415539
 30
1.000000000
 10
20.487548937
 20
-25.315107161
 30
1.000000000
 10
20.597651462
 20
-25.288148099
 30
1.000000000
 10
20.630337520
 20
-25.171513872
 30
1.000000000
 10
20.583774164
 20
-24.733429024
 30
1.000000000
 10
20.536865532
 20
-24.299758249
 30
1.000000000
 10
20.414055952
 20
-23.490019512
 30
1.000000000
 10
20.182484561
 20
-22.583491254
 30
1.000000000
 10
20.072692769
 20
-22.151449430
 30
1.000000000
 10
19.935285765
 20
-21.699042941
 30
1.000000000
 10
19.776593596
 20
-21.252206429
 30
1.000000000
 10
19.531083130
 20
-20.561751497
 30
1.000000000
 10
19.244149914
 20
-19.883882330
 30
1.000000000
 10
18.910926037
 20
-19.240489617
 30
1.000000000
 10
18.766752679
 20
-18.963151906
 30
1.000000000
 10
18.613305791
 20
-18.694881704
 30
1.000000000
 10
18.450585373
 20
-18.435679012
 30
1.000000000
 10
18.299107330
 20
-18.196107252
 30
1.000000000
 10
18.156203015
 20
-17.985575318
 30
1.000000000
 10
18.021872429
 20
-17.804083210
 30
1.000000000
 10
17.855295096
 20
-17.576345232
 30
1.000000000
 10
17.680072011
 20
-17.361456548
 30
1.000000000
 10
17.523828603
 20
-17.183662719
 30
1.000000000
 10
17.407270412
 20
-17.048054913
 30
1.000000000
 10
17.302878162
 20
-16.937689649
 30
1.000000000
 10
17.264124655
 20
-16.833543214
 30
1.000000000
 10
17.245390971
 20
-16.784022429
 30
1.000000000
 10
17.242663753
 20
-16.732022646
 30
1.000000000
 10
17.255943000
 20
-16.677543865
 30
1.000000000
 10
17.297698070
 20
-16.508376044
 30
1.000000000
 10
17.511848668
 20
-16.271906669
 30
1.000000000
 10
18.239894824
 20
-15.702938485
 30
1.000000000
  0
LINE
  5
ABC
330
A02
100
AcDbEntity
  8
Body
100
AcDbLine
 10
18.239894824
 20
-15.702938485
 30
0.000000000
 11
18.239894824
 21
-15.702938485
 31
1.000000000
  0
SPLINE
  5
ABD
330
A02
100
AcDbEntity
  8
Body
100
AcDbSpline
210
0
220
0
230
1
 70
9
 71
3
 72
137
 73
133
 74
0
 40
0.000000000
 40
0.000000000
 40
0.000000000
 40
0.000000000
 40
1.000000000
 40
1.000000000
 40
1.000000000
 40
2.000000000
 40
2.000000000
 40
2.000000000
 40
3.000000000
 40
3.000000000
 40
3.000000000
 40
4.000000000
 40
4.000000000
 40
4.000000000
 40
5.000000000
 40
5.000000000
 40
5.000000000
 40
6.000000000
 40
6.000000000
 40
6.000000000
 40
7.000000000
 40
7.000000000
 40
7.000000000
 40
8.000000000
 40
8.000000000
 40
8.000000000
 40
9.000000000
 40
9.000000000
 40
9.000000000
 40
10.000000000
 40
10.000000000
 40
10.000000000
 40
11.000000000
 40
11.000000000
 40
11.000000000
 40
12.000000000
 40
12.000000000
 40
12.000000000
 40
13.000000000
 40
13.000000000
 40
13.000000000
 40
14.000000000
 40
14.000000000
 40
14.000000000
 40
15.000000000
 40
15.000000000
 40
15.000000000
 40
16.000000000
 40
16.000000000
 40
16.000000000
 40
17.000000000
 40
17.000000000
 40
17.000000000
 40
18.000000000
 40
18.000000000
 40
18.000000000
 40
19.000000000
 40
19.000000000
 40
19.000000000
 40
20.000000000
 40
20.000000000
 40
20.000000000
 40
21.000000000
 40
21.000000000
 40
21.000000000
 40
22.000000000
 40
22.000000000
 40
22.000000000
 40
23.000000000
 40
23.000000000
 40
23.000000000
 40
24.000000000
 40
24.000000000
 40
24.000000000
 40
25.000000000
 40
25.000000000
 40
25.000000000
 40
26.000000000
 40
26.000000000
 40
26.000000000
 40
27.000000000
 40
27.000000000
 40
27.000000000
 40
28.000000000
 40
28.000000000
 40
28.000000000
 40
29.000000000
 40
29.000000000
 40
29.000000000
 40
30.000000000
 40
30.000000000
 40
30.000000000
 40
31.000000000
 40
31.000000000
 40
31.000000000
 40
32.000000000
 40
32.000000000
 40
32.000000000
 40
33.000000000
 40
33.000000000
 40
33.000000000
 40
34.000000000
 40
34.000000000
 40
34.000000000
 40
35.000000000
 40
35.000000000
 40
35.000000000
 40
36.000000000
 40
36.000000000
 40
36.000000000
 40
37.000000000
 40
37.000000000
 40
37.000000000
 40
38.000000000
 40
38.000000000
 40
38.000000000
 40
39.000000000
 40
39.000000000
 40
39.000000000
 40
40.000000000
 40
40.000000000
 40
40.000000000
 40
41.000000000
 40
41.000000000
 40
41.000000000
 40
42.000000000
 40
42.000000000
 40
42.000000000
 40
43.000000000
 40
43.000000000
 40
43.000000000
 40
44.000000000
 40
44.000000000
 40
44.000000000
 40
44.000000000
 10
18.239894824
 20
-15.702938485
 30
0.000000000
 10
17.451966084
 20
-16.318704918
 30
0.000000000
 10
17.265946460
 20
-16.545026333
 30
0.000000000
 10
17.248948665
 20
-16.718068209
 30
0.000000000
 10
17.231950870
 20
-16.891110084
 30
0.000000000
 10
17.383974903
 20
-17.010872418
 30
0.000000000
 10
17.682130252
 20
-17.368935674
 30
0.000000000
 10
17.980285601
 20
-17.726998930
 30
0.000000000
 10
18.424572266
 20
-18.323363108
 30
0.000000000
 10
18.863543843
 20
-19.150297246
 30
0.000000000
 10
19.302515421
 20
-19.977231384
 30
0.000000000
 10
19.736171911
 20
-21.034735483
 30
0.000000000
 10
20.034374122
 20
-22.044778293
 30
0.000000000
 10
20.332576333
 20
-23.054821103
 30
0.000000000
 10
20.495324265
 20
-24.017402624
 30
0.000000000
 10
20.565039266
 20
-24.572968756
 30
0.000000000
 10
20.634754267
 20
-25.128534887
 30
0.000000000
 10
20.611436337
 20
-25.277085629
 30
0.000000000
 10
20.497352298
 20
-25.312408477
 30
0.000000000
 10
20.383268258
 20
-25.347731325
 30
0.000000000
 10
20.178418108
 20
-25.269826279
 30
0.000000000
 10
19.572174433
 20
-24.981979115
 30
0.000000000
 10
18.965930757
 20
-24.694131950
 30
0.000000000
 10
17.958293556
 20
-24.196342666
 30
0.000000000
 10
16.948517551
 20
-23.743485673
 30
0.000000000
 10
15.938741546
 20
-23.290628680
 30
0.000000000
 10
14.926826738
 20
-22.882703978
 30
0.000000000
 10
13.846783899
 20
-22.637641230
 30
0.000000000
 10
12.766741061
 20
-22.392578482
 30
0.000000000
 10
11.618570192
 20
-22.310377689
 30
0.000000000
 10
10.241295901
 20
-22.560699281
 30
0.000000000
 10
8.864021610
 20
-22.811020874
 30
0.000000000
 10
7.257643895
 20
-23.393864853
 30
0.000000000
 10
5.929158849
 20
-24.214507870
 30
0.000000000
 10
4.600673803
 20
-25.035150888
 30
0.000000000
 10
3.550081424
 20
-26.093592943
 30
0.000000000
 10
2.635039104
 20
-27.350406435
 30
0.000000000
 10
1.719996785
 20
-28.607219927
 30
0.000000000
 10
0.940504524
 20
-30.062404856
 30
0.000000000
 10
0.373930837
 20
-31.696624940
 30
0.000000000
 10
-0.192642850
 20
-33.330845023
 30
0.000000000
 10
-0.546297963
 20
-35.144100262
 30
0.000000000
 10
-0.519102497
 20
-37.387647744
 30
0.000000000
 10
-0.491907031
 20
-39.631195225
 30
0.000000000
 10
-0.083860986
 20
-42.305034950
 30
0.000000000
 10
0.611406919
 20
-44.636092367
 30
0.000000000
 10
1.306674824
 20
-46.967149785
 30
0.000000000
 10
2.289164590
 20
-48.955424896
 30
0.000000000
 10
3.370684159
 20
-50.799927453
 30
0.000000000
 10
4.452203729
 20
-52.644430011
 30
0.000000000
 10
5.632753103
 20
-54.345160015
 30
0.000000000
 10
6.863951925
 20
-55.612350604
 30
0.000000000
 10
8.095150747
 20
-56.879541194
 30
0.000000000
 10
9.376999017
 20
-57.713192368
 30
0.000000000
 10
10.456326148
 20
-58.234725986
 30
0.000000000
 10
11.535653279
 20
-58.756259603
 30
0.000000000
 10
12.412459272
 20
-58.965675664
 30
0.000000000
 10
13.189888096
 20
-59.070384196
 30
0.000000000
 10
13.967316920
 20
-59.175092727
 30
0.000000000
 10
14.645368575
 20
-59.175093731
 30
0.000000000
 10
15.316698212
 20
-59.093686887
 30
0.000000000
 10
15.988027849
 20
-59.012280043
 30
0.000000000
 10
16.652635468
 20
-58.849465352
 30
0.000000000
 10
17.215381012
 20
-58.673166522
 30
0.000000000
 10
17.778126556
 20
-58.496867692
 30
0.000000000
 10
18.239010024
 20
-58.307084723
 30
0.000000000
 10
18.760935886
 20
-58.286759725
 30
0.000000000
 10
19.282861748
 20
-58.266434727
 30
0.000000000
 10
19.865830003
 20
-58.415567700
 30
0.000000000
 10
20.482681151
 20
-58.632484052
 30
0.000000000
 10
21.099532299
 20
-58.849400405
 30
0.000000000
 10
21.750266341
 20
-59.134100136
 30
0.000000000
 10
22.577249961
 20
-59.351016692
 30
0.000000000
 10
23.404233580
 20
-59.567933248
 30
0.000000000
 10
24.407466779
 20
-59.717066628
 30
0.000000000
 10
25.600483379
 20
-59.554383312
 30
0.000000000
 10
26.793499980
 20
-59.391699996
 30
0.000000000
 10
28.176299984
 20
-58.917199983
 30
0.000000000
 10
29.613333328
 20
-57.974983341
 30
0.000000000
 10
31.050366673
 20
-57.032766699
 30
0.000000000
 10
32.541633357
 20
-55.622833428
 30
0.000000000
 10
33.856666712
 20
-54.172233508
 30
0.000000000
 10
35.171700067
 20
-52.721633587
 30
0.000000000
 10
36.310500092
 20
-51.230367017
 30
0.000000000
 10
37.374732905
 20
-49.318815017
 30
0.000000000
 10
38.438965718
 20
-47.407263016
 30
0.000000000
 10
39.428631318
 20
-45.075425587
 30
0.000000000
 10
40.066984295
 20
-42.848553750
 30
0.000000000
 10
40.705337273
 20
-40.621681912
 30
0.000000000
 10
40.992377628
 20
-38.499775668
 30
0.000000000
 10
41.007115074
 20
-36.618624375
 30
0.000000000
 10
41.021852521
 20
-34.737473082
 30
0.000000000
 10
40.764287058
 20
-33.097076742
 30
0.000000000
 10
40.276047508
 20
-31.666082214
 30
0.000000000
 10
39.787807958
 20
-30.235087686
 30
0.000000000
 10
39.068894320
 20
-29.013494970
 30
0.000000000
 10
38.222848651
 20
-27.940614362
 30
0.000000000
 10
37.376802982
 20
-26.867733754
 30
0.000000000
 10
36.403625282
 20
-25.943565253
 30
0.000000000
 10
35.413990456
 20
-25.299563474
 30
0.000000000
 10
34.424355630
 20
-24.655561694
 30
0.000000000
 10
33.418263679
 20
-24.291726636
 30
0.000000000
 10
32.474620727
 20
-24.063169308
 30
0.000000000
 10
31.530977776
 20
-23.834611980
 30
0.000000000
 10
30.649783823
 20
-23.741332382
 30
0.000000000
 10
29.720846268
 20
-23.792076490
 30
0.000000000
 10
28.791908712
 20
-23.842820598
 30
0.000000000
 10
27.815227554
 20
-24.037588412
 30
0.000000000
 10
26.688271642
 20
-24.314541363
 30
0.000000000
 10
25.561315730
 20
-24.591494314
 30
0.000000000
 10
24.284085064
 20
-24.950632403
 30
0.000000000
 10
23.490938793
 20
-25.212637372
 30
0.000000000
 10
22.697792522
 20
-25.474642342
 30
0.000000000
 10
22.388730647
 20
-25.639514192
 30
0.000000000
 10
22.276694897
 20
-25.380866957
 30
0.000000000
 10
22.164659147
 20
-25.122219722
 30
0.000000000
 10
22.249649523
 20
-24.440053401
 30
0.000000000
 10
22.250821394
 20
-23.750805728
 30
0.000000000
 10
22.251993266
 20
-23.061558054
 30
0.000000000
 10
22.169346633
 20
-22.365229027
 30
0.000000000
 10
22.054489401
 20
-21.514562408
 30
0.000000000
 10
21.939632170
 20
-20.663895789
 30
0.000000000
 10
21.792564339
 20
-19.658891577
 30
0.000000000
 10
21.460769777
 20
-18.618599260
 30
0.000000000
 10
21.128975215
 20
-17.578306944
 30
0.000000000
 10
20.612453921
 20
-16.502726522
 30
0.000000000
 10
20.271522183
 20
-15.878191458
 30
0.000000000
 10
19.930590445
 20
-15.253656394
 30
0.000000000
 10
19.765248263
 20
-15.080166688
 30
0.000000000
 10
19.548094151
 20
-15.050143913
 30
0.000000000
 10
19.330940040
 20
-15.020121138
 30
0.000000000
 10
19.061973999
 20
-15.133565294
 30
0.000000000
 10
18.239894824
 20
-15.702938485
 30
0.000000000
  0
LINE
  5
ABE
330
A02
100
AcDbEntity
  8
Body
100
AcDbLine
 10
24.127700000
 20
-21.908900000
 30
0.000000000
 11
24.127700000
 21
-21.908900000
 31
1.000000000
  0
SPLINE
  5
ABF
330
A02
100
AcDbEntity
  8
Body
100
AcDbSpline
210
0
220
0
230
1
 70
9
 71
3
 72
80
 73
76
 74
0
 40
0.000000000
 40
0.000000000
 40
0.000000000
 40
0.000000000
 40
0.058304957
 40
0.058304957
 40
0.058304957
 40
0.093806967
 40
0.093806967
 40
0.093806967
 40
0.167518443
 40
0.167518443
 40
0.167518443
 40
0.252450609
 40
0.252450609
 40
0.252450609
 40
0.309767484
 40
0.309767484
 40
0.309767484
 40
0.356520234
 40
0.356520234
 40
0.356520234
 40
0.432467201
 40
0.432467201
 40
0.432467201
 40
0.462275350
 40
0.462275350
 40
0.462275350
 40
0.487083693
 40
0.487083693
 40
0.487083693
 40
0.494609857
 40
0.494609857
 40
0.494609857
 40
0.501559956
 40
0.501559956
 40
0.501559956
 40
0.510533901
 40
0.510533901
 40
0.510533901
 40
0.520161481
 40
0.520161481
 40
0.520161481
 40
0.527336163
 40
0.527336163
 40
0.527336163
 40
0.535854727
 40
0.535854727
 40
0.535854727
 40
0.554924192
 40
0.554924192
 40
0.554924192
 40
0.597398621
 40
0.597398621
 40
0.597398621
 40
0.620587143
 40
0.620587143
 40
0.620587143
 40
0.695857001
 40
0.695857001
 40
0.695857001
 40
0.716099666
 40
0.716099666
 40
0.716099666
 40
0.742489850
 40
0.742489850
 40
0.742489850
 40
0.813548864
 40
0.813548864
 40
0.813548864
 40
0.876065256
 40
0.876065256
 40
0.876065256
 40
0.926605615
 40
0.926605615
 40
0.926605615
 40
1.000000000
 40
1.000000000
 40
1.000000000
 40
1.000000000
 10
24.127700000
 20
-21.908900000
 30
1.000000000
 10
24.968124787
 20
-22.100382146
 30
1.000000000
 10
25.816912198
 20
-22.240660496
 30
1.000000000
 10
26.664003967
 20
-22.281358274
 30
1.000000000
 10
27.179571871
 20
-22.307217993
 30
1.000000000
 10
27.696608401
 20
-22.294257144
 30
1.000000000
 10
28.194586639
 20
-22.257992324
 30
1.000000000
 10
29.235131827
 20
-22.183493678
 30
1.000000000
 10
30.271666544
 20
-22.015286246
 30
1.000000000
 10
31.271138356
 20
-21.714888801
 30
1.000000000
 10
32.421911201
 20
-21.371049781
 30
1.000000000
 10
33.522221576
 20
-20.840743740
 30
1.000000000
 10
34.477222919
 20
-20.101728874
 30
1.000000000
 10
35.121986377
 20
-19.604402383
 30
1.000000000
 10
35.700462499
 20
-19.020274153
 30
1.000000000
 10
36.214123287
 20
-18.384425358
 30
1.000000000
 10
36.632641940
 20
-17.864430127
 30
1.000000000
 10
37.009036228
 20
-17.312195277
 30
1.000000000
 10
37.343306153
 20
-16.727720808
 30
1.000000000
 10
37.884924149
 20
-15.781558986
 30
1.000000000
 10
38.325345117
 20
-14.777030755
 30
1.000000000
 10
38.667898333
 20
-13.751864763
 30
1.000000000
 10
38.801425075
 20
-13.348564708
 30
1.000000000
 10
38.919130426
 20
-12.944102898
 30
1.000000000
 10
39.021014387
 20
-12.538479333
 30
1.000000000
 10
39.105950044
 20
-12.200119460
 30
1.000000000
 10
39.180480816
 20
-11.867245435
 30
1.000000000
 10
39.244606703
 20
-11.539857257
 30
1.000000000
 10
39.264063844
 20
-11.441036859
 30
1.000000000
 10
39.282538207
 20
-11.344209642
 30
1.000000000
 10
39.300029794
 20
-11.249375604
 30
1.000000000
 10
39.315972160
 20
-11.162636975
 30
1.000000000
 10
39.332391648
 20
-11.074937624
 30
1.000000000
 10
39.343112933
 20
-11.002674703
 30
1.000000000
 10
39.356815093
 20
-10.908583316
 30
1.000000000
 10
39.365656517
 20
-10.819999010
 30
1.000000000
 10
39.349436712
 20
-10.745151764
 30
1.000000000
 10
39.331767222
 20
-10.664283668
 30
1.000000000
 10
39.280496922
 20
-10.603533671
 30
1.000000000
 10
39.195625811
 20
-10.562901773
 30
1.000000000
 10
39.132923580
 20
-10.533029081
 30
1.000000000
 10
39.061691239
 20
-10.509038704
 30
1.000000000
 10
38.981928787
 20
-10.490930645
 30
1.000000000
 10
38.889718209
 20
-10.468558910
 30
1.000000000
 10
38.768406072
 20
-10.446811406
 30
1.000000000
 10
38.652089222
 20
-10.428462207
 30
1.000000000
 10
38.386032430
 20
-10.387527450
 30
1.000000000
 10
38.112881712
 20
-10.354859928
 30
1.000000000
 10
37.832637069
 20
-10.330459641
 30
1.000000000
 10
37.208700561
 20
-10.275618213
 30
1.000000000
 10
36.577856725
 20
-10.252625869
 30
1.000000000
 10
35.940105561
 20
-10.261482611
 30
1.000000000
 10
35.591726398
 20
-10.265873271
 30
1.000000000
 10
35.232455227
 20
-10.281596727
 30
1.000000000
 10
34.862292047
 20
-10.308652978
 30
1.000000000
 10
33.665408196
 20
-10.400242790
 30
1.000000000
 10
32.469621627
 20
-10.596602174
 30
1.000000000
 10
31.320644394
 20
-10.943256566
 30
1.000000000
 10
31.011013414
 20
-11.037742768
 30
1.000000000
 10
30.718633734
 20
-11.139915099
 30
1.000000000
 10
30.429809226
 20
-11.257304605
 30
1.000000000
 10
30.052929904
 20
-11.410202666
 30
1.000000000
 10
29.688867994
 20
-11.587268963
 30
1.000000000
 10
29.337623497
 20
-11.788503496
 30
1.000000000
 10
28.392141510
 20
-12.330109610
 30
1.000000000
 10
27.562948731
 20
-13.048138381
 30
1.000000000
 10
26.850307917
 20
-13.860357303
 30
1.000000000
 10
26.223542969
 20
-14.577205351
 30
1.000000000
 10
25.714554448
 20
-15.396561423
 30
1.000000000
 10
25.324096928
 20
-16.275233098
 30
1.000000000
 10
25.005495659
 20
-16.984421782
 30
1.000000000
 10
24.766248825
 20
-17.733274045
 30
1.000000000
 10
24.592217082
 20
-18.500266106
 30
1.000000000
 10
24.339261547
 20
-19.614576921
 30
1.000000000
 10
24.208421599
 20
-20.760462175
 30
1.000000000
 10
24.127700000
 20
-21.908900000
 30
1.000000000
  0
LINE
  5
AC0
330
A02
100
AcDbEntity
  8
Body
100
AcDbLine
 10
24.127700000
 20
-21.908900000
 30
0.000000000
 11
24.127700000
 21
-21.908900000
 31
1.000000000
  0
SPLINE
  5
AC1
330
A02
100
AcDbEntity
  8
Body
100
AcDbSpline
210
0
220
0
230
1
 70
9
 71
3
 72
41
 73
37
 74
0
 40
0.000000000
 40
0.000000000
 40
0.000000000
 40
0.000000000
 40
1.000000000
 40
1.000000000
 40
1.000000000
 40
2.000000000
 40
2.000000000
 40
2.000000000
 40
3.000000000
 40
3.000000000
 40
3.000000000
 40
4.000000000
 40
4.000000000
 40
4.000000000
 40
5.000000000
 40
5.000000000
 40
5.000000000
 40
6.000000000
 40
6.000000000
 40
6.000000000
 40
7.000000000
 40
7.000000000
 40
7.000000000
 40
8.000000000
 40
8.000000000
 40
8.000000000
 40
9.000000000
 40
9.000000000
 40
9.000000000
 40
10.000000000
 40
10.000000000
 40
10.000000000
 40
11.000000000
 40
11.000000000
 40
11.000000000
 40
12.000000000
 40
12.000000000
 40
12.000000000
 40
12.000000000
 10
24.127700000
 20
-21.908900000
 30
0.000000000
 10
24.319800000
 20
-19.137100000
 30
0.000000000
 10
24.760059580
 20
-17.531928931
 30
0.000000000
 10
25.330941230
 20
-16.259953344
 30
0.000000000
 10
25.901822881
 20
-14.987977757
 30
0.000000000
 10
26.603326602
 20
-14.049197654
 30
0.000000000
 10
27.458628323
 20
-13.219539583
 30
0.000000000
 10
28.313930045
 20
-12.389881512
 30
0.000000000
 10
29.323029767
 20
-11.669345473
 30
0.000000000
 10
30.668380207
 20
-11.164049691
 30
0.000000000
 10
32.013730648
 20
-10.658753908
 30
0.000000000
 10
33.695331807
 20
-10.368698382
 30
0.000000000
 10
35.210390579
 20
-10.286255044
 30
0.000000000
 10
36.725449352
 20
-10.203811706
 30
0.000000000
 10
38.073965739
 20
-10.328980558
 30
0.000000000
 10
38.744493017
 20
-10.443639669
 30
0.000000000
 10
39.415020295
 20
-10.558298781
 30
0.000000000
 10
39.407558465
 20
-10.662448152
 30
0.000000000
 10
39.310827935
 20
-11.190689823
 30
0.000000000
 10
39.214097405
 20
-11.718931493
 30
0.000000000
 10
39.028098175
 20
-12.671265463
 30
0.000000000
 10
38.663532106
 20
-13.764982564
 30
0.000000000
 10
38.298966037
 20
-14.858699665
 30
0.000000000
 10
37.755833129
 20
-16.093799898
 30
0.000000000
 10
37.060166636
 20
-17.198683325
 30
0.000000000
 10
36.364500143
 20
-18.303566751
 30
0.000000000
 10
35.516300065
 20
-19.278233371
 30
0.000000000
 10
34.578816694
 20
-20.022266682
 30
0.000000000
 10
33.641333324
 20
-20.766299994
 30
0.000000000
 10
32.614566661
 20
-21.279699996
 30
0.000000000
 10
31.531999996
 20
-21.633116664
 30
0.000000000
 10
30.449433332
 20
-21.986533333
 30
0.000000000
 10
29.311066666
 20
-22.179966667
 30
0.000000000
 10
28.167133333
 20
-22.259933333
 30
0.000000000
 10
27.023200000
 20
-22.339900000
 30
0.000000000
 10
25.873700000
 20
-22.306400000
 30
0.000000000
 10
24.127700000
 20
-21.908900000
 30
0.000000000
  0
LINE
  5
AC2
330
A02
100
AcDbEntity
  8
Body
100
AcDbLine
 10
1.500000000
 20
-69.983926726
 30
0.000000000
 11
1.500000000
 21
-74.984998500
 31
0.000000000
  0
LINE
  5
AC3
330
A02
100
AcDbEntity
  8
Body
100
AcDbLine
 10
1.500000000
 20
-74.984998500
 30
0.000000000
 11
1.500000000
 21
-74.984998500
 31
1.000000000
  0
LINE
  5
AC4
330
A02
100
AcDbEntity
  8
Body
100
AcDbLine
 10
1.500000000
 20
-69.983926726
 30
1.000000000
 11
1.500000000
 21
-74.984998500
 31
1.000000000
  0
LINE
  5
AC5
330
A02
100
AcDbEntity
  8
Body
100
AcDbLine
 10
1.500000000
 20
-69.983926726
 30
0.000000000
 11
1.500000000
 21
-69.983926726
 31
1.000000000
  0
ARC
  5
AC6
330
A02
100
AcDbEntity
  8
Body
100
AcDbCircle
 10
0.000000000
 20
0.000000000
 30
0.000000000
 40
75.000000000
100
AcDbArc
 50
-88.854008002
 51
22.333682658
  0
LINE
  5
AC7
330
A02
100
AcDbEntity
  8
Body
100
AcDbLine
 10
69.373986479
 20
28.500000000
 30
0.000000000
 11
69.373986479
 21
28.500000000
 31
1.000000000
  0
ARC
  5
AC8
330
A02
100
AcDbEntity
  8
Body
100
AcDbCircle
 10
0.000000000
 20
0.000000000
 30
1.000000000
 40
75.000000000
100
AcDbArc
 50
-88.854008002
 51
22.333682658
  0
LINE
  5
AC9
330
A02
100
AcDbEntity
  8
Body
100
AcDbLine
 10
1.500000000
 20
-74.984998500
 30
0.000000000
 11
1.500000000
 21
-74.984998500
 31
1.000000000
  0
LINE
  5
ACA
330
A02
100
AcDbEntity
  8
Body
100
AcDbLine
 10
69.373986479
 20
28.500000000
 30
0.000000000
 11
63.935514388
 21
28.500000000
 31
0.000000000
  0
LINE
  5
ACB
330
A02
100
AcDbEntity
  8
Body
100
AcDbLine
 10
63.935514388
 20
28.500000000
 30
0.000000000
 11
63.935514388
 21
28.500000000
 31
1.000000000
  0
LINE
  5
ACC
330
A02
100
AcDbEntity
  8
Body
100
AcDbLine
 10
69.373986479
 20
28.500000000
 30
1.000000000
 11
63.935514388
 21
28.500000000
 31
1.000000000
  0
LINE
  5
ACD
330
A02
100
AcDbEntity
  8
Body
100
AcDbLine
 10
69.373986479
 20
28.500000000
 30
0.000000000
 11
69.373986479
 21
28.500000000
 31
1.000000000
  0
ARC
  5
ACE
330
A02
100
AcDbEntity
  8
Body
100
AcDbCircle
 10
0.000000000
 20
0.000000000
 30
0.000000000
 40
70.000000000
100
AcDbArc
 50
-88.772139315
 51
24.025479473
  0
LINE
  5
ACF
330
A02
100
AcDbEntity
  8
Body
100
AcDbLine
 10
63.935514388
 20
28.500000000
 30
0.000000000
 11
63.935514388
 21
28.500000000
 31
1.000000000
  0
ARC
  5
AD0
330
A02
100
AcDbEntity
  8
Body
100
AcDbCircle
 10
0.000000000
 20
0.000000000
 30
1.000000000
 40
70.000000000
100
AcDbArc
 50
-88.772139315
 51
24.025479473
  0
LINE
  5
AD1
330
A02
100
AcDbEntity
  8
Body
100
AcDbLine
 10
1.500000000
 20
-69.983926726
 30
0.000000000
 11
1.500000000
 21
-69.983926726
 31
1.000000000
  0
LINE
  5
AD2
330
A02
100
AcDbEntity
  8
Body
100
AcDbLine
 10
42.654700000
 20
-21.056200000
 30
0.000000000
 11
42.654700000
 21
-21.056200000
 31
1.000000000
  0
SPLINE
  5
AD3
330
A02
100
AcDbEntity
  8
Body
100
AcDbSpline
210
0
220
0
230
1
 70
9
 71
3
 72
263
 73
259
 74
0
 40
0.000000000
 40
0.000000000
 40
0.000000000
 40
0.000000000
 40
0.011786025
 40
0.011786025
 40
0.011786025
 40
0.023573504
 40
0.023573504
 40
0.023573504
 40
0.034363293
 40
0.034363293
 40
0.034363293
 40
0.046133918
 40
0.046133918
 40
0.046133918
 40
0.060660534
 40
0.060660534
 40
0.060660534
 40
0.075095310
 40
0.075095310
 40
0.075095310
 40
0.090065401
 40
0.090065401
 40
0.090065401
 40
0.104045608
 40
0.104045608
 40
0.104045608
 40
0.114778967
 40
0.114778967
 40
0.114778967
 40
0.125846060
 40
0.125846060
 40
0.125846060
 40
0.142185171
 40
0.142185171
 40
0.142185171
 40
0.162703739
 40
0.162703739
 40
0.162703739
 40
0.168766588
 40
0.168766588
 40
0.168766588
 40
0.174448781
 40
0.174448781
 40
0.174448781
 40
0.183543123
 40
0.183543123
 40
0.183543123
 40
0.192651974
 40
0.192651974
 40
0.192651974
 40
0.205339326
 40
0.205339326
 40
0.205339326
 40
0.209363951
 40
0.209363951
 40
0.209363951
 40
0.215233701
 40
0.215233701
 40
0.215233701
 40
0.220693393
 40
0.220693393
 40
0.220693393
 40
0.229164531
 40
0.229164531
 40
0.229164531
 40
0.232458833
 40
0.232458833
 40
0.232458833
 40
0.239446923
 40
0.239446923
 40
0.239446923
 40
0.242699164
 40
0.242699164
 40
0.242699164
 40
0.246206753
 40
0.246206753
 40
0.246206753
 40
0.251466171
 40
0.251466171
 40
0.251466171
 40
0.257696079
 40
0.257696079
 40
0.257696079
 40
0.261122236
 40
0.261122236
 40
0.261122236
 40
0.265618314
 40
0.265618314
 40
0.265618314
 40
0.271368336
 40
0.271368336
 40
0.271368336
 40
0.275378812
 40
0.275378812
 40
0.275378812
 40
0.279389288
 40
0.279389288
 40
0.279389288
 40
0.282219745
 40
0.282219745
 40
0.282219745
 40
0.286937206
 40
0.286937206
 40
0.286937206
 40
0.292401646
 40
0.292401646
 40
0.292401646
 40
0.298105228
 40
0.298105228
 40
0.298105228
 40
0.303631318
 40
0.303631318
 40
0.303631318
 40
0.315036865
 40
0.315036865
 40
0.315036865
 40
0.326545778
 40
0.326545778
 40
0.326545778
 40
0.331960260
 40
0.331960260
 40
0.331960260
 40
0.337402714
 40
0.337402714
 40
0.337402714
 40
0.340344659
 40
0.340344659
 40
0.340344659
 40
0.344691991
 40
0.344691991
 40
0.344691991
 40
0.349039718
 40
0.349039718
 40
0.349039718
 40
0.355259983
 40
0.355259983
 40
0.355259983
 40
0.358986743
 40
0.358986743
 40
0.358986743
 40
0.363505507
 40
0.363505507
 40
0.363505507
 40
0.372539262
 40
0.372539262
 40
0.372539262
 40
0.378181201
 40
0.378181201
 40
0.378181201
 40
0.384387223
 40
0.384387223
 40
0.384387223
 40
0.395038255
 40
0.395038255
 40
0.395038255
 40
0.402698227
 40
0.402698227
 40
0.402698227
 40
0.408577041
 40
0.408577041
 40
0.408577041
 40
0.417714100
 40
0.417714100
 40
0.417714100
 40
0.422562509
 40
0.422562509
 40
0.422562509
 40
0.428226599
 40
0.428226599
 40
0.428226599
 40
0.442644043
 40
0.442644043
 40
0.442644043
 40
0.453244838
 40
0.453244838
 40
0.453244838
 40
0.467508670
 40
0.467508670
 40
0.467508670
 40
0.481772502
 40
0.481772502
 40
0.481772502
 40
0.506079114
 40
0.506079114
 40
0.506079114
 40
0.543146005
 40
0.543146005
 40
0.543146005
 40
0.578262283
 40
0.578262283
 40
0.578262283
 40
0.599733159
 40
0.599733159
 40
0.599733159
 40
0.617309592
 40
0.617309592
 40
0.617309592
 40
0.634632358
 40
0.634632358
 40
0.634632358
 40
0.662783608
 40
0.662783608
 40
0.662783608
 40
0.675677614
 40
0.675677614
 40
0.675677614
 40
0.690193686
 40
0.690193686
 40
0.690193686
 40
0.707935551
 40
0.707935551
 40
0.707935551
 40
0.729157795
 40
0.729157795
 40
0.729157795
 40
0.740052994
 40
0.740052994
 40
0.740052994
 40
0.758175299
 40
0.758175299
 40
0.758175299
 40
0.787338836
 40
0.787338836
 40
0.787338836
 40
0.805599239
 40
0.805599239
 40
0.805599239
 40
0.825670575
 40
0.825670575
 40
0.825670575
 40
0.845799366
 40
0.845799366
 40
0.845799366
 40
0.878677057
 40
0.878677057
 40
0.878677057
 40
0.896457212
 40
0.896457212
 40
0.896457212
 40
0.915052018
 40
0.915052018
 40
0.915052018
 40
0.926877097
 40
0.926877097
 40
0.926877097
 40
0.945441989
 40
0.945441989
 40
0.945441989
 40
0.954756706
 40
0.954756706
 40
0.954756706
 40
0.964071423
 40
0.964071423
 40
0.964071423
 40
0.981180269
 40
0.981180269
 40
0.981180269
 40
1.000000000
 40
1.000000000
 40
1.000000000
 40
1.000000000
 10
42.654700000
 20
-21.056200000
 30
1.000000000
 10
43.903987600
 20
-18.752569600
 30
1.000000000
 10
44.623891708
 20
-17.225355009
 30
1.000000000
 10
45.074615074
 20
-16.091839932
 30
1.000000000
 10
45.525297835
 20
-14.958375846
 30
1.000000000
 10
45.706964489
 20
-14.218401358
 30
1.000000000
 10
45.879380879
 20
-13.489765090
 30
1.000000000
 10
46.038089646
 20
-12.824661696
 30
1.000000000
 10
46.170645687
 20
-12.182974374
 30
1.000000000
 10
46.277049003
 20
-11.564703122
 30
1.000000000
 10
46.393431915
 20
-10.890575561
 30
1.000000000
 10
46.467624930
 20
-10.231698890
 30
1.000000000
 10
46.499628048
 20
-9.588073107
 30
1.000000000
 10
46.537031247
 20
-8.790850942
 30
1.000000000
 10
46.502302357
 20
-7.992498283
 30
1.000000000
 10
46.419582218
 20
-7.200175387
 30
1.000000000
 10
46.336865275
 20
-6.413276168
 30
1.000000000
 10
46.211005785
 20
-5.628745067
 30
1.000000000
 10
46.059525501
 20
-4.850501033
 30
1.000000000
 10
45.901840503
 20
-4.042478961
 30
1.000000000
 10
45.711184563
 20
-3.244452371
 30
1.000000000
 10
45.487557680
 20
-2.456421264
 30
1.000000000
 10
45.280097574
 20
-1.721101250
 30
1.000000000
 10
45.034400624
 20
-1.000096782
 30
1.000000000
 10
44.750466830
 20
-0.293407859
 30
1.000000000
 10
44.530536730
 20
0.248660840
 30
1.000000000
 10
44.288556065
 20
0.782537483
 30
1.000000000
 10
44.024524835
 20
1.308222072
 30
1.000000000
 10
43.754008905
 20
1.850589690
 30
1.000000000
 10
43.460502781
 20
2.396446374
 30
1.000000000
 10
43.168452385
 20
2.920005021
 30
1.000000000
 10
42.737760051
 20
3.694332216
 30
1.000000000
 10
42.287924459
 20
4.448695632
 30
1.000000000
 10
41.853251205
 20
5.207409691
 30
1.000000000
 10
41.305441301
 20
6.157405047
 30
1.000000000
 10
40.799183690
 20
7.144923917
 30
1.000000000
 10
40.349228127
 20
8.156290276
 30
1.000000000
 10
40.215424883
 20
8.456133956
 30
1.000000000
 10
40.091972694
 20
8.745602862
 30
1.000000000
 10
39.978871562
 20
9.024696993
 30
1.000000000
 10
39.873024159
 20
9.284922234
 30
1.000000000
 10
39.774178176
 20
9.545149404
 30
1.000000000
 10
39.682333612
 20
9.805378503
 30
1.000000000
 10
39.536102239
 20
10.221784298
 30
1.000000000
 10
39.427443758
 20
10.592118868
 30
1.000000000
 10
39.341891171
 20
10.947776595
 30
1.000000000
 10
39.256633711
 20
11.302090365
 30
1.000000000
 10
39.193185593
 20
11.647630536
 30
1.000000000
 10
39.140854764
 20
11.998605983
 30
1.000000000
 10
39.069059175
 20
12.483547908
 30
1.000000000
 10
39.019644882
 20
12.973316131
 30
1.000000000
 10
38.994363812
 20
13.434906775
 30
1.000000000
 10
38.986217867
 20
13.581296714
 30
1.000000000
 10
38.981637200
 20
13.722497866
 30
1.000000000
 10
38.980621813
 20
13.858510230
 30
1.000000000
 10
38.979464280
 20
14.055152506
 30
1.000000000
 10
38.988796730
 20
14.218158289
 30
1.000000000
 10
39.008619164
 20
14.347527579
 30
1.000000000
 10
39.028011533
 20
14.468682404
 30
1.000000000
 10
39.054823834
 20
14.573890782
 30
1.000000000
 10
39.105414554
 20
14.653075228
 30
1.000000000
 10
39.185480368
 20
14.775809042
 30
1.000000000
 10
39.331300061
 20
14.830404217
 30
1.000000000
 10
39.663811159
 20
14.833721846
 30
1.000000000
 10
39.795309428
 20
14.834674561
 30
1.000000000
 10
39.948672626
 20
14.828874759
 30
1.000000000
 10
40.123900755
 20
14.816322441
 30
1.000000000
 10
40.491331219
 20
14.789842424
 30
1.000000000
 10
40.871606482
 20
14.744913293
 30
1.000000000
 10
41.240516026
 20
14.690359922
 30
1.000000000
 10
41.412445175
 20
14.663824953
 30
1.000000000
 10
41.580707111
 20
14.636520081
 30
1.000000000
 10
41.745301837
 20
14.608445307
 30
1.000000000
 10
41.921250587
 20
14.577508750
 30
1.000000000
 10
42.088302004
 20
14.561259772
 30
1.000000000
 10
42.246456087
 20
14.559698375
 30
1.000000000
 10
42.486185030
 20
14.560928950
 30
1.000000000
 10
42.717782394
 20
14.612320371
 30
1.000000000
 10
42.975164836
 20
14.762371615
 30
1.000000000
 10
43.279924544
 20
14.941976591
 30
1.000000000
 10
43.557257665
 20
15.190883321
 30
1.000000000
 10
43.819900159
 20
15.441939687
 30
1.000000000
 10
43.965649880
 20
15.583711023
 30
1.000000000
 10
44.098654900
 20
15.717178241
 30
1.000000000
 10
44.218915219
 20
15.842341341
 30
1.000000000
 10
44.374973340
 20
16.002332782
 30
1.000000000
 10
44.522363916
 20
16.159198074
 30
1.000000000
 10
44.655675886
 20
16.276085558
 30
1.000000000
 10
44.826149424
 20
16.424305998
 30
1.000000000
 10
44.930202970
 20
16.456895396
 30
1.000000000
 10
45.048930047
 20
16.384316365
 30
1.000000000
 10
45.131200799
 20
16.333933048
 30
1.000000000
 10
45.212938279
 20
16.244063052
 30
1.000000000
 10
45.304325023
 20
16.147043583
 30
1.000000000
 10
45.394789414
 20
16.047371761
 30
1.000000000
 10
45.496060393
 20
15.945346862
 30
1.000000000
 10
45.608137958
 20
15.840968886
 30
1.000000000
 10
45.687836867
 20
15.768133083
 30
1.000000000
 10
45.777398654
 20
15.694152327
 30
1.000000000
 10
45.876823319
 20
15.619026618
 30
1.000000000
 10
46.042813927
 20
15.492855740
 30
1.000000000
 10
46.234087180
 20
15.370717267
 30
1.000000000
 10
46.450643078
 20
15.252611198
 30
1.000000000
 10
46.702040257
 20
15.116763957
 30
1.000000000
 10
46.967389076
 20
15.002872873
 30
1.000000000
 10
47.246689537
 20
14.910937945
 30
1.000000000
 10
47.536973686
 20
14.815724996
 30
1.000000000
 10
47.846555711
 20
14.744091257
 30
1.000000000
 10
48.151914853
 20
14.712074235
 30
1.000000000
 10
48.447475691
 20
14.681235944
 30
1.000000000
 10
48.747207489
 20
14.685700287
 30
1.000000000
 10
49.032019007
 20
14.750738101
 30
1.000000000
 10
49.624918108
 20
14.881961735
 30
1.000000000
 10
50.120429114
 20
15.273981191
 30
1.000000000
 10
50.518392530
 20
15.743950669
 30
1.000000000
 10
50.922285625
 20
16.220558298
 30
1.000000000
 10
51.254502416
 20
16.770558836
 30
1.000000000
 10
51.518442198
 20
17.333286345
 30
1.000000000
 10
51.639800582
 20
17.600658042
 30
1.000000000
 10
51.748783174
 20
17.866200874
 30
1.000000000
 10
51.845389973
 20
18.129914841
 30
1.000000000
 10
51.944930643
 20
18.392549908
 30
1.000000000
 10
52.029614344
 20
18.617843396
 30
1.000000000
 10
52.119901719
 20
18.780154830
 30
1.000000000
 10
52.168317125
 20
18.868979692
 30
1.000000000
 10
52.223816324
 20
18.942957926
 30
1.000000000
 10
52.286399315
 20
19.002089531
 30
1.000000000
 10
52.377792706
 20
19.085132734
 30
1.000000000
 10
52.484657638
 20
19.133194109
 30
1.000000000
 10
52.606994112
 20
19.146273657
 30
1.000000000
 10
52.730730229
 20
19.162469601
 30
1.000000000
 10
52.875072759
 20
19.151729943
 30
1.000000000
 10
53.047431468
 20
19.134130121
 30
1.000000000
 10
53.293779672
 20
19.108085367
 30
1.000000000
 10
53.565013701
 20
19.080088486
 30
1.000000000
 10
53.848307006
 20
19.087029239
 30
1.000000000
 10
54.018560036
 20
19.090578010
 30
1.000000000
 10
54.191562118
 20
19.105329253
 30
1.000000000
 10
54.367313253
 20
19.131282969
 30
1.000000000
 10
54.582406256
 20
19.162935065
 30
1.000000000
 10
54.802401269
 20
19.207986283
 30
1.000000000
 10
55.027298292
 20
19.266436623
 30
1.000000000
 10
55.472492262
 20
19.381742934
 30
1.000000000
 10
55.900222797
 20
19.542106721
 30
1.000000000
 10
56.192282023
 20
19.711988973
 30
1.000000000
 10
56.375532235
 20
19.819699201
 30
1.000000000
 10
56.525016278
 20
19.925380684
 30
1.000000000
 10
56.640734152
 20
20.029033424
 30
1.000000000
 10
56.770347588
 20
20.141171358
 30
1.000000000
 10
56.866832402
 20
20.244522802
 30
1.000000000
 10
56.947028241
 20
20.325496180
 30
1.000000000
 10
57.085875583
 20
20.465540841
 30
1.000000000
 10
57.186007496
 20
20.560466306
 30
1.000000000
 10
57.284074492
 20
20.569190913
 30
1.000000000
 10
57.355436800
 20
20.576277434
 30
1.000000000
 10
57.428604867
 20
20.544139324
 30
1.000000000
 10
57.533865627
 20
20.449796853
 30
1.000000000
 10
57.615347143
 20
20.374751850
 30
1.000000000
 10
57.706085323
 20
20.278017618
 30
1.000000000
 10
57.806080165
 20
20.159594158
 30
1.000000000
 10
57.960307713
 20
19.978852968
 30
1.000000000
 10
58.124557077
 20
19.766128238
 30
1.000000000
 10
58.285642432
 20
19.540957412
 30
1.000000000
 10
58.371440796
 20
19.421297437
 30
1.000000000
 10
58.461982711
 20
19.289700418
 30
1.000000000
 10
58.557268177
 20
19.146166355
 30
1.000000000
 10
58.668485625
 20
18.978060307
 30
1.000000000
 10
58.784753525
 20
18.797902039
 30
1.000000000
 10
58.909892263
 20
18.578680426
 30
1.000000000
 10
59.229297689
 20
18.019242794
 30
1.000000000
 10
59.489052986
 20
17.393653469
 30
1.000000000
 10
59.721150023
 20
16.757772047
 30
1.000000000
 10
59.890626252
 20
16.288308070
 30
1.000000000
 10
60.048829942
 20
15.812731428
 30
1.000000000
 10
60.195761095
 20
15.331042120
 30
1.000000000
 10
60.394843496
 20
14.683963572
 30
1.000000000
 10
60.608910844
 20
13.931496127
 30
1.000000000
 10
60.821749679
 20
13.114423326
 30
1.000000000
 10
61.034588514
 20
12.297350525
 30
1.000000000
 10
61.246198835
 20
11.415672368
 30
1.000000000
 10
61.440367184
 20
10.510172396
 30
1.000000000
 10
61.770935265
 20
8.967153066
 30
1.000000000
 10
62.042277128
 20
7.409548981
 30
1.000000000
 10
62.207472094
 20
5.840610600
 30
1.000000000
 10
62.461438297
 20
3.448416877
 30
1.000000000
 10
62.468894694
 20
1.218228992
 30
1.000000000
 10
62.310678630
 20
-0.863427461
 30
1.000000000
 10
62.160781337
 20
-2.835539305
 30
1.000000000
 10
61.863034100
 20
-4.672663683
 30
1.000000000
 10
61.404624757
 20
-6.548914483
 30
1.000000000
 10
61.124356276
 20
-7.693457615
 30
1.000000000
 10
60.783764052
 20
-8.864046841
 30
1.000000000
 10
60.382848084
 20
-10.060682161
 30
1.000000000
 10
60.055604446
 20
-11.036449411
 30
1.000000000
 10
59.690344479
 20
-12.018188025
 30
1.000000000
 10
59.292116551
 20
-12.978418978
 30
1.000000000
 10
58.900987860
 20
-13.926080067
 30
1.000000000
 10
58.471474936
 20
-14.855643943
 30
1.000000000
 10
58.003577779
 20
-15.767110606
 30
1.000000000
 10
57.240298245
 20
-17.245718178
 30
1.000000000
 10
56.365020438
 20
-18.664651639
 30
1.000000000
 10
55.400987803
 20
-20.014689760
 30
1.000000000
 10
54.957086127
 20
-20.633807100
 30
1.000000000
 10
54.524619166
 20
-21.202373248
 30
1.000000000
 10
54.103586921
 20
-21.720388206
 30
1.000000000
 10
53.631756905
 20
-22.302772031
 30
1.000000000
 10
53.176211159
 20
-22.823517252
 30
1.000000000
 10
52.698346953
 20
-23.323422315
 30
1.000000000
 10
52.114290700
 20
-23.934417392
 30
1.000000000
 10
51.496894523
 20
-24.514280875
 30
1.000000000
 10
50.775677986
 20
-25.137502106
 30
1.000000000
 10
49.912185388
 20
-25.882103496
 30
1.000000000
 10
49.016937525
 20
-26.596113328
 30
1.000000000
 10
48.115923581
 20
-27.299788328
 30
1.000000000
 10
47.652968872
 20
-27.660716119
 30
1.000000000
 10
47.197374519
 20
-28.010329304
 30
1.000000000
 10
46.775161546
 20
-28.331060842
 30
1.000000000
 10
46.069807158
 20
-28.866769268
 30
1.000000000
 10
45.464108194
 20
-29.317444763
 30
1.000000000
 10
45.059566023
 20
-29.614910718
 30
1.000000000
 10
44.403086324
 20
-30.097238354
 30
1.000000000
 10
44.165827470
 20
-30.253690884
 30
1.000000000
 10
44.042417975
 20
-30.304748223
 30
1.000000000
 10
43.967337114
 20
-30.333699149
 30
1.000000000
 10
43.926903925
 20
-30.335661360
 30
1.000000000
 10
43.878295067
 20
-30.318673789
 30
1.000000000
 10
43.826797521
 20
-30.297147644
 30
1.000000000
 10
43.775400120
 20
-30.238293142
 30
1.000000000
 10
43.700923721
 20
-30.104059778
 30
1.000000000
 10
43.627099008
 20
-29.971728768
 30
1.000000000
 10
43.527374113
 20
-29.755774037
 30
1.000000000
 10
43.386654957
 20
-29.441790863
 30
1.000000000
 10
43.158377303
 20
-28.933839441
 30
1.000000000
 10
42.837792589
 20
-28.214601782
 30
1.000000000
 10
42.464526395
 20
-27.530937596
 30
1.000000000
 10
42.261430338
 20
-27.160996465
 30
1.000000000
 10
42.044396634
 20
-26.801655929
 30
1.000000000
 10
41.813425283
 20
-26.452915988
 30
1.000000000
 10
41.573323378
 20
-26.088462856
 30
1.000000000
 10
41.342222532
 20
-25.766713556
 30
1.000000000
 10
41.154828633
 20
-25.516657622
 30
1.000000000
 10
41.034863900
 20
-25.357213677
 30
1.000000000
 10
40.935638080
 20
-25.228826912
 30
1.000000000
 10
40.857151173
 20
-25.131497327
 30
1.000000000
 10
40.733274914
 20
-24.977065894
 30
1.000000000
 10
40.655883264
 20
-24.889717223
 30
1.000000000
 10
40.599201065
 20
-24.826211269
 30
1.000000000
 10
40.571371571
 20
-24.795334646
 30
1.000000000
 10
40.547146251
 20
-24.767748464
 30
1.000000000
 10
40.526525105
 20
-24.743452722
 30
1.000000000
 10
40.506221077
 20
-24.717347351
 30
1.000000000
 10
40.483702510
 20
-24.695518883
 30
1.000000000
 10
40.467934422
 20
-24.661465665
 30
1.000000000
 10
40.441384542
 20
-24.596621495
 30
1.000000000
 10
40.458337377
 20
-24.466306452
 30
1.000000000
 10
40.710833625
 20
-24.018866530
 30
1.000000000
 10
40.988579498
 20
-23.526682617
 30
1.000000000
 10
41.551332900
 20
-22.650777600
 30
1.000000000
 10
42.654700000
 20
-21.056200000
 30
1.000000000
  0
LINE
  5
AD4
330
A02
100
AcDbEntity
  8
Body
100
AcDbLine
 10
42.654700000
 20
-21.056200000
 30
0.000000000
 11
42.654700000
 21
-21.056200000
 31
1.000000000
  0
SPLINE
  5
AD5
330
A02
100
AcDbEntity
  8
Body
100
AcDbSpline
210
0
220
0
230
1
 70
9
 71
3
 72
134
 73
130
 74
0
 40
0.000000000
 40
0.000000000
 40
0.000000000
 40
0.000000000
 40
1.000000000
 40
1.000000000
 40
1.000000000
 40
2.000000000
 40
2.000000000
 40
2.000000000
 40
3.000000000
 40
3.000000000
 40
3.000000000
 40
4.000000000
 40
4.000000000
 40
4.000000000
 40
5.000000000
 40
5.000000000
 40
5.000000000
 40
6.000000000
 40
6.000000000
 40
6.000000000
 40
7.000000000
 40
7.000000000
 40
7.000000000
 40
8.000000000
 40
8.000000000
 40
8.000000000
 40
9.000000000
 40
9.000000000
 40
9.000000000
 40
10.000000000
 40
10.000000000
 40
10.000000000
 40
11.000000000
 40
11.000000000
 40
11.000000000
 40
12.000000000
 40
12.000000000
 40
12.000000000
 40
13.000000000
 40
13.000000000
 40
13.000000000
 40
14.000000000
 40
14.000000000
 40
14.000000000
 40
15.000000000
 40
15.000000000
 40
15.000000000
 40
16.000000000
 40
16.000000000
 40
16.000000000
 40
17.000000000
 40
17.000000000
 40
17.000000000
 40
18.000000000
 40
18.000000000
 40
18.000000000
 40
19.000000000
 40
19.000000000
 40
19.000000000
 40
20.000000000
 40
20.000000000
 40
20.000000000
 40
21.000000000
 40
21.000000000
 40
21.000000000
 40
22.000000000
 40
22.000000000
 40
22.000000000
 40
23.000000000
 40
23.000000000
 40
23.000000000
 40
24.000000000
 40
24.000000000
 40
24.000000000
 40
25.000000000
 40
25.000000000
 40
25.000000000
 40
26.000000000
 40
26.000000000
 40
26.000000000
 40
27.000000000
 40
27.000000000
 40
27.000000000
 40
28.000000000
 40
28.000000000
 40
28.000000000
 40
29.000000000
 40
29.000000000
 40
29.000000000
 40
30.000000000
 40
30.000000000
 40
30.000000000
 40
31.000000000
 40
31.000000000
 40
31.000000000
 40
32.000000000
 40
32.000000000
 40
32.000000000
 40
33.000000000
 40
33.000000000
 40
33.000000000
 40
34.000000000
 40
34.000000000
 40
34.000000000
 40
35.000000000
 40
35.000000000
 40
35.000000000
 40
36.000000000
 40
36.000000000
 40
36.000000000
 40
37.000000000
 40
37.000000000
 40
37.000000000
 40
38.000000000
 40
38.000000000
 40
38.000000000
 40
39.000000000
 40
39.000000000
 40
39.000000000
 40
40.000000000
 40
40.000000000
 40
40.000000000
 40
41.000000000
 40
41.000000000
 40
41.000000000
 40
42.000000000
 40
42.000000000
 40
42.000000000
 40
43.000000000
 40
43.000000000
 40
43.000000000
 40
43.000000000
 10
42.654700000
 20
-21.056200000
 30
0.000000000
 10
40.322000000
 20
-24.427400000
 30
0.000000000
 10
40.405677394
 20
-24.586354008
 30
0.000000000
 10
40.490338598
 20
-24.698242513
 30
0.000000000
 10
40.574999803
 20
-24.810131018
 30
0.000000000
 10
40.660644818
 20
-24.874954019
 30
0.000000000
 10
40.990840347
 20
-25.301315606
 30
0.000000000
 10
41.321035877
 20
-25.727677193
 30
0.000000000
 10
41.895781922
 20
-26.515577366
 30
0.000000000
 10
42.387119351
 20
-27.391074613
 30
0.000000000
 10
42.878456780
 20
-28.266571860
 30
0.000000000
 10
43.286385593
 20
-29.229666180
 30
0.000000000
 10
43.525447785
 20
-29.747970704
 30
0.000000000
 10
43.764509976
 20
-30.266275229
 30
0.000000000
 10
43.834705546
 20
-30.339789957
 30
0.000000000
 10
43.955069738
 20
-30.328079567
 30
0.000000000
 10
44.075433931
 20
-30.316369176
 30
0.000000000
 10
44.245966746
 20
-30.219433667
 30
0.000000000
 10
45.404366568
 20
-29.360249584
 30
0.000000000
 10
46.562766389
 20
-28.501065500
 30
0.000000000
 10
48.709033217
 20
-26.879632843
 30
0.000000000
 10
50.327983290
 20
-25.518866484
 30
0.000000000
 10
51.946933363
 20
-24.158100126
 30
0.000000000
 10
53.038566683
 20
-23.058000067
 30
0.000000000
 10
54.268900008
 20
-21.514666702
 30
0.000000000
 10
55.499233334
 20
-19.971333337
 30
0.000000000
 10
56.868266667
 20
-17.984766666
 30
0.000000000
 10
58.049750000
 20
-15.677281665
 30
0.000000000
 10
59.231233333
 20
-13.369796664
 30
0.000000000
 10
60.225166666
 20
-10.741393332
 30
0.000000000
 10
60.944450000
 20
-8.266170000
 30
0.000000000
 10
61.663733333
 20
-5.790946667
 30
0.000000000
 10
62.108366667
 20
-3.468903334
 30
0.000000000
 10
62.305983333
 20
-0.924535000
 30
0.000000000
 10
62.503600000
 20
1.619833333
 30
0.000000000
 10
62.454200000
 20
4.386526667
 30
0.000000000
 10
62.009550000
 20
7.400253333
 30
0.000000000
 10
61.564900000
 20
10.413980000
 30
0.000000000
 10
60.725000000
 20
13.674740000
 30
0.000000000
 10
60.084383333
 20
15.687036667
 30
0.000000000
 10
59.443766667
 20
17.699333334
 30
0.000000000
 10
59.002433333
 20
18.463166667
 30
0.000000000
 10
58.625516665
 20
19.042249997
 30
0.000000000
 10
58.248599996
 20
19.621333328
 30
0.000000000
 10
57.936099993
 20
20.015666656
 30
0.000000000
 10
57.724050007
 20
20.253766677
 30
0.000000000
 10
57.512000022
 20
20.491866699
 30
0.000000000
 10
57.400400055
 20
20.573733413
 30
0.000000000
 10
57.296233371
 20
20.570016722
 30
0.000000000
 10
57.192066687
 20
20.566300030
 30
0.000000000
 10
57.095333287
 20
20.476999932
 30
0.000000000
 10
56.916765980
 20
20.294715671
 30
0.000000000
 10
56.738198673
 20
20.112431410
 30
0.000000000
 10
56.477797460
 20
19.837162986
 30
0.000000000
 10
55.975586722
 20
19.599088252
 30
0.000000000
 10
55.473375984
 20
19.361013519
 30
0.000000000
 10
54.729355722
 20
19.160132477
 30
0.000000000
 10
54.145276322
 20
19.104297285
 30
0.000000000
 10
53.561196922
 20
19.048462093
 30
0.000000000
 10
53.137058384
 20
19.137672751
 30
0.000000000
 10
52.824345226
 20
19.152247328
 30
0.000000000
 10
52.511632068
 20
19.166821905
 30
0.000000000
 10
52.310344289
 20
19.106760400
 30
0.000000000
 10
52.134123696
 20
18.805112948
 30
0.000000000
 10
51.957903103
 20
18.503465496
 30
0.000000000
 10
51.806749696
 20
17.960232097
 30
0.000000000
 10
51.531737593
 20
17.362040834
 30
0.000000000
 10
51.256725490
 20
16.763849572
 30
0.000000000
 10
50.857854692
 20
16.110700448
 30
0.000000000
 10
50.410731534
 20
15.622098200
 30
0.000000000
 10
49.963608377
 20
15.133495953
 30
0.000000000
 10
49.468232860
 20
14.809440582
 30
0.000000000
 10
48.869300000
 20
14.720200000
 30
0.000000000
 10
48.270367140
 20
14.630959418
 30
0.000000000
 10
47.567876936
 20
14.776533624
 30
0.000000000
 10
46.984092774
 20
15.005373494
 30
0.000000000
 10
46.400308611
 20
15.234213364
 30
0.000000000
 10
45.935230489
 20
15.546318899
 30
0.000000000
 10
45.622125602
 20
15.828300621
 30
0.000000000
 10
45.309020715
 20
16.110282343
 30
0.000000000
 10
45.147889063
 20
16.362140251
 30
0.000000000
 10
44.988923997
 20
16.412219044
 30
0.000000000
 10
44.829958931
 20
16.462297837
 30
0.000000000
 10
44.673160450
 20
16.310597514
 30
0.000000000
 10
44.308968414
 20
15.935212099
 30
0.000000000
 10
43.944776378
 20
15.559826685
 30
0.000000000
 10
43.373190787
 20
14.960756179
 30
0.000000000
 10
42.884952882
 20
14.713291117
 30
0.000000000
 10
42.396714977
 20
14.465826056
 30
0.000000000
 10
41.991824758
 20
14.569966439
 30
0.000000000
 10
41.417435772
 20
14.662892729
 30
0.000000000
 10
40.843046785
 20
14.755819020
 30
0.000000000
 10
40.099159032
 20
14.837531217
 30
0.000000000
 10
39.667685989
 20
14.833758113
 30
0.000000000
 10
39.236212946
 20
14.829985010
 30
0.000000000
 10
39.117154614
 20
14.740726605
 30
0.000000000
 10
39.049692607
 20
14.529619633
 30
0.000000000
 10
38.982230601
 20
14.318512661
 30
0.000000000
 10
38.966364920
 20
13.985557121
 30
0.000000000
 10
38.992415571
 20
13.472179043
 30
0.000000000
 10
39.018466221
 20
12.958800965
 30
0.000000000
 10
39.086433202
 20
12.265000349
 30
0.000000000
 10
39.208116660
 20
11.587828420
 30
0.000000000
 10
39.329800118
 20
10.910656491
 30
0.000000000
 10
39.505200053
 20
10.250113251
 30
0.000000000
 10
39.839616688
 20
9.377689963
 30
0.000000000
 10
40.174033324
 20
8.505266674
 30
0.000000000
 10
40.667466661
 20
7.420963339
 30
0.000000000
 10
41.160883330
 20
6.470675004
 30
0.000000000
 10
41.654299999
 20
5.520386669
 30
0.000000000
 10
42.147700000
 20
4.704113334
 30
0.000000000
 10
42.696566667
 20
3.751351000
 30
0.000000000
 10
43.245433334
 20
2.798588666
 30
0.000000000
 10
43.849766667
 20
1.709337333
 30
0.000000000
 10
44.331633333
 20
0.671292333
 30
0.000000000
 10
44.813500000
 20
-0.366752667
 30
0.000000000
 10
45.172900000
 20
-1.353591333
 30
0.000000000
 10
45.486616667
 20
-2.453122333
 30
0.000000000
 10
45.800333333
 20
-3.552653333
 30
0.000000000
 10
46.068366667
 20
-4.764876667
 30
0.000000000
 10
46.258666667
 20
-5.980205000
 30
0.000000000
 10
46.448966667
 20
-7.195533333
 30
0.000000000
 10
46.561533333
 20
-8.413966667
 30
0.000000000
 10
46.495716667
 20
-9.666966667
 30
0.000000000
 10
46.429900000
 20
-10.919966667
 30
0.000000000
 10
46.185700000
 20
-12.207533333
 30
0.000000000
 10
45.847175000
 20
-13.625491667
 30
0.000000000
 10
45.508650000
 20
-15.043450000
 30
0.000000000
 10
45.075800000
 20
-16.591800000
 30
0.000000000
 10
42.654700000
 20
-21.056200000
 30
0.000000000
  0
SPLINE
  5
AD6
330
A02
100
AcDbEntity
  8
Body
100
AcDbSpline
210
0
220
0
230
1
 70
8
 71
3
 72
47
 73
43
 74
0
 40
0.000000000
 40
0.000000000
 40
0.000000000
 40
0.000000000
 40
1.000000000
 40
1.000000000
 40
1.000000000
 40
2.000000000
 40
2.000000000
 40
2.000000000
 40
3.000000000
 40
3.000000000
 40
3.000000000
 40
4.000000000
 40
4.000000000
 40
4.000000000
 40
5.000000000
 40
5.000000000
 40
5.000000000
 40
6.000000000
 40
6.000000000
 40
6.000000000
 40
7.000000000
 40
7.000000000
 40
7.000000000
 40
8.000000000
 40
8.000000000
 40
8.000000000
 40
9.000000000
 40
9.000000000
 40
9.000000000
 40
10.000000000
 40
10.000000000
 40
10.000000000
 40
11.000000000
 40
11.000000000
 40
11.000000000
 40
12.000000000
 40
12.000000000
 40
12.000000000
 40
13.000000000
 40
13.000000000
 40
13.000000000
 40
14.000000000
 40
14.000000000
 40
14.000000000
 40
14.000000000
 10
-47.636800000
 20
-5.344830000
 30
0.000000000
 10
-50.600704971
 20
-5.110033767
 30
0.000000000
 10
-52.103502485
 20
-4.822366884
 30
0.000000000
 10
-53.156251540
 20
-4.557335741
 30
0.000000000
 10
-54.209000595
 20
-4.292304599
 30
0.000000000
 10
-54.811701191
 20
-4.049909198
 30
0.000000000
 10
-55.329269576
 20
-3.762508488
 30
0.000000000
 10
-55.846837961
 20
-3.475107778
 30
0.000000000
 10
-56.279274135
 20
-3.142701759
 30
0.000000000
 10
-56.334359439
 20
-2.710486689
 30
0.000000000
 10
-56.389444743
 20
-2.278271619
 30
0.000000000
 10
-56.067179175
 20
-1.746247499
 30
0.000000000
 10
-55.281647521
 20
-1.109911490
 30
0.000000000
 10
-54.496115866
 20
-0.473575482
 30
0.000000000
 10
-53.247318123
 20
0.267072416
 30
0.000000000
 10
-51.697992797
 20
0.947519599
 30
0.000000000
 10
-50.148667470
 20
1.627966783
 30
0.000000000
 10
-48.298814560
 20
2.248213252
 30
0.000000000
 10
-45.983850333
 20
2.864951954
 30
0.000000000
 10
-43.668886107
 20
3.481690655
 30
0.000000000
 10
-40.888810563
 20
4.094921589
 30
0.000000000
 10
-38.048199646
 20
4.421901192
 30
0.000000000
 10
-35.207588728
 20
4.748880795
 30
0.000000000
 10
-32.306442436
 20
4.789609067
 30
0.000000000
 10
-29.901300387
 20
4.713559815
 30
0.000000000
 10
-27.496158339
 20
4.637510563
 30
0.000000000
 10
-25.587020534
 20
4.444683786
 30
0.000000000
 10
-24.034552074
 20
4.116702419
 30
0.000000000
 10
-22.482083614
 20
3.788721052
 30
0.000000000
 10
-21.286284499
 20
3.325585094
 30
0.000000000
 10
-20.630857086
 20
2.937593576
 30
0.000000000
 10
-19.975429674
 20
2.549602058
 30
0.000000000
 10
-19.860373964
 20
2.236754979
 30
0.000000000
 10
-19.878436693
 20
1.889105643
 30
0.000000000
 10
-19.896499422
 20
1.541456307
 30
0.000000000
 10
-20.047680591
 20
1.159004713
 30
0.000000000
 10
-20.468067558
 20
0.684055703
 30
0.000000000
 10
-20.888454526
 20
0.209106693
 30
0.000000000
 10
-21.578047293
 20
-0.358339733
 30
0.000000000
 10
-23.085280701
 20
-1.026499970
 30
0.000000000
 10
-24.592514109
 20
-1.694660208
 30
0.000000000
 10
-26.917388158
 20
-2.463534257
 30
0.000000000
 10
-28.008981838
 20
-2.759553675
 30
0.000000000
  0
LINE
  5
AD7
330
A02
100
AcDbEntity
  8
Body
100
AcDbLine
 10
-28.008981838
 20
-2.759553675
 30
0.000000000
 11
-28.008981838
 21
-2.759553675
 31
1.000000000
  0
SPLINE
  5
AD8
330
A02
100
AcDbEntity
  8
Body
100
AcDbSpline
210
0
220
0
230
1
 70
8
 71
3
 72
107
 73
103
 74
0
 40
0.000000000
 40
0.000000000
 40
0.000000000
 40
0.000000000
 40
0.009127052
 40
0.009127052
 40
0.009127052
 40
0.026255417
 40
0.026255417
 40
0.026255417
 40
0.045966213
 40
0.045966213
 40
0.045966213
 40
0.086747735
 40
0.086747735
 40
0.086747735
 40
0.125768670
 40
0.125768670
 40
0.125768670
 40
0.142579223
 40
0.142579223
 40
0.142579223
 40
0.152410062
 40
0.152410062
 40
0.152410062
 40
0.171307505
 40
0.171307505
 40
0.171307505
 40
0.183852325
 40
0.183852325
 40
0.183852325
 40
0.192230376
 40
0.192230376
 40
0.192230376
 40
0.199409917
 40
0.199409917
 40
0.199409917
 40
0.208190012
 40
0.208190012
 40
0.208190012
 40
0.221841093
 40
0.221841093
 40
0.221841093
 40
0.255449858
 40
0.255449858
 40
0.255449858
 40
0.264986233
 40
0.264986233
 40
0.264986233
 40
0.295850047
 40
0.295850047
 40
0.295850047
 40
0.359091521
 40
0.359091521
 40
0.359091521
 40
0.486421508
 40
0.486421508
 40
0.486421508
 40
0.601458611
 40
0.601458611
 40
0.601458611
 40
0.619489227
 40
0.619489227
 40
0.619489227
 40
0.681565452
 40
0.681565452
 40
0.681565452
 40
0.708260525
 40
0.708260525
 40
0.708260525
 40
0.733761067
 40
0.733761067
 40
0.733761067
 40
0.790025033
 40
0.790025033
 40
0.790025033
 40
0.814610524
 40
0.814610524
 40
0.814610524
 40
0.828306056
 40
0.828306056
 40
0.828306056
 40
0.838210186
 40
0.838210186
 40
0.838210186
 40
0.860469808
 40
0.860469808
 40
0.860469808
 40
0.864079050
 40
0.864079050
 40
0.864079050
 40
0.876395391
 40
0.876395391
 40
0.876395391
 40
0.891163619
 40
0.891163619
 40
0.891163619
 40
0.899289357
 40
0.899289357
 40
0.899289357
 40
0.942610843
 40
0.942610843
 40
0.942610843
 40
1.000000000
 40
1.000000000
 40
1.000000000
 40
1.000000000
 10
-28.008981838
 20
-2.759553675
 30
1.000000000
 10
-27.870757265
 20
-2.722064003
 30
1.000000000
 10
-27.715004440
 20
-2.677640967
 30
1.000000000
 10
-27.541723363
 20
-2.626284567
 30
1.000000000
 10
-27.217528068
 20
-2.529720619
 30
1.000000000
 10
-26.893205564
 20
-2.428550135
 30
1.000000000
 10
-26.568755848
 20
-2.322773116
 30
1.000000000
 10
-26.195472099
 20
-2.201370710
 30
1.000000000
 10
-25.823153720
 20
-2.075492264
 30
1.000000000
 10
-25.451800711
 20
-1.945137777
 30
1.000000000
 10
-24.684381070
 20
-1.674654997
 30
1.000000000
 10
-23.920041098
 20
-1.389559291
 30
1.000000000
 10
-23.176679467
 20
-1.066705853
 30
1.000000000
 10
-22.468449575
 20
-0.755940898
 30
1.000000000
 10
-21.774901338
 20
-0.405178704
 30
1.000000000
 10
-21.176397695
 20
0.039385008
 30
1.000000000
 10
-20.917488760
 20
0.231502103
 30
1.000000000
 10
-20.686462440
 20
0.440679622
 30
1.000000000
 10
-20.483318734
 20
0.666917566
 30
1.000000000
 10
-20.365879227
 20
0.797779201
 30
1.000000000
 10
-20.256295634
 20
0.937947763
 30
1.000000000
 10
-20.173593286
 20
1.065089130
 30
1.000000000
 10
-20.011491611
 20
1.311188829
 30
1.000000000
 10
-19.906702862
 20
1.571280691
 30
1.000000000
 10
-19.883155058
 20
1.826140436
 30
1.000000000
 10
-19.866554007
 20
1.994277387
 30
1.000000000
 10
-19.878622554
 20
2.157758251
 30
1.000000000
 10
-19.954323931
 20
2.312819002
 30
1.000000000
 10
-20.005504229
 20
2.416207147
 30
1.000000000
 10
-20.077890485
 20
2.512430834
 30
1.000000000
 10
-20.171482698
 20
2.601490064
 30
1.000000000
 10
-20.251156485
 20
2.677433832
 30
1.000000000
 10
-20.339627009
 20
2.748395570
 30
1.000000000
 10
-20.436894269
 20
2.814375277
 30
1.000000000
 10
-20.553675279
 20
2.894907064
 30
1.000000000
 10
-20.702176971
 20
2.982084409
 30
1.000000000
 10
-20.848089010
 20
3.058441218
 30
1.000000000
 10
-21.078537500
 20
3.178013376
 30
1.000000000
 10
-21.317451778
 20
3.287194578
 30
1.000000000
 10
-21.564831846
 20
3.385984825
 30
1.000000000
 10
-22.172189672
 20
3.630143939
 30
1.000000000
 10
-22.809427036
 20
3.824709789
 30
1.000000000
 10
-23.456320449
 20
3.984555485
 30
1.000000000
 10
-23.640108762
 20
4.029876658
 30
1.000000000
 10
-23.829749127
 20
4.073269134
 30
1.000000000
 10
-24.025241545
 20
4.114732911
 30
1.000000000
 10
-24.658657180
 20
4.246683171
 30
1.000000000
 10
-25.298382208
 20
4.351878678
 30
1.000000000
 10
-25.944416631
 20
4.430319432
 30
1.000000000
 10
-27.267025027
 20
4.593880781
 30
1.000000000
 10
-28.604605338
 20
4.672641313
 30
1.000000000
 10
-29.944646392
 20
4.714916053
 30
1.000000000
 10
-32.643134131
 20
4.795211370
 30
1.000000000
 10
-35.357968864
 20
4.728021929
 30
1.000000000
 10
-38.048199646
 20
4.421901192
 30
1.000000000
 10
-40.478174530
 20
4.140494854
 30
1.000000000
 10
-42.881911187
 20
3.657669997
 30
1.000000000
 10
-45.246944656
 20
3.056942561
 30
1.000000000
 10
-45.617887742
 20
2.962395224
 30
1.000000000
 10
-45.978115258
 20
2.867550288
 30
1.000000000
 10
-46.327627206
 20
2.772407754
 30
1.000000000
 10
-47.530239624
 20
2.444874644
 30
1.000000000
 10
-48.722487833
 20
2.085493001
 30
1.000000000
 10
-49.889470971
 20
1.665507809
 30
1.000000000
 10
-50.391566932
 20
1.485291620
 30
1.000000000
 10
-50.887646529
 20
1.291960199
 30
1.000000000
 10
-51.377709761
 20
1.085513546
 30
1.000000000
 10
-51.845826085
 20
0.887310701
 30
1.000000000
 10
-52.286758701
 20
0.685089842
 30
1.000000000
 10
-52.700507608
 20
0.478850972
 30
1.000000000
 10
-53.608560545
 20
0.023314504
 30
1.000000000
 10
-54.496836536
 20
-0.484263021
 30
1.000000000
 10
-55.272198914
 20
-1.102270462
 30
1.000000000
 10
-55.605684219
 20
-1.373409527
 30
1.000000000
 10
-55.921477464
 20
-1.668950365
 30
1.000000000
 10
-56.137425197
 20
-2.009076735
 30
1.000000000
 10
-56.255839286
 20
-2.196438174
 30
1.000000000
 10
-56.338576581
 20
-2.406430428
 30
1.000000000
 10
-56.340290786
 20
-2.604836433
 30
1.000000000
 10
-56.341117307
 20
-2.747781633
 30
1.000000000
 10
-56.305090859
 20
-2.882008116
 30
1.000000000
 10
-56.232211445
 20
-3.007515883
 30
1.000000000
 10
-56.068282768
 20
-3.288955691
 30
1.000000000
 10
-55.778739264
 20
-3.495563689
 30
1.000000000
 10
-55.481693906
 20
-3.674883312
 30
1.000000000
 10
-55.431920592
 20
-3.703516722
 30
1.000000000
 10
-55.382147277
 20
-3.732150133
 30
1.000000000
 10
-55.332373962
 20
-3.760783543
 30
1.000000000
 10
-55.159683388
 20
-3.857042297
 30
1.000000000
 10
-54.980323312
 20
-3.945715783
 30
1.000000000
 10
-54.794293736
 20
-4.026804001
 30
1.000000000
 10
-54.570595047
 20
-4.123579324
 30
1.000000000
 10
-54.338421342
 20
-4.211013313
 30
1.000000000
 10
-54.097772620
 20
-4.289105968
 30
1.000000000
 10
-53.965962865
 20
-4.332306150
 30
1.000000000
 10
-53.824128785
 20
-4.375648837
 30
1.000000000
 10
-53.672270380
 20
-4.419134029
 30
1.000000000
 10
-52.860221070
 20
-4.650866297
 30
1.000000000
 10
-52.003140865
 20
-4.826572355
 30
1.000000000
 10
-51.134230183
 20
-4.959194758
 30
1.000000000
 10
-49.982164109
 20
-5.135353984
 30
1.000000000
 10
-48.810581063
 20
-5.251005939
 30
1.000000000
 10
-47.636800000
 20
-5.344830000
 30
1.000000000
  0
LINE
  5
AD9
330
A02
100
AcDbEntity
  8
Body
100
AcDbLine
 10
-47.636800000
 20
-5.344830000
 30
0.000000000
 11
-47.636800000
 21
-5.344830000
 31
1.000000000
  0
LINE
  5
ADA
330
A02
100
AcDbEntity
  8
Body
100
AcDbLine
 10
-28.008981838
 20
-2.759553675
 30
0.000000000
 11
-27.371700000
 21
-5.118400000
 31
0.000000000
  0
LINE
  5
ADB
330
A02
100
AcDbEntity
  8
Body
100
AcDbLine
 10
-27.371700000
 20
-5.118400000
 30
0.000000000
 11
-27.371700000
 21
-5.118400000
 31
1.000000000
  0
LINE
  5
ADC
330
A02
100
AcDbEntity
  8
Body
100
AcDbLine
 10
-28.008981838
 20
-2.759553675
 30
1.000000000
 11
-27.371700000
 21
-5.118400000
 31
1.000000000
  0
LINE
  5
ADD
330
A02
100
AcDbEntity
  8
Body
100
AcDbLine
 10
-28.008981838
 20
-2.759553675
 30
0.000000000
 11
-28.008981838
 21
-2.759553675
 31
1.000000000
  0
SPLINE
  5
ADE
330
A02
100
AcDbEntity
  8
Body
100
AcDbSpline
210
0
220
0
230
1
 70
8
 71
3
 72
59
 73
55
 74
0
 40
0.000000000
 40
0.000000000
 40
0.000000000
 40
0.000000000
 40
1.000000000
 40
1.000000000
 40
1.000000000
 40
2.000000000
 40
2.000000000
 40
2.000000000
 40
3.000000000
 40
3.000000000
 40
3.000000000
 40
4.000000000
 40
4.000000000
 40
4.000000000
 40
5.000000000
 40
5.000000000
 40
5.000000000
 40
6.000000000
 40
6.000000000
 40
6.000000000
 40
7.000000000
 40
7.000000000
 40
7.000000000
 40
8.000000000
 40
8.000000000
 40
8.000000000
 40
9.000000000
 40
9.000000000
 40
9.000000000
 40
10.000000000
 40
10.000000000
 40
10.000000000
 40
11.000000000
 40
11.000000000
 40
11.000000000
 40
12.000000000
 40
12.000000000
 40
12.000000000
 40
13.000000000
 40
13.000000000
 40
13.000000000
 40
14.000000000
 40
14.000000000
 40
14.000000000
 40
15.000000000
 40
15.000000000
 40
15.000000000
 40
16.000000000
 40
16.000000000
 40
16.000000000
 40
17.000000000
 40
17.000000000
 40
17.000000000
 40
18.000000000
 40
18.000000000
 40
18.000000000
 40
18.000000000
 10
-27.371700000
 20
-5.118400000
 30
0.000000000
 10
-22.129600000
 20
-3.509360000
 30
0.000000000
 10
-20.191305845
 20
-2.170733279
 30
0.000000000
 10
-18.731635546
 20
-1.162613690
 30
0.000000000
 10
-17.271965248
 20
-0.154494101
 30
0.000000000
 10
-16.290918807
 20
0.523118356
 30
0.000000000
 10
-15.711825687
 20
1.444801254
 30
0.000000000
 10
-15.132732568
 20
2.366484152
 30
0.000000000
 10
-14.955592771
 20
3.532237491
 30
0.000000000
 10
-15.010367802
 20
4.742796973
 30
0.000000000
 10
-15.065142833
 20
5.953356454
 30
0.000000000
 10
-15.351832693
 20
7.208722077
 30
0.000000000
 10
-15.886868596
 20
8.449544204
 30
0.000000000
 10
-16.421904498
 20
9.690366332
 30
0.000000000
 10
-17.205286443
 20
10.916644964
 30
0.000000000
 10
-18.365574011
 20
12.413274397
 30
0.000000000
 10
-19.525861578
 20
13.909903831
 30
0.000000000
 10
-21.063054768
 20
15.676884065
 30
0.000000000
 10
-22.937312334
 20
17.318528085
 30
0.000000000
 10
-24.811569900
 20
18.960172106
 30
0.000000000
 10
-27.022891843
 20
20.476479912
 30
0.000000000
 10
-28.955403730
 20
21.501532602
 30
0.000000000
 10
-30.887915618
 20
22.526585291
 30
0.000000000
 10
-32.541617450
 20
23.060382863
 30
0.000000000
 10
-34.351242467
 20
23.417858873
 30
0.000000000
 10
-36.160867485
 20
23.775334882
 30
0.000000000
 10
-38.126415689
 20
23.956489328
 30
0.000000000
 10
-40.397320294
 20
23.681178686
 30
0.000000000
 10
-42.668224899
 20
23.405868045
 30
0.000000000
 10
-45.244485906
 20
22.674092317
 30
0.000000000
 10
-47.732271147
 20
21.310726265
 30
0.000000000
 10
-50.220056387
 20
19.947360214
 30
0.000000000
 10
-52.619365861
 20
17.952403839
 30
0.000000000
 10
-54.588233774
 20
15.835119365
 30
0.000000000
 10
-56.557101686
 20
13.717834890
 30
0.000000000
 10
-58.095528036
 20
11.478222316
 30
0.000000000
 10
-59.236759782
 20
9.213807445
 30
0.000000000
 10
-60.377991527
 20
6.949392574
 30
0.000000000
 10
-61.122028667
 20
4.660175406
 30
0.000000000
 10
-61.423800991
 20
3.009157990
 30
0.000000000
 10
-61.725573314
 20
1.358140575
 30
0.000000000
 10
-61.585080821
 20
0.345322911
 30
0.000000000
 10
-61.518879419
 20
-0.570355611
 30
0.000000000
 10
-61.452678016
 20
-1.486034133
 30
0.000000000
 10
-61.460767704
 20
-2.304573514
 30
0.000000000
 10
-60.859187694
 20
-3.157105946
 30
0.000000000
 10
-60.257607683
 20
-4.009638378
 30
0.000000000
 10
-59.046357973
 20
-4.896163863
 30
0.000000000
 10
-57.731343737
 20
-5.531358010
 30
0.000000000
 10
-56.416329500
 20
-6.166552158
 30
0.000000000
 10
-54.997550737
 20
-6.550414969
 30
0.000000000
 10
-53.286995713
 20
-6.848767483
 30
0.000000000
 10
-51.576440689
 20
-7.147119996
 30
0.000000000
 10
-49.574109405
 20
-7.359962213
 30
0.000000000
 10
-47.751800000
 20
-7.529190000
 30
0.000000000
  0
LINE
  5
ADF
330
A02
100
AcDbEntity
  8
Body
100
AcDbLine
 10
-47.751800000
 20
-7.529190000
 30
0.000000000
 11
-47.751800000
 21
-7.529190000
 31
1.000000000
  0
SPLINE
  5
AE0
330
A02
100
AcDbEntity
  8
Body
100
AcDbSpline
210
0
220
0
230
1
 70
8
 71
3
 72
143
 73
139
 74
0
 40
0.000000000
 40
0.000000000
 40
0.000000000
 40
0.000000000
 40
0.044946235
 40
0.044946235
 40
0.044946235
 40
0.055768085
 40
0.055768085
 40
0.055768085
 40
0.085875216
 40
0.085875216
 40
0.085875216
 40
0.092990398
 40
0.092990398
 40
0.092990398
 40
0.117168355
 40
0.117168355
 40
0.117168355
 40
0.132506753
 40
0.132506753
 40
0.132506753
 40
0.137961312
 40
0.137961312
 40
0.137961312
 40
0.143142237
 40
0.143142237
 40
0.143142237
 40
0.154100810
 40
0.154100810
 40
0.154100810
 40
0.168254619
 40
0.168254619
 40
0.168254619
 40
0.172754570
 40
0.172754570
 40
0.172754570
 40
0.177254522
 40
0.177254522
 40
0.177254522
 40
0.188948093
 40
0.188948093
 40
0.188948093
 40
0.212008848
 40
0.212008848
 40
0.212008848
 40
0.231565688
 40
0.231565688
 40
0.231565688
 40
0.255165973
 40
0.255165973
 40
0.255165973
 40
0.277362807
 40
0.277362807
 40
0.277362807
 40
0.315616920
 40
0.315616920
 40
0.315616920
 40
0.335699552
 40
0.335699552
 40
0.335699552
 40
0.357689550
 40
0.357689550
 40
0.357689550
 40
0.393676069
 40
0.393676069
 40
0.393676069
 40
0.431182694
 40
0.431182694
 40
0.431182694
 40
0.496582500
 40
0.496582500
 40
0.496582500
 40
0.511331847
 40
0.511331847
 40
0.511331847
 40
0.525613695
 40
0.525613695
 40
0.525613695
 40
0.568856289
 40
0.568856289
 40
0.568856289
 40
0.599304784
 40
0.599304784
 40
0.599304784
 40
0.615904709
 40
0.615904709
 40
0.615904709
 40
0.628550185
 40
0.628550185
 40
0.628550185
 40
0.637745822
 40
0.637745822
 40
0.637745822
 40
0.669398135
 40
0.669398135
 40
0.669398135
 40
0.683278372
 40
0.683278372
 40
0.683278372
 40
0.698420445
 40
0.698420445
 40
0.698420445
 40
0.749856401
 40
0.749856401
 40
0.749856401
 40
0.758245480
 40
0.758245480
 40
0.758245480
 40
0.765384880
 40
0.765384880
 40
0.765384880
 40
0.815527367
 40
0.815527367
 40
0.815527367
 40
0.841444513
 40
0.841444513
 40
0.841444513
 40
0.847544225
 40
0.847544225
 40
0.847544225
 40
0.866010843
 40
0.866010843
 40
0.866010843
 40
0.883438488
 40
0.883438488
 40
0.883438488
 40
0.904646795
 40
0.904646795
 40
0.904646795
 40
0.924275936
 40
0.924275936
 40
0.924275936
 40
0.940729821
 40
0.940729821
 40
0.940729821
 40
0.963343047
 40
0.963343047
 40
0.963343047
 40
1.000000000
 40
1.000000000
 40
1.000000000
 40
1.000000000
 10
-47.751800000
 20
-7.529190000
 30
1.000000000
 10
-49.362034678
 20
-7.378631270
 30
1.000000000
 10
-50.975967476
 20
-7.211647531
 30
1.000000000
 10
-52.574085970
 20
-6.965855900
 30
1.000000000
 10
-52.959467224
 20
-6.906366560
 30
1.000000000
 10
-53.332112926
 20
-6.842893321
 30
1.000000000
 10
-53.692023077
 20
-6.775436181
 30
1.000000000
 10
-54.692045587
 20
-6.587308087
 30
1.000000000
 10
-55.681443735
 20
-6.347623528
 30
1.000000000
 10
-56.631477894
 20
-5.997229866
 30
1.000000000
 10
-56.855774935
 20
-5.914607808
 30
1.000000000
 10
-57.076406351
 20
-5.826221006
 30
1.000000000
 10
-57.293372143
 20
-5.732069459
 30
1.000000000
 10
-58.030535546
 20
-5.411337697
 30
1.000000000
 10
-58.738168973
 20
-5.018194640
 30
1.000000000
 10
-59.390756342
 20
-4.551982516
 30
1.000000000
 10
-59.803350300
 20
-4.255403997
 30
1.000000000
 10
-60.195533716
 20
-3.928951745
 30
1.000000000
 10
-60.535058110
 20
-3.557489679
 30
1.000000000
 10
-60.656145624
 20
-3.425465310
 30
1.000000000
 10
-60.767776400
 20
-3.286890085
 30
1.000000000
 10
-60.869950437
 20
-3.141764005
 30
1.000000000
 10
-60.965740544
 20
-3.003811988
 30
1.000000000
 10
-61.047092117
 20
-2.866452679
 30
1.000000000
 10
-61.114005157
 20
-2.729686079
 30
1.000000000
 10
-61.257337005
 20
-2.440164926
 30
1.000000000
 10
-61.348794686
 20
-2.130459766
 30
1.000000000
 10
-61.402869586
 20
-1.815822340
 30
1.000000000
 10
-61.473464090
 20
-1.409062070
 30
1.000000000
 10
-61.488050119
 20
-0.995405408
 30
1.000000000
 10
-61.518088524
 20
-0.581339099
 30
1.000000000
 10
-61.527791957
 20
-0.449861350
 30
1.000000000
 10
-61.538307414
 20
-0.315606377
 30
1.000000000
 10
-61.549634895
 20
-0.178574180
 30
1.000000000
 10
-61.560962457
 20
-0.041541999
 30
1.000000000
 10
-61.571559724
 20
0.099882978
 30
1.000000000
 10
-61.581426694
 20
0.245700752
 30
1.000000000
 10
-61.608462260
 20
0.625620912
 30
1.000000000
 10
-61.615928612
 20
1.009126693
 30
1.000000000
 10
-61.603825749
 20
1.396218094
 30
1.000000000
 10
-61.578487747
 20
2.159170414
 30
1.000000000
 10
-61.459054801
 20
2.927281966
 30
1.000000000
 10
-61.283785978
 20
3.683954894
 30
1.000000000
 10
-61.133593209
 20
4.326335206
 30
1.000000000
 10
-60.953508230
 20
4.961827485
 30
1.000000000
 10
-60.743531041
 20
5.590431731
 30
1.000000000
 10
-60.491249598
 20
6.349184270
 30
1.000000000
 10
-60.205146593
 20
7.095879590
 30
1.000000000
 10
-59.885222027
 20
7.830517692
 30
1.000000000
 10
-59.585532995
 20
8.520186292
 30
1.000000000
 10
-59.243780613
 20
9.225670536
 30
1.000000000
 10
-58.875110348
 20
9.905840771
 30
1.000000000
 10
-58.236705883
 20
11.081976401
 30
1.000000000
 10
-57.517338784
 20
12.207191114
 30
1.000000000
 10
-56.717009050
 20
13.281484910
 30
1.000000000
 10
-56.297754766
 20
13.844978206
 30
1.000000000
 10
-55.859094559
 20
14.393161753
 30
1.000000000
 10
-55.401028429
 20
14.926035552
 30
1.000000000
 10
-54.900472747
 20
15.508832995
 30
1.000000000
 10
-54.363896389
 20
16.087987758
 30
1.000000000
 10
-53.811748586
 20
16.641075932
 30
1.000000000
 10
-52.906329962
 20
17.550037486
 30
1.000000000
 10
-51.947624075
 20
18.398890979
 30
1.000000000
 10
-50.935630925
 20
19.187636411
 30
1.000000000
 10
-49.880956160
 20
20.006894217
 30
1.000000000
 10
-48.777897268
 20
20.743628016
 30
1.000000000
 10
-47.657611441
 20
21.351437945
 30
1.000000000
 10
-45.703921443
 20
22.410542276
 30
1.000000000
 10
-43.579195711
 20
23.150621024
 30
1.000000000
 10
-41.396170718
 20
23.533325788
 30
1.000000000
 10
-40.903567306
 20
23.619544117
 30
1.000000000
 10
-40.408676408
 20
23.686319322
 30
1.000000000
 10
-39.911498026
 20
23.733651403
 30
1.000000000
 10
-39.430564101
 20
23.778763767
 30
1.000000000
 10
-38.962621931
 20
23.804931963
 30
1.000000000
 10
-38.507671518
 20
23.812155992
 30
1.000000000
 10
-37.128719236
 20
23.837224458
 30
1.000000000
 10
-35.752847616
 20
23.693473984
 30
1.000000000
 10
-34.405578144
 20
23.428529976
 30
1.000000000
 10
-33.460385366
 20
23.244647893
 30
1.000000000
 10
-32.539323296
 20
23.006342975
 30
1.000000000
 10
-31.635932515
 20
22.687841137
 30
1.000000000
 10
-31.144164676
 20
22.514508681
 30
1.000000000
 10
-30.660193816
 20
22.320275176
 30
1.000000000
 10
-30.184019935
 20
22.105140621
 30
1.000000000
 10
-29.821923392
 20
21.942033253
 30
1.000000000
 10
-29.450924530
 20
21.761135971
 30
1.000000000
 10
-29.071023349
 20
21.562448776
 30
1.000000000
 10
-28.794066864
 20
21.417503444
 30
1.000000000
 10
-28.511999947
 20
21.262770536
 30
1.000000000
 10
-28.224822599
 20
21.098250055
 30
1.000000000
 10
-27.237774147
 20
20.529352601
 30
1.000000000
 10
-26.282134052
 20
19.910087995
 30
1.000000000
 10
-25.357902312
 20
19.240456235
 30
1.000000000
 10
-24.951842863
 20
18.947248280
 30
1.000000000
 10
-24.551536960
 20
18.644693889
 30
1.000000000
 10
-24.156984605
 20
18.332793062
 30
1.000000000
 10
-23.726398693
 20
17.992439445
 30
1.000000000
 10
-23.308607862
 20
17.644496772
 30
1.000000000
 10
-22.903612109
 20
17.288965042
 30
1.000000000
 10
-21.531539589
 20
16.082946552
 30
1.000000000
 10
-20.272124912
 20
14.753259391
 30
1.000000000
 10
-19.114517660
 20
13.350064602
 30
1.000000000
 10
-18.925723659
 20
13.120950085
 30
1.000000000
 10
-18.744637775
 20
12.896374916
 30
1.000000000
 10
-18.571260006
 20
12.676339096
 30
1.000000000
 10
-18.423698762
 20
12.489251143
 30
1.000000000
 10
-18.277966547
 20
12.301012351
 30
1.000000000
 10
-18.134063359
 20
12.111622719
 30
1.000000000
 10
-17.125665139
 20
10.783435679
 30
1.000000000
 10
-16.201948672
 20
9.383987734
 30
1.000000000
 10
-15.640875826
 20
7.830683986
 30
1.000000000
 10
-15.349508667
 20
7.030874916
 30
1.000000000
 10
-15.149302286
 20
6.199070055
 30
1.000000000
 10
-15.057689021
 20
5.356431363
 30
1.000000000
 10
-15.036128393
 20
5.158111148
 30
1.000000000
 10
-15.020691653
 20
4.960831317
 30
1.000000000
 10
-15.011378803
 20
4.764591870
 30
1.000000000
 10
-14.983457614
 20
4.171042358
 30
1.000000000
 10
-15.008757034
 20
3.573509092
 30
1.000000000
 10
-15.122082094
 20
2.992167750
 30
1.000000000
 10
-15.228831843
 20
2.444595780
 30
1.000000000
 10
-15.417651637
 20
1.910561781
 30
1.000000000
 10
-15.715305070
 20
1.439274081
 30
1.000000000
 10
-16.077398299
 20
0.863943186
 30
1.000000000
 10
-16.592455922
 20
0.401596365
 30
1.000000000
 10
-17.133636800
 20
-0.019728050
 30
1.000000000
 10
-17.636975031
 20
-0.409718485
 30
1.000000000
 10
-18.167266174
 20
-0.771716793
 30
1.000000000
 10
-18.696695316
 20
-1.138481983
 30
1.000000000
 10
-19.141061715
 20
-1.445347429
 30
1.000000000
 10
-19.628136367
 20
-1.783203546
 30
1.000000000
 10
-20.238856395
 20
-2.150333369
 30
1.000000000
 10
-21.078038278
 20
-2.655602475
 30
1.000000000
 10
-21.960097373
 20
-3.095652171
 30
1.000000000
 10
-22.862940022
 20
-3.488577222
 30
1.000000000
 10
-24.327573741
 20
-4.124898308
 30
1.000000000
 10
-25.842429954
 20
-4.647751142
 30
1.000000000
 10
-27.371700000
 20
-5.118400000
 30
1.000000000
  0
LINE
  5
AE1
330
A02
100
AcDbEntity
  8
Body
100
AcDbLine
 10
-27.371700000
 20
-5.118400000
 30
0.000000000
 11
-27.371700000
 21
-5.118400000
 31
1.000000000
  0
LINE
  5
AE2
330
A02
100
AcDbEntity
  8
Body
100
AcDbLine
 10
-47.636800000
 20
-5.344830000
 30
0.000000000
 11
-47.751800000
 21
-7.529190000
 31
0.000000000
  0
LINE
  5
AE3
330
A02
100
AcDbEntity
  8
Body
100
AcDbLine
 10
-47.751800000
 20
-7.529190000
 30
0.000000000
 11
-47.751800000
 21
-7.529190000
 31
1.000000000
  0
LINE
  5
AE4
330
A02
100
AcDbEntity
  8
Body
100
AcDbLine
 10
-47.636800000
 20
-5.344830000
 30
1.000000000
 11
-47.751800000
 21
-7.529190000
 31
1.000000000
  0
LINE
  5
AE5
330
A02
100
AcDbEntity
  8
Body
100
AcDbLine
 10
-47.636800000
 20
-5.344830000
 30
0.000000000
 11
-47.636800000
 21
-5.344830000
 31
1.000000000
  0
ARC
  5
AE6
330
A02
100
AcDbEntity
  8
Body
100
AcDbCircle
 10
0.000000000
 20
0.000000000
 30
0.000000000
 40
75.000000000
100
AcDbArc
 50
91.145991998
 51
155.165412510
  0
LINE
  5
AE7
330
A02
100
AcDbEntity
  8
Body
100
AcDbLine
 10
-68.064307827
 20
31.500000000
 30
0.000000000
 11
-68.064307827
 21
31.500000000
 31
1.000000000
  0
ARC
  5
AE8
330
A02
100
AcDbEntity
  8
Body
100
AcDbCircle
 10
0.000000000
 20
0.000000000
 30
1.000000000
 40
75.000000000
100
AcDbArc
 50
91.145991998
 51
155.165412510
  0
LINE
  5
AE9
330
A02
100
AcDbEntity
  8
Body
100
AcDbLine
 10
-1.500000000
 20
74.984998500
 30
0.000000000
 11
-1.500000000
 21
74.984998500
 31
1.000000000
  0
LINE
  5
AEA
330
A02
100
AcDbEntity
  8
Body
100
AcDbLine
 10
-68.064307827
 20
31.500000000
 30
0.000000000
 11
-19.208331191
 21
31.500000000
 31
0.000000000
  0
LINE
  5
AEB
330
A02
100
AcDbEntity
  8
Body
100
AcDbLine
 10
-19.208331191
 20
31.500000000
 30
0.000000000
 11
-19.208331191
 21
31.500000000
 31
1.000000000
  0
LINE
  5
AEC
330
A02
100
AcDbEntity
  8
Body
100
AcDbLine
 10
-68.064307827
 20
31.500000000
 30
1.000000000
 11
-19.208331191
 21
31.500000000
 31
1.000000000
  0
LINE
  5
AED
330
A02
100
AcDbEntity
  8
Body
100
AcDbLine
 10
-68.064307827
 20
31.500000000
 30
0.000000000
 11
-68.064307827
 21
31.500000000
 31
1.000000000
  0
ARC
  5
AEE
330
A02
100
AcDbEntity
  8
Body
100
AcDbCircle
 10
-0.000000000
 20
34.000000000
 30
0.000000000
 40
19.370337817
100
AcDbArc
 50
172.584531797
 51
-172.584531797
  0
LINE
  5
AEF
330
A02
100
AcDbEntity
  8
Body
100
AcDbLine
 10
-19.208331191
 20
31.500000000
 30
0.000000000
 11
-19.208331191
 21
31.500000000
 31
1.000000000
  0
ARC
  5
AF0
330
A02
100
AcDbEntity
  8
Body
100
AcDbCircle
 10
-0.000000000
 20
34.000000000
 30
1.000000000
 40
19.370337817
100
AcDbArc
 50
172.584531797
 51
-172.584531797
  0
LINE
  5
AF1
330
A02
100
AcDbEntity
  8
Body
100
AcDbLine
 10
-19.208331191
 20
36.500000000
 30
0.000000000
 11
-19.208331191
 21
36.500000000
 31
1.000000000
  0
LINE
  5
AF2
330
A02
100
AcDbEntity
  8
Body
100
AcDbLine
 10
-59.730645401
 20
36.500000000
 30
0.000000000
 11
-19.208331191
 21
36.500000000
 31
0.000000000
  0
LINE
  5
AF3
330
A02
100
AcDbEntity
  8
Body
100
AcDbLine
 10
-19.208331191
 20
36.500000000
 30
0.000000000
 11
-19.208331191
 21
36.500000000
 31
1.000000000
  0
LINE
  5
AF4
330
A02
100
AcDbEntity
  8
Body
100
AcDbLine
 10
-59.730645401
 20
36.500000000
 30
1.000000000
 11
-19.208331191
 21
36.500000000
 31
1.000000000
  0
LINE
  5
AF5
330
A02
100
AcDbEntity
  8
Body
100
AcDbLine
 10
-59.730645401
 20
36.500000000
 30
0.000000000
 11
-59.730645401
 21
36.500000000
 31
1.000000000
  0
ARC
  5
AF6
330
A02
100
AcDbEntity
  8
Body
100
AcDbCircle
 10
0.000000000
 20
0.000000000
 30
0.000000000
 40
70.000000000
100
AcDbArc
 50
108.045031292
 51
148.571873885
  0
LINE
  5
AF7
330
A02
100
AcDbEntity
  8
Body
100
AcDbLine
 10
-59.730645401
 20
36.500000000
 30
0.000000000
 11
-59.730645401
 21
36.500000000
 31
1.000000000
  0
ARC
  5
AF8
330
A02
100
AcDbEntity
  8
Body
100
AcDbCircle
 10
0.000000000
 20
0.000000000
 30
1.000000000
 40
70.000000000
100
AcDbArc
 50
108.045031292
 51
148.571873885
  0
LINE
  5
AF9
330
A02
100
AcDbEntity
  8
Body
100
AcDbLine
 10
-21.683506342
 20
66.556934670
 30
0.000000000
 11
-21.683506342
 21
66.556934670
 31
1.000000000
  0
LINE
  5
AFA
330
A02
100
AcDbEntity
  8
Body
100
AcDbLine
 10
-21.683506342
 20
66.556934670
 30
0.000000000
 11
-11.769229105
 21
49.384902776
 31
0.000000000
  0
LINE
  5
AFB
330
A02
100
AcDbEntity
  8
Body
100
AcDbLine
 10
-11.769229105
 20
49.384902776
 30
0.000000000
 11
-11.769229105
 21
49.384902776
 31
1.000000000
  0
LINE
  5
AFC
330
A02
100
AcDbEntity
  8
Body
100
AcDbLine
 10
-21.683506342
 20
66.556934670
 30
1.000000000
 11
-11.769229105
 21
49.384902776
 31
1.000000000
  0
LINE
  5
AFD
330
A02
100
AcDbEntity
  8
Body
100
AcDbLine
 10
-21.683506342
 20
66.556934670
 30
0.000000000
 11
-21.683506342
 21
66.556934670
 31
1.000000000
  0
ARC
  5
AFE
330
A02
100
AcDbEntity
  8
Body
100
AcDbCircle
 10
-0.000000000
 20
34.000000000
 30
0.000000000
 40
19.370337817
100
AcDbArc
 50
112.584531797
 51
127.415468203
  0
LINE
  5
AFF
330
A02
100
AcDbEntity
  8
Body
100
AcDbLine
 10
-11.769229105
 20
49.384902776
 30
0.000000000
 11
-11.769229105
 21
49.384902776
 31
1.000000000
  0
ARC
  5
B00
330
A02
100
AcDbEntity
  8
Body
100
AcDbCircle
 10
-0.000000000
 20
34.000000000
 30
1.000000000
 40
19.370337817
100
AcDbArc
 50
112.584531797
 51
127.415468203
  0
LINE
  5
B01
330
A02
100
AcDbEntity
  8
Body
100
AcDbLine
 10
-7.439102086
 20
51.884902776
 30
0.000000000
 11
-7.439102086
 21
51.884902776
 31
1.000000000
  0
LINE
  5
B02
330
A02
100
AcDbEntity
  8
Body
100
AcDbLine
 10
-7.439102086
 20
51.884902776
 30
0.000000000
 11
-16.727047610
 21
67.972096321
 31
0.000000000
  0
LINE
  5
B03
330
A02
100
AcDbEntity
  8
Body
100
AcDbLine
 10
-16.727047610
 20
67.972096321
 30
0.000000000
 11
-16.727047610
 21
67.972096321
 31
1.000000000
  0
LINE
  5
B04
330
A02
100
AcDbEntity
  8
Body
100
AcDbLine
 10
-7.439102086
 20
51.884902776
 30
1.000000000
 11
-16.727047610
 21
67.972096321
 31
1.000000000
  0
LINE
  5
B05
330
A02
100
AcDbEntity
  8
Body
100
AcDbLine
 10
-7.439102086
 20
51.884902776
 30
0.000000000
 11
-7.439102086
 21
51.884902776
 31
1.000000000
  0
ARC
  5
B06
330
A02
100
AcDbEntity
  8
Body
100
AcDbCircle
 10
0.000000000
 20
0.000000000
 30
0.000000000
 40
70.000000000
100
AcDbArc
 50
91.227860685
 51
103.825038405
  0
LINE
  5
B07
330
A02
100
AcDbEntity
  8
Body
100
AcDbLine
 10
-16.727047610
 20
67.972096321
 30
0.000000000
 11
-16.727047610
 21
67.972096321
 31
1.000000000
  0
ARC
  5
B08
330
A02
100
AcDbEntity
  8
Body
100
AcDbCircle
 10
0.000000000
 20
0.000000000
 30
1.000000000
 40
70.000000000
100
AcDbArc
 50
91.227860685
 51
103.825038405
  0
LINE
  5
B09
330
A02
100
AcDbEntity
  8
Body
100
AcDbLine
 10
-1.500000000
 20
69.983926726
 30
0.000000000
 11
-1.500000000
 21
69.983926726
 31
1.000000000
  0
LINE
  5
B0A
330
A02
100
AcDbEntity
  8
Body
100
AcDbLine
 10
-1.500000000
 20
74.984998500
 30
0.000000000
 11
-1.500000000
 21
69.983926726
 31
0.000000000
  0
LINE
  5
B0B
330
A02
100
AcDbEntity
  8
Body
100
AcDbLine
 10
-1.500000000
 20
69.983926726
 30
0.000000000
 11
-1.500000000
 21
69.983926726
 31
1.000000000
  0
LINE
  5
B0C
330
A02
100
AcDbEntity
  8
Body
100
AcDbLine
 10
-1.500000000
 20
74.984998500
 30
1.000000000
 11
-1.500000000
 21
69.983926726
 31
1.000000000
  0
LINE
  5
B0D
330
A02
100
AcDbEntity
  8
Body
100
AcDbLine
 10
-1.500000000
 20
74.984998500
 30
0.000000000
 11
-1.500000000
 21
74.984998500
 31
1.000000000
  0
ARC
  5
B0E
330
A02
100
AcDbEntity
  8
Body
100
AcDbCircle
 10
0.000000000
 20
0.000000000
 30
0.000000000
 40
67.500000000
100
AcDbArc
 50
121.754060347
 51
126.472875810
  0
LINE
  5
B0F
330
A02
100
AcDbEntity
  8
Body
100
AcDbLine
 10
-40.124846415
 20
54.279339533
 30
0.000000000
 11
-40.124846415
 21
54.279339533
 31
1.000000000
  0
ARC
  5
B10
330
A02
100
AcDbEntity
  8
Body
100
AcDbCircle
 10
0.000000000
 20
0.000000000
 30
1.000000000
 40
67.500000000
100
AcDbArc
 50
121.754060347
 51
126.472875810
  0
LINE
  5
B11
330
A02
100
AcDbEntity
  8
Body
100
AcDbLine
 10
-35.523507403
 20
57.396257908
 30
0.000000000
 11
-35.523507403
 21
57.396257908
 31
1.000000000
  0
LINE
  5
B12
330
A02
100
AcDbEntity
  8
Body
100
AcDbLine
 10
-40.124846415
 20
54.279339533
 30
0.000000000
 11
-17.884902776
 21
41.439102086
 31
0.000000000
  0
LINE
  5
B13
330
A02
100
AcDbEntity
  8
Body
100
AcDbLine
 10
-17.884902776
 20
41.439102086
 30
0.000000000
 11
-17.884902776
 21
41.439102086
 31
1.000000000
  0
LINE
  5
B14
330
A02
100
AcDbEntity
  8
Body
100
AcDbLine
 10
-40.124846415
 20
54.279339533
 30
1.000000000
 11
-17.884902776
 21
41.439102086
 31
1.000000000
  0
LINE
  5
B15
330
A02
100
AcDbEntity
  8
Body
100
AcDbLine
 10
-40.124846415
 20
54.279339533
 30
0.000000000
 11
-40.124846415
 21
54.279339533
 31
1.000000000
  0
ARC
  5
B16
330
A02
100
AcDbEntity
  8
Body
100
AcDbCircle
 10
-0.000000000
 20
34.000000000
 30
0.000000000
 40
19.370337817
100
AcDbArc
 50
142.584531797
 51
157.415468203
  0
LINE
  5
B17
330
A02
100
AcDbEntity
  8
Body
100
AcDbLine
 10
-17.884902776
 20
41.439102086
 30
0.000000000
 11
-17.884902776
 21
41.439102086
 31
1.000000000
  0
ARC
  5
B18
330
A02
100
AcDbEntity
  8
Body
100
AcDbCircle
 10
-0.000000000
 20
34.000000000
 30
1.000000000
 40
19.370337817
100
AcDbArc
 50
142.584531797
 51
157.415468203
  0
LINE
  5
B19
330
A02
100
AcDbEntity
  8
Body
100
AcDbLine
 10
-15.384902776
 20
45.769229105
 30
0.000000000
 11
-15.384902776
 21
45.769229105
 31
1.000000000
  0
LINE
  5
B1A
330
A02
100
AcDbEntity
  8
Body
100
AcDbLine
 10
-35.523507403
 20
57.396257908
 30
0.000000000
 11
-15.384902776
 21
45.769229105
 31
0.000000000
  0
LINE
  5
B1B
330
A02
100
AcDbEntity
  8
Body
100
AcDbLine
 10
-15.384902776
 20
45.769229105
 30
0.000000000
 11
-15.384902776
 21
45.769229105
 31
1.000000000
  0
LINE
  5
B1C
330
A02
100
AcDbEntity
  8
Body
100
AcDbLine
 10
-35.523507403
 20
57.396257908
 30
1.000000000
 11
-15.384902776
 21
45.769229105
 31
1.000000000
  0
LINE
  5
B1D
330
A02
100
AcDbEntity
  8
Body
100
AcDbLine
 10
-35.523507403
 20
57.396257908
 30
0.000000000
 11
-35.523507403
 21
57.396257908
 31
1.000000000
  0
ARC
  5
B1E
330
A02
100
AcDbEntity
  8
Body
100
AcDbCircle
 10
-0.000000000
 20
34.000000000
 30
0.000000000
 40
16.400000000
100
AcDbArc
 50
-8.768298144
 51
-171.231701856
  0
LINE
  5
B1F
330
A02
100
AcDbEntity
  8
Body
100
AcDbLine
 10
-16.208331191
 20
31.500000000
 30
0.000000000
 11
-16.208331191
 21
31.500000000
 31
1.000000000
  0
ARC
  5
B20
330
A02
100
AcDbEntity
  8
Body
100
AcDbCircle
 10
-0.000000000
 20
34.000000000
 30
1.000000000
 40
16.400000000
100
AcDbArc
 50
-8.768298144
 51
-171.231701856
  0
LINE
  5
B21
330
A02
100
AcDbEntity
  8
Body
100
AcDbLine
 10
16.208331191
 20
31.500000000
 30
0.000000000
 11
16.208331191
 21
31.500000000
 31
1.000000000
  0
LINE
  5
B22
330
A02
100
AcDbEntity
  8
Body
100
AcDbLine
 10
-16.208331191
 20
31.500000000
 30
0.000000000
 11
16.208331191
 21
31.500000000
 31
0.000000000
  0
LINE
  5
B23
330
A02
100
AcDbEntity
  8
Body
100
AcDbLine
 10
16.208331191
 20
31.500000000
 30
0.000000000
 11
16.208331191
 21
31.500000000
 31
1.000000000
  0
LINE
  5
B24
330
A02
100
AcDbEntity
  8
Body
100
AcDbLine
 10
-16.208331191
 20
31.500000000
 30
1.000000000
 11
16.208331191
 21
31.500000000
 31
1.000000000
  0
LINE
  5
B25
330
A02
100
AcDbEntity
  8
Body
100
AcDbLine
 10
-16.208331191
 20
31.500000000
 30
0.000000000
 11
-16.208331191
 21
31.500000000
 31
1.000000000
  0
LINE
  5
B26
330
A02
100
AcDbEntity
  8
Body
100
AcDbLine
 10
-2.500000000
 20
67.453687816
 30
0.000000000
 11
-2.500000000
 21
53.208331191
 31
0.000000000
  0
LINE
  5
B27
330
A02
100
AcDbEntity
  8
Body
100
AcDbLine
 10
-2.500000000
 20
53.208331191
 30
0.000000000
 11
-2.500000000
 21
53.208331191
 31
1.000000000
  0
LINE
  5
B28
330
A02
100
AcDbEntity
  8
Body
100
AcDbLine
 10
-2.500000000
 20
67.453687816
 30
1.000000000
 11
-2.500000000
 21
53.208331191
 31
1.000000000
  0
LINE
  5
B29
330
A02
100
AcDbEntity
  8
Body
100
AcDbLine
 10
-2.500000000
 20
67.453687816
 30
0.000000000
 11
-2.500000000
 21
67.453687816
 31
1.000000000
  0
ARC
  5
B2A
330
A02
100
AcDbEntity
  8
Body
100
AcDbCircle
 10
-0.000000000
 20
34.000000000
 30
0.000000000
 40
19.370337817
100
AcDbArc
 50
82.584531797
 51
97.415468203
  0
LINE
  5
B2B
330
A02
100
AcDbEntity
  8
Body
100
AcDbLine
 10
-2.500000000
 20
53.208331191
 30
0.000000000
 11
-2.500000000
 21
53.208331191
 31
1.000000000
  0
ARC
  5
B2C
330
A02
100
AcDbEntity
  8
Body
100
AcDbCircle
 10
-0.000000000
 20
34.000000000
 30
1.000000000
 40
19.370337817
100
AcDbArc
 50
82.584531797
 51
97.415468203
  0
LINE
  5
B2D
330
A02
100
AcDbEntity
  8
Body
100
AcDbLine
 10
2.500000000
 20
53.208331191
 30
0.000000000
 11
2.500000000
 21
53.208331191
 31
1.000000000
  0
LINE
  5
B2E
330
A02
100
AcDbEntity
  8
Body
100
AcDbLine
 10
2.500000000
 20
53.208331191
 30
0.000000000
 11
2.500000000
 21
67.453687816
 31
0.000000000
  0
LINE
  5
B2F
330
A02
100
AcDbEntity
  8
Body
100
AcDbLine
 10
2.500000000
 20
67.453687816
 30
0.000000000
 11
2.500000000
 21
67.453687816
 31
1.000000000
  0
LINE
  5
B30
330
A02
100
AcDbEntity
  8
Body
100
AcDbLine
 10
2.500000000
 20
53.208331191
 30
1.000000000
 11
2.500000000
 21
67.453687816
 31
1.000000000
  0
LINE
  5
B31
330
A02
100
AcDbEntity
  8
Body
100
AcDbLine
 10
2.500000000
 20
53.208331191
 30
0.000000000
 11
2.500000000
 21
53.208331191
 31
1.000000000
  0
ARC
  5
B32
330
A02
100
AcDbEntity
  8
Body
100
AcDbCircle
 10
0.000000000
 20
0.000000000
 30
0.000000000
 40
67.500000000
100
AcDbArc
 50
87.877448638
 51
92.122551362
  0
LINE
  5
B33
330
A02
100
AcDbEntity
  8
Body
100
AcDbLine
 10
-2.500000000
 20
67.453687816
 30
0.000000000
 11
-2.500000000
 21
67.453687816
 31
1.000000000
  0
ARC
  5
B34
330
A02
100
AcDbEntity
  8
Body
100
AcDbCircle
 10
0.000000000
 20
0.000000000
 30
1.000000000
 40
67.500000000
100
AcDbArc
 50
87.877448638
 51
92.122551362
  0
LINE
  5
B35
330
A02
100
AcDbEntity
  8
Body
100
AcDbLine
 10
2.500000000
 20
67.453687816
 30
0.000000000
 11
2.500000000
 21
67.453687816
 31
1.000000000
  0
LINE
  5
B36
330
A02
100
AcDbEntity
  8
Body
100
AcDbLine
 10
19.208331191
 20
31.500000000
 30
0.000000000
 11
34.273320180
 21
31.500000000
 31
0.000000000
  0
LINE
  5
B37
330
A02
100
AcDbEntity
  8
Body
100
AcDbLine
 10
34.273320180
 20
31.500000000
 30
0.000000000
 11
34.273320180
 21
31.500000000
 31
1.000000000
  0
LINE
  5
B38
330
A02
100
AcDbEntity
  8
Body
100
AcDbLine
 10
19.208331191
 20
31.500000000
 30
1.000000000
 11
34.273320180
 21
31.500000000
 31
1.000000000
  0
LINE
  5
B39
330
A02
100
AcDbEntity
  8
Body
100
AcDbLine
 10
19.208331191
 20
31.500000000
 30
0.000000000
 11
19.208331191
 21
31.500000000
 31
1.000000000
  0
ARC
  5
B3A
330
A02
100
AcDbEntity
  8
Body
100
AcDbCircle
 10
37.930211702
 20
34.328460060
 30
0.000000000
 40
4.623098735
100
AcDbArc
 50
151.984186152
 51
-142.279475170
  0
LINE
  5
B3B
330
A02
100
AcDbEntity
  8
Body
100
AcDbLine
 10
34.273320180
 20
31.500000000
 30
0.000000000
 11
34.273320180
 21
31.500000000
 31
1.000000000
  0
ARC
  5
B3C
330
A02
100
AcDbEntity
  8
Body
100
AcDbCircle
 10
37.930211702
 20
34.328460060
 30
1.000000000
 40
4.623098735
100
AcDbArc
 50
151.984186152
 51
-142.279475170
  0
LINE
  5
B3D
330
A02
100
AcDbEntity
  8
Body
100
AcDbLine
 10
33.848857000
 20
36.500000000
 30
0.000000000
 11
33.848857000
 21
36.500000000
 31
1.000000000
  0
LINE
  5
B3E
330
A02
100
AcDbEntity
  8
Body
100
AcDbLine
 10
19.208331191
 20
36.500000000
 30
0.000000000
 11
33.848857000
 21
36.500000000
 31
0.000000000
  0
LINE
  5
B3F
330
A02
100
AcDbEntity
  8
Body
100
AcDbLine
 10
33.848857000
 20
36.500000000
 30
0.000000000
 11
33.848857000
 21
36.500000000
 31
1.000000000
  0
LINE
  5
B40
330
A02
100
AcDbEntity
  8
Body
100
AcDbLine
 10
19.208331191
 20
36.500000000
 30
1.000000000
 11
33.848857000
 21
36.500000000
 31
1.000000000
  0
LINE
  5
B41
330
A02
100
AcDbEntity
  8
Body
100
AcDbLine
 10
19.208331191
 20
36.500000000
 30
0.000000000
 11
19.208331191
 21
36.500000000
 31
1.000000000
  0
ARC
  5
B42
330
A02
100
AcDbEntity
  8
Body
100
AcDbCircle
 10
-0.000000000
 20
34.000000000
 30
0.000000000
 40
19.370337817
100
AcDbArc
 50
-7.415468203
 51
7.415468203
  0
LINE
  5
B43
330
A02
100
AcDbEntity
  8
Body
100
AcDbLine
 10
19.208331191
 20
36.500000000
 30
0.000000000
 11
19.208331191
 21
36.500000000
 31
1.000000000
  0
ARC
  5
B44
330
A02
100
AcDbEntity
  8
Body
100
AcDbCircle
 10
-0.000000000
 20
34.000000000
 30
1.000000000
 40
19.370337817
100
AcDbArc
 50
-7.415468203
 51
7.415468203
  0
LINE
  5
B45
330
A02
100
AcDbEntity
  8
Body
100
AcDbLine
 10
19.208331191
 20
31.500000000
 30
0.000000000
 11
19.208331191
 21
31.500000000
 31
1.000000000
  0
LINE
  5
B46
330
A02
100
AcDbEntity
  8
Body
100
AcDbLine
 10
36.196526901
 20
35.303536303
 30
0.000000000
 11
36.196526901
 21
35.303536303
 31
1.000000000
  0
SPLINE
  5
B47
330
A02
100
AcDbEntity
  8
Body
100
AcDbSpline
210
0
220
0
230
1
 70
9
 71
3
 72
221
 73
217
 74
0
 40
0.000000000
 40
0.000000000
 40
0.000000000
 40
0.000000000
 40
0.019445412
 40
0.019445412
 40
0.019445412
 40
0.032074497
 40
0.032074497
 40
0.032074497
 40
0.055382704
 40
0.055382704
 40
0.055382704
 40
0.062097803
 40
0.062097803
 40
0.062097803
 40
0.072649750
 40
0.072649750
 40
0.072649750
 40
0.086537451
 40
0.086537451
 40
0.086537451
 40
0.103097364
 40
0.103097364
 40
0.103097364
 40
0.120260091
 40
0.120260091
 40
0.120260091
 40
0.145527400
 40
0.145527400
 40
0.145527400
 40
0.159883400
 40
0.159883400
 40
0.159883400
 40
0.174744828
 40
0.174744828
 40
0.174744828
 40
0.206760574
 40
0.206760574
 40
0.206760574
 40
0.217167027
 40
0.217167027
 40
0.217167027
 40
0.231772230
 40
0.231772230
 40
0.231772230
 40
0.237100824
 40
0.237100824
 40
0.237100824
 40
0.242956676
 40
0.242956676
 40
0.242956676
 40
0.248812528
 40
0.248812528
 40
0.248812528
 40
0.258786561
 40
0.258786561
 40
0.258786561
 40
0.280618792
 40
0.280618792
 40
0.280618792
 40
0.290218397
 40
0.290218397
 40
0.290218397
 40
0.306866432
 40
0.306866432
 40
0.306866432
 40
0.324926243
 40
0.324926243
 40
0.324926243
 40
0.343549610
 40
0.343549610
 40
0.343549610
 40
0.354243298
 40
0.354243298
 40
0.354243298
 40
0.364400649
 40
0.364400649
 40
0.364400649
 40
0.375944385
 40
0.375944385
 40
0.375944385
 40
0.394594693
 40
0.394594693
 40
0.394594693
 40
0.408805688
 40
0.408805688
 40
0.408805688
 40
0.418575817
 40
0.418575817
 40
0.418575817
 40
0.429233979
 40
0.429233979
 40
0.429233979
 40
0.439892140
 40
0.439892140
 40
0.439892140
 40
0.448849153
 40
0.448849153
 40
0.448849153
 40
0.458234967
 40
0.458234967
 40
0.458234967
 40
0.473103312
 40
0.473103312
 40
0.473103312
 40
0.485431090
 40
0.485431090
 40
0.485431090
 40
0.500858157
 40
0.500858157
 40
0.500858157
 40
0.510007887
 40
0.510007887
 40
0.510007887
 40
0.523078630
 40
0.523078630
 40
0.523078630
 40
0.532967851
 40
0.532967851
 40
0.532967851
 40
0.549020871
 40
0.549020871
 40
0.549020871
 40
0.568977605
 40
0.568977605
 40
0.568977605
 40
0.591424376
 40
0.591424376
 40
0.591424376
 40
0.609443581
 40
0.609443581
 40
0.609443581
 40
0.627517392
 40
0.627517392
 40
0.627517392
 40
0.638564145
 40
0.638564145
 40
0.638564145
 40
0.645093828
 40
0.645093828
 40
0.645093828
 40
0.653773565
 40
0.653773565
 40
0.653773565
 40
0.663321577
 40
0.663321577
 40
0.663321577
 40
0.674281731
 40
0.674281731
 40
0.674281731
 40
0.685566449
 40
0.685566449
 40
0.685566449
 40
0.697393826
 40
0.697393826
 40
0.697393826
 40
0.704226348
 40
0.704226348
 40
0.704226348
 40
0.712139235
 40
0.712139235
 40
0.712139235
 40
0.733998900
 40
0.733998900
 40
0.733998900
 40
0.747327058
 40
0.747327058
 40
0.747327058
 40
0.761971123
 40
0.761971123
 40
0.761971123
 40
0.776084835
 40
0.776084835
 40
0.776084835
 40
0.797404649
 40
0.797404649
 40
0.797404649
 40
0.812656704
 40
0.812656704
 40
0.812656704
 40
0.828815589
 40
0.828815589
 40
0.828815589
 40
0.844680712
 40
0.844680712
 40
0.844680712
 40
0.863959542
 40
0.863959542
 40
0.863959542
 40
0.877728892
 40
0.877728892
 40
0.877728892
 40
0.892875159
 40
0.892875159
 40
0.892875159
 40
0.910072188
 40
0.910072188
 40
0.910072188
 40
0.922591289
 40
0.922591289
 40
0.922591289
 40
0.931798354
 40
0.931798354
 40
0.931798354
 40
0.944413070
 40
0.944413070
 40
0.944413070
 40
0.957028767
 40
0.957028767
 40
0.957028767
 40
0.970049193
 40
0.970049193
 40
0.970049193
 40
0.982533675
 40
0.982533675
 40
0.982533675
 40
1.000000000
 40
1.000000000
 40
1.000000000
 40
1.000000000
 10
36.196526901
 20
35.303536303
 30
1.000000000
 10
36.085527325
 20
35.032276775
 30
1.000000000
 10
35.979366591
 20
34.763582148
 30
1.000000000
 10
35.918786043
 20
34.533535423
 30
1.000000000
 10
35.878408928
 20
34.383701896
 30
1.000000000
 10
35.867835275
 20
34.258726251
 30
1.000000000
 10
35.887065086
 20
34.158608485
 30
1.000000000
 10
35.920809385
 20
33.970011993
 30
1.000000000
 10
36.052962793
 20
33.836672079
 30
1.000000000
 10
36.239814689
 20
33.700690078
 30
1.000000000
 10
36.292594343
 20
33.661789953
 30
1.000000000
 10
36.353202962
 20
33.620691418
 30
1.000000000
 10
36.421640547
 20
33.577394472
 30
1.000000000
 10
36.527274856
 20
33.510034551
 30
1.000000000
 10
36.667966445
 20
33.431652452
 30
1.000000000
 10
36.843715313
 20
33.342248173
 30
1.000000000
 10
37.079503454
 20
33.222832675
 30
1.000000000
 10
37.342669126
 20
33.104043535
 30
1.000000000
 10
37.612690937
 20
32.985519811
 30
1.000000000
 10
37.934701213
 20
32.843612600
 30
1.000000000
 10
38.317137389
 20
32.676095364
 30
1.000000000
 10
38.715376826
 20
32.475867088
 30
1.000000000
 10
39.127947689
 20
32.268302279
 30
1.000000000
 10
39.533491057
 20
32.038330463
 30
1.000000000
 10
39.912893439
 20
31.769949058
 30
1.000000000
 10
40.471838577
 20
31.375146188
 30
1.000000000
 10
40.970624334
 20
30.897051241
 30
1.000000000
 10
41.405332579
 20
30.363853490
 30
1.000000000
 10
41.652192246
 20
30.060153973
 30
1.000000000
 10
41.880481072
 20
29.741751997
 30
1.000000000
 10
42.090199057
 20
29.408647562
 30
1.000000000
 10
42.309117265
 20
29.061773047
 30
1.000000000
 10
42.513375598
 20
28.698594882
 30
1.000000000
 10
42.702974056
 20
28.319113069
 30
1.000000000
 10
43.103801342
 20
27.508262964
 30
1.000000000
 10
43.445592704
 20
26.655999415
 30
1.000000000
 10
43.614731397
 20
25.783719906
 30
1.000000000
 10
43.667541838
 20
25.500274417
 30
1.000000000
 10
43.698225488
 20
25.239464812
 30
1.000000000
 10
43.706782345
 20
25.001291090
 30
1.000000000
 10
43.719463400
 20
24.668614040
 30
1.000000000
 10
43.696680498
 20
24.337320195
 30
1.000000000
 10
43.614127230
 20
24.040931918
 30
1.000000000
 10
43.584052562
 20
23.932757209
 30
1.000000000
 10
43.544911045
 20
23.831901546
 30
1.000000000
 10
43.496702680
 20
23.738364927
 30
1.000000000
 10
43.443433851
 20
23.637464564
 30
1.000000000
 10
43.382296408
 20
23.547189696
 30
1.000000000
 10
43.313290350
 20
23.467540323
 30
1.000000000
 10
43.244284292
 20
23.387890949
 30
1.000000000
 10
43.168427510
 20
23.309727389
 30
1.000000000
 10
43.085720002
 20
23.233049641
 30
1.000000000
 10
42.944703012
 20
23.100787855
 30
1.000000000
 10
42.796071416
 20
22.962970485
 30
1.000000000
 10
42.653820062
 20
22.807665484
 30
1.000000000
 10
42.341182294
 20
22.470572350
 30
1.000000000
 10
41.991256152
 20
22.024970315
 30
1.000000000
 10
41.696145255
 20
21.591314399
 30
1.000000000
 10
41.566846752
 20
21.400020694
 30
1.000000000
 10
41.443788914
 20
21.207668298
 30
1.000000000
 10
41.326971740
 20
21.014257212
 30
1.000000000
 10
41.123433822
 20
20.679998535
 30
1.000000000
 10
40.948391454
 20
20.373307697
 30
1.000000000
 10
40.781096550
 20
20.126502990
 30
1.000000000
 10
40.599657681
 20
19.857389594
 30
1.000000000
 10
40.405661206
 20
19.630205894
 30
1.000000000
 10
40.183759688
 20
19.424045368
 30
1.000000000
 10
39.957545091
 20
19.209812605
 30
1.000000000
 10
39.680243476
 20
19.008878664
 30
1.000000000
 10
39.473328339
 20
18.794951649
 30
1.000000000
 10
39.356674624
 20
18.671859526
 30
1.000000000
 10
39.284358631
 20
18.561830924
 30
1.000000000
 10
39.303595054
 20
18.458422823
 30
1.000000000
 10
39.320791742
 20
18.361271276
 30
1.000000000
 10
39.421979615
 20
18.286406284
 30
1.000000000
 10
39.552551888
 20
18.234229370
 30
1.000000000
 10
39.702188003
 20
18.173714070
 30
1.000000000
 10
39.913335418
 20
18.128933172
 30
1.000000000
 10
40.185994130
 20
18.099886676
 30
1.000000000
 10
40.620473734
 20
18.055739895
 30
1.000000000
 10
41.178205626
 20
18.070589155
 30
1.000000000
 10
41.686317007
 20
18.230170343
 30
1.000000000
 10
42.073517577
 20
18.351694673
 30
1.000000000
 10
42.429465030
 20
18.559822372
 30
1.000000000
 10
42.770519041
 20
18.793747141
 30
1.000000000
 10
43.004110311
 20
18.957864769
 30
1.000000000
 10
43.233319727
 20
19.124291366
 30
1.000000000
 10
43.458147288
 20
19.293026931
 30
1.000000000
 10
43.704371201
 20
19.473509769
 30
1.000000000
 10
43.948130020
 20
19.645035980
 30
1.000000000
 10
44.177495747
 20
19.784505953
 30
1.000000000
 10
44.406861474
 20
19.923975927
 30
1.000000000
 10
44.621834109
 20
20.031389662
 30
1.000000000
 10
44.810485656
 20
20.083647549
 30
1.000000000
 10
44.971107264
 20
20.129804344
 30
1.000000000
 10
45.123676047
 20
20.131194696
 30
1.000000000
 10
45.268192005
 20
20.087818604
 30
1.000000000
 10
45.417949777
 20
20.042740512
 30
1.000000000
 10
45.556450347
 20
19.952438059
 30
1.000000000
 10
45.706633467
 20
19.835530447
 30
1.000000000
 10
45.939746577
 20
19.650200128
 30
1.000000000
 10
46.230589284
 20
19.399636980
 30
1.000000000
 10
46.546353826
 20
19.151299008
 30
1.000000000
 10
46.807874078
 20
18.945011298
 30
1.000000000
 10
47.075361251
 20
18.742873141
 30
1.000000000
 10
47.348287793
 20
18.567624396
 30
1.000000000
 10
47.690236205
 20
18.349463029
 30
1.000000000
 10
48.008109944
 20
18.206653224
 30
1.000000000
 10
48.273392369
 20
18.258231678
 30
1.000000000
 10
48.431601950
 20
18.287759312
 30
1.000000000
 10
48.566486972
 20
18.395627072
 30
1.000000000
 10
48.674887222
 20
18.529597283
 30
1.000000000
 10
48.830082584
 20
18.722592957
 30
1.000000000
 10
48.941252285
 20
18.964686793
 30
1.000000000
 10
49.030892145
 20
19.210326181
 30
1.000000000
 10
49.097475451
 20
19.397780417
 30
1.000000000
 10
49.153163124
 20
19.587730279
 30
1.000000000
 10
49.197955162
 20
19.780175769
 30
1.000000000
 10
49.272284467
 20
20.091635005
 30
1.000000000
 10
49.324602709
 20
20.400073383
 30
1.000000000
 10
49.381862984
 20
20.685707419
 30
1.000000000
 10
49.454072548
 20
21.038669807
 30
1.000000000
 10
49.532345143
 20
21.386172915
 30
1.000000000
 10
49.712005031
 20
21.657288484
 30
1.000000000
 10
49.914912030
 20
21.960108067
 30
1.000000000
 10
50.245805061
 20
22.129415656
 30
1.000000000
 10
50.589042315
 20
22.157880256
 30
1.000000000
 10
50.863204847
 20
22.178969913
 30
1.000000000
 10
51.160870196
 20
22.130603518
 30
1.000000000
 10
51.496210922
 20
22.125606917
 30
1.000000000
 10
51.826163605
 20
22.115875432
 30
1.000000000
 10
52.281004156
 20
22.145814158
 30
1.000000000
 10
52.727507034
 20
22.199848396
 30
1.000000000
 10
52.999843755
 20
22.232648972
 30
1.000000000
 10
53.267627847
 20
22.273886222
 30
1.000000000
 10
53.498029947
 20
22.319073431
 30
1.000000000
 10
53.634608579
 20
22.345535069
 30
1.000000000
 10
53.765878537
 20
22.375881284
 30
1.000000000
 10
53.891839823
 20
22.410112075
 30
1.000000000
 10
54.057156134
 20
22.455694600
 30
1.000000000
 10
54.200170374
 20
22.506009183
 30
1.000000000
 10
54.320882543
 20
22.561055825
 30
1.000000000
 10
54.453295560
 20
22.621547739
 30
1.000000000
 10
54.571071042
 20
22.689786302
 30
1.000000000
 10
54.674208989
 20
22.765771513
 30
1.000000000
 10
54.796986629
 20
22.854647544
 30
1.000000000
 10
54.902994027
 20
22.951422479
 30
1.000000000
 10
54.992231181
 20
23.056096317
 30
1.000000000
 10
55.081532610
 20
23.162485074
 30
1.000000000
 10
55.138643533
 20
23.265649281
 30
1.000000000
 10
55.145589035
 20
23.348631993
 30
1.000000000
 10
55.155718187
 20
23.436037035
 30
1.000000000
 10
55.091949851
 20
23.510963926
 30
1.000000000
 10
54.974157409
 20
23.583795508
 30
1.000000000
 10
54.908382289
 20
23.625018614
 30
1.000000000
 10
54.818397065
 20
23.672105819
 30
1.000000000
 10
54.704201739
 20
23.725057125
 30
1.000000000
 10
54.569434134
 20
23.787114949
 30
1.000000000
 10
54.427014069
 20
23.849519989
 30
1.000000000
 10
54.276941544
 20
23.912272245
 30
1.000000000
 10
53.866034548
 20
24.085082120
 30
1.000000000
 10
53.313693977
 20
24.301590486
 30
1.000000000
 10
52.776644532
 20
24.481651512
 30
1.000000000
 10
52.448525443
 20
24.593613616
 30
1.000000000
 10
52.119911828
 20
24.688526396
 30
1.000000000
 10
51.790803688
 20
24.766389852
 30
1.000000000
 10
51.429808313
 20
24.849312018
 30
1.000000000
 10
51.069682569
 20
24.908451916
 30
1.000000000
 10
50.710426457
 20
24.943809545
 30
1.000000000
 10
50.366048116
 20
24.979859367
 30
1.000000000
 10
50.014396524
 20
24.997270158
 30
1.000000000
 10
49.661868517
 20
25.021685132
 30
1.000000000
 10
49.130441352
 20
25.059353958
 30
1.000000000
 10
48.609317465
 20
25.118531798
 30
1.000000000
 10
48.230456145
 20
25.310545526
 30
1.000000000
 10
47.957333378
 20
25.446630213
 30
1.000000000
 10
47.740426447
 20
25.662939009
 30
1.000000000
 10
47.555135576
 20
25.911472002
 30
1.000000000
 10
47.358334954
 20
26.174617508
 30
1.000000000
 10
47.168326432
 20
26.498056021
 30
1.000000000
 10
46.937338456
 20
26.882916676
 30
1.000000000
 10
46.712201398
 20
27.262827355
 30
1.000000000
 10
46.484849047
 20
27.650081052
 30
1.000000000
 10
46.255281402
 20
28.044677766
 30
1.000000000
 10
45.976578265
 20
28.520647892
 30
1.000000000
 10
45.654754394
 20
29.076730195
 30
1.000000000
 10
45.281924565
 20
29.699362865
 30
1.000000000
 10
45.016199120
 20
30.141452378
 30
1.000000000
 10
44.726333924
 20
30.608185325
 30
1.000000000
 10
44.414027828
 20
31.071473296
 30
1.000000000
 10
44.070491333
 20
31.581090449
 30
1.000000000
 10
43.699800440
 20
32.086537681
 30
1.000000000
 10
43.304218730
 20
32.550433108
 30
1.000000000
 10
42.852604042
 20
33.077096980
 30
1.000000000
 10
42.365399729
 20
33.565716933
 30
1.000000000
 10
41.842605792
 20
34.016292967
 30
1.000000000
 10
41.460394193
 20
34.344820920
 30
1.000000000
 10
41.093134389
 20
34.633041729
 30
1.000000000
 10
40.740826379
 20
34.880955393
 30
1.000000000
 10
40.483896812
 20
35.063364454
 30
1.000000000
 10
40.222902333
 20
35.234232674
 30
1.000000000
 10
39.957842940
 20
35.393560055
 30
1.000000000
 10
39.595597588
 20
35.607735031
 30
1.000000000
 10
39.274190051
 20
35.778212184
 30
1.000000000
 10
38.993620328
 20
35.904991512
 30
1.000000000
 10
38.712392610
 20
36.035000752
 30
1.000000000
 10
38.470450449
 20
36.132202381
 30
1.000000000
 10
38.263545724
 20
36.215099140
 30
1.000000000
 10
38.049777817
 20
36.299286008
 30
1.000000000
 10
37.845714820
 20
36.376305572
 30
1.000000000
 10
37.652871488
 20
36.409504712
 30
1.000000000
 10
37.467123400
 20
36.439737815
 30
1.000000000
 10
37.312181417
 20
36.428360189
 30
1.000000000
 10
37.151684015
 20
36.345679436
 30
1.000000000
 10
36.924719588
 20
36.226976594
 30
1.000000000
 10
36.669712220
 20
35.946108987
 30
1.000000000
 10
36.196526901
 20
35.303536303
 30
1.000000000
  0
LINE
  5
B48
330
A02
100
AcDbEntity
  8
Body
100
AcDbLine
 10
36.196526901
 20
35.303536303
 30
0.000000000
 11
36.196526901
 21
35.303536303
 31
1.000000000
  0
SPLINE
  5
B49
330
A02
100
AcDbEntity
  8
Body
100
AcDbSpline
210
0
220
0
230
1
 70
9
 71
3
 72
119
 73
115
 74
0
 40
0.000000000
 40
0.000000000
 40
0.000000000
 40
0.000000000
 40
1.000000000
 40
1.000000000
 40
1.000000000
 40
2.000000000
 40
2.000000000
 40
2.000000000
 40
3.000000000
 40
3.000000000
 40
3.000000000
 40
4.000000000
 40
4.000000000
 40
4.000000000
 40
5.000000000
 40
5.000000000
 40
5.000000000
 40
6.000000000
 40
6.000000000
 40
6.000000000
 40
7.000000000
 40
7.000000000
 40
7.000000000
 40
8.000000000
 40
8.000000000
 40
8.000000000
 40
9.000000000
 40
9.000000000
 40
9.000000000
 40
10.000000000
 40
10.000000000
 40
10.000000000
 40
11.000000000
 40
11.000000000
 40
11.000000000
 40
12.000000000
 40
12.000000000
 40
12.000000000
 40
13.000000000
 40
13.000000000
 40
13.000000000
 40
14.000000000
 40
14.000000000
 40
14.000000000
 40
15.000000000
 40
15.000000000
 40
15.000000000
 40
16.000000000
 40
16.000000000
 40
16.000000000
 40
17.000000000
 40
17.000000000
 40
17.000000000
 40
18.000000000
 40
18.000000000
 40
18.000000000
 40
19.000000000
 40
19.000000000
 40
19.000000000
 40
20.000000000
 40
20.000000000
 40
20.000000000
 40
21.000000000
 40
21.000000000
 40
21.000000000
 40
22.000000000
 40
22.000000000
 40
22.000000000
 40
23.000000000
 40
23.000000000
 40
23.000000000
 40
24.000000000
 40
24.000000000
 40
24.000000000
 40
25.000000000
 40
25.000000000
 40
25.000000000
 40
26.000000000
 40
26.000000000
 40
26.000000000
 40
27.000000000
 40
27.000000000
 40
27.000000000
 40
28.000000000
 40
28.000000000
 40
28.000000000
 40
29.000000000
 40
29.000000000
 40
29.000000000
 40
30.000000000
 40
30.000000000
 40
30.000000000
 40
31.000000000
 40
31.000000000
 40
31.000000000
 40
32.000000000
 40
32.000000000
 40
32.000000000
 40
33.000000000
 40
33.000000000
 40
33.000000000
 40
34.000000000
 40
34.000000000
 40
34.000000000
 40
35.000000000
 40
35.000000000
 40
35.000000000
 40
36.000000000
 40
36.000000000
 40
36.000000000
 40
37.000000000
 40
37.000000000
 40
37.000000000
 40
38.000000000
 40
38.000000000
 40
38.000000000
 40
38.000000000
 10
36.196526901
 20
35.303536303
 30
0.000000000
 10
36.789490960
 20
36.108765230
 30
0.000000000
 10
37.039841042
 20
36.345993521
 30
0.000000000
 10
37.321733753
 20
36.407885980
 30
0.000000000
 10
37.603626464
 20
36.469778438
 30
0.000000000
 10
37.917061804
 20
36.356335064
 30
0.000000000
 10
38.404773741
 20
36.158323479
 30
0.000000000
 10
38.892485678
 20
35.960311894
 30
0.000000000
 10
39.554474212
 20
35.677732099
 30
0.000000000
 10
40.428615165
 20
35.095546174
 30
0.000000000
 10
41.302756118
 20
34.513360249
 30
0.000000000
 10
42.389049489
 20
33.631568195
 30
0.000000000
 10
43.332566725
 20
32.517067981
 30
0.000000000
 10
44.276083961
 20
31.402567767
 30
0.000000000
 10
45.076825062
 20
30.055359394
 30
0.000000000
 10
45.703829814
 20
28.987332527
 30
0.000000000
 10
46.330834565
 20
27.919305660
 30
0.000000000
 10
46.784102968
 20
27.130460301
 30
0.000000000
 10
47.152100379
 20
26.525779125
 30
0.000000000
 10
47.520097791
 20
25.921097948
 30
0.000000000
 10
47.802824211
 20
25.500580955
 30
0.000000000
 10
48.297390445
 20
25.278661326
 30
0.000000000
 10
48.791956680
 20
25.056741696
 30
0.000000000
 10
49.498362729
 20
25.033419430
 30
0.000000000
 10
50.156409188
 20
24.989420349
 30
0.000000000
 10
50.814455648
 20
24.945421267
 30
0.000000000
 10
51.424142518
 20
24.880745368
 30
0.000000000
 10
52.206507578
 20
24.659165610
 30
0.000000000
 10
52.988872639
 20
24.437585852
 30
0.000000000
 10
53.943915890
 20
24.059102233
 30
0.000000000
 10
54.490284369
 20
23.821006859
 30
0.000000000
 10
55.036652849
 20
23.582911484
 30
0.000000000
 10
55.174346557
 20
23.485204353
 30
0.000000000
 10
55.141758046
 20
23.321754768
 30
0.000000000
 10
55.109169536
 20
23.158305183
 30
0.000000000
 10
54.906298806
 20
22.929113145
 30
0.000000000
 10
54.651412891
 20
22.749473245
 30
0.000000000
 10
54.396526976
 20
22.569833344
 30
0.000000000
 10
54.089625876
 20
22.439745582
 30
0.000000000
 10
53.553492827
 20
22.330175961
 30
0.000000000
 10
53.017359777
 20
22.220606340
 30
0.000000000
 10
52.251994779
 20
22.131554859
 30
0.000000000
 10
51.706901872
 20
22.124454207
 30
0.000000000
 10
51.161808966
 20
22.117353555
 30
0.000000000
 10
50.836988150
 20
22.192203733
 30
0.000000000
 10
50.527505369
 20
22.151222862
 30
0.000000000
 10
50.218022587
 20
22.110241991
 30
0.000000000
 10
49.923877839
 20
21.953430070
 30
0.000000000
 10
49.732301039
 20
21.686537827
 30
0.000000000
 10
49.540724238
 20
21.419645583
 30
0.000000000
 10
49.451715385
 20
21.042673016
 30
0.000000000
 10
49.368876515
 20
20.620176300
 30
0.000000000
 10
49.286037645
 20
20.197679585
 30
0.000000000
 10
49.209368760
 20
19.729658720
 30
0.000000000
 10
49.054681479
 20
19.277925638
 30
0.000000000
 10
48.899994198
 20
18.826192557
 30
0.000000000
 10
48.667288522
 20
18.390747258
 30
0.000000000
 10
48.347731658
 20
18.278360683
 30
0.000000000
 10
48.028174794
 20
18.165974108
 30
0.000000000
 10
47.621766741
 20
18.376646257
 30
0.000000000
 10
47.184623884
 20
18.676131124
 30
0.000000000
 10
46.747481028
 20
18.975615991
 30
0.000000000
 10
46.279603368
 20
19.363913577
 30
0.000000000
 10
45.917263333
 20
19.664321056
 30
0.000000000
 10
45.554923297
 20
19.964728535
 30
0.000000000
 10
45.298120887
 20
20.177245906
 30
0.000000000
 10
44.904923602
 20
20.105507071
 30
0.000000000
 10
44.511726317
 20
20.033768236
 30
0.000000000
 10
43.982134158
 20
19.677773195
 30
0.000000000
 10
43.441944916
 20
19.281140382
 30
0.000000000
 10
42.901755674
 20
18.884507569
 30
0.000000000
 10
42.350969349
 20
18.447236985
 30
0.000000000
 10
41.716818860
 20
18.239944453
 30
0.000000000
 10
41.082668372
 20
18.032651920
 30
0.000000000
 10
40.365153721
 20
18.055337439
 30
0.000000000
 10
39.904462124
 20
18.139285903
 30
0.000000000
 10
39.443770527
 20
18.223234368
 30
0.000000000
 10
39.239901984
 20
18.368445777
 30
0.000000000
 10
39.316095954
 20
18.572871473
 30
0.000000000
 10
39.392289924
 20
18.777297169
 30
0.000000000
 10
39.748546407
 20
19.040937153
 30
0.000000000
 10
40.040205302
 20
19.294775866
 30
0.000000000
 10
40.331864198
 20
19.548614579
 30
0.000000000
 10
40.558925505
 20
19.792652022
 30
0.000000000
 10
40.804629600
 20
20.161536811
 30
0.000000000
 10
41.050333695
 20
20.530421599
 30
0.000000000
 10
41.314680578
 20
21.024153733
 30
0.000000000
 10
41.662503028
 20
21.541575855
 30
0.000000000
 10
42.010325478
 20
22.058997977
 30
0.000000000
 10
42.441623496
 20
22.600110087
 30
0.000000000
 10
42.798760196
 20
22.958751392
 30
0.000000000
 10
43.155896895
 20
23.317392697
 30
0.000000000
 10
43.438872276
 20
23.493563197
 30
0.000000000
 10
43.593603984
 20
23.972871273
 30
0.000000000
 10
43.748335691
 20
24.452179350
 30
0.000000000
 10
43.774823726
 20
25.234625003
 30
0.000000000
 10
43.512400000
 20
26.236100000
 30
0.000000000
 10
43.249976274
 20
27.237574997
 30
0.000000000
 10
42.698640788
 20
28.458079338
 30
0.000000000
 10
42.059592948
 20
29.456752431
 30
0.000000000
 10
41.420545108
 20
30.455425524
 30
0.000000000
 10
40.693784915
 20
31.232267369
 30
0.000000000
 10
39.841604439
 20
31.819743123
 30
0.000000000
 10
38.989423964
 20
32.407218877
 30
0.000000000
 10
38.011823208
 20
32.805328542
 30
0.000000000
 10
37.379411708
 20
33.088962470
 30
0.000000000
 10
36.747000208
 20
33.372596399
 30
0.000000000
 10
36.459777964
 20
33.541754591
 30
0.000000000
 10
36.254456269
 20
33.690047913
 30
0.000000000
 10
36.049134575
 20
33.838341235
 30
0.000000000
 10
35.925713428
 20
33.965769688
 30
0.000000000
 10
35.888371915
 20
34.151882357
 30
0.000000000
 10
35.851030401
 20
34.337995025
 30
0.000000000
 10
35.899768521
 20
34.582791911
 30
0.000000000
 10
36.196526901
 20
35.303536303
 30
0.000000000
  0
LINE
  5
B4A
330
A02
100
AcDbEntity
  8
Body
100
AcDbLine
 10
17.884902776
 20
41.439102086
 30
0.000000000
 11
40.124846415
 21
54.279339533
 31
0.000000000
  0
LINE
  5
B4B
330
A02
100
AcDbEntity
  8
Body
100
AcDbLine
 10
40.124846415
 20
54.279339533
 30
0.000000000
 11
40.124846415
 21
54.279339533
 31
1.000000000
  0
LINE
  5
B4C
330
A02
100
AcDbEntity
  8
Body
100
AcDbLine
 10
17.884902776
 20
41.439102086
 30
1.000000000
 11
40.124846415
 21
54.279339533
 31
1.000000000
  0
LINE
  5
B4D
330
A02
100
AcDbEntity
  8
Body
100
AcDbLine
 10
17.884902776
 20
41.439102086
 30
0.000000000
 11
17.884902776
 21
41.439102086
 31
1.000000000
  0
ARC
  5
B4E
330
A02
100
AcDbEntity
  8
Body
100
AcDbCircle
 10
0.000000000
 20
0.000000000
 30
0.000000000
 40
67.500000000
100
AcDbArc
 50
53.527124190
 51
58.245939653
  0
LINE
  5
B4F
330
A02
100
AcDbEntity
  8
Body
100
AcDbLine
 10
35.523507403
 20
57.396257908
 30
0.000000000
 11
35.523507403
 21
57.396257908
 31
1.000000000
  0
ARC
  5
B50
330
A02
100
AcDbEntity
  8
Body
100
AcDbCircle
 10
0.000000000
 20
0.000000000
 30
1.000000000
 40
67.500000000
100
AcDbArc
 50
53.527124190
 51
58.245939653
  0
LINE
  5
B51
330
A02
100
AcDbEntity
  8
Body
100
AcDbLine
 10
40.124846415
 20
54.279339533
 30
0.000000000
 11
40.124846415
 21
54.279339533
 31
1.000000000
  0
LINE
  5
B52
330
A02
100
AcDbEntity
  8
Body
100
AcDbLine
 10
15.384902776
 20
45.769229105
 30
0.000000000
 11
35.523507403
 21
57.396257908
 31
0.000000000
  0
LINE
  5
B53
330
A02
100
AcDbEntity
  8
Body
100
AcDbLine
 10
35.523507403
 20
57.396257908
 30
0.000000000
 11
35.523507403
 21
57.396257908
 31
1.000000000
  0
LINE
  5
B54
330
A02
100
AcDbEntity
  8
Body
100
AcDbLine
 10
15.384902776
 20
45.769229105
 30
1.000000000
 11
35.523507403
 21
57.396257908
 31
1.000000000
  0
LINE
  5
B55
330
A02
100
AcDbEntity
  8
Body
100
AcDbLine
 10
15.384902776
 20
45.769229105
 30
0.000000000
 11
15.384902776
 21
45.769229105
 31
1.000000000
  0
ARC
  5
B56
330
A02
100
AcDbEntity
  8
Body
100
AcDbCircle
 10
-0.000000000
 20
34.000000000
 30
0.000000000
 40
19.370337817
100
AcDbArc
 50
22.584531797
 51
37.415468203
  0
LINE
  5
B57
330
A02
100
AcDbEntity
  8
Body
100
AcDbLine
 10
15.384902776
 20
45.769229105
 30
0.000000000
 11
15.384902776
 21
45.769229105
 31
1.000000000
  0
ARC
  5
B58
330
A02
100
AcDbEntity
  8
Body
100
AcDbCircle
 10
-0.000000000
 20
34.000000000
 30
1.000000000
 40
19.370337817
100
AcDbArc
 50
22.584531797
 51
37.415468203
  0
LINE
  5
B59
330
A02
100
AcDbEntity
  8
Body
100
AcDbLine
 10
17.884902776
 20
41.439102086
 30
0.000000000
 11
17.884902776
 21
41.439102086
 31
1.000000000
  0
LINE
  5
B5A
330
A02
100
AcDbEntity
  8
Body
100
AcDbLine
 10
47.473320180
 20
31.500000000
 30
0.000000000
 11
68.064307827
 21
31.500000000
 31
0.000000000
  0
LINE
  5
B5B
330
A02
100
AcDbEntity
  8
Body
100
AcDbLine
 10
68.064307827
 20
31.500000000
 30
0.000000000
 11
68.064307827
 21
31.500000000
 31
1.000000000
  0
LINE
  5
B5C
330
A02
100
AcDbEntity
  8
Body
100
AcDbLine
 10
47.473320180
 20
31.500000000
 30
1.000000000
 11
68.064307827
 21
31.500000000
 31
1.000000000
  0
LINE
  5
B5D
330
A02
100
AcDbEntity
  8
Body
100
AcDbLine
 10
47.473320180
 20
31.500000000
 30
0.000000000
 11
47.473320180
 21
31.500000000
 31
1.000000000
  0
ARC
  5
B5E
330
A02
100
AcDbEntity
  8
Body
100
AcDbCircle
 10
0.000000000
 20
0.000000000
 30
0.000000000
 40
75.000000000
100
AcDbArc
 50
24.834587490
 51
88.854008002
  0
LINE
  5
B5F
330
A02
100
AcDbEntity
  8
Body
100
AcDbLine
 10
1.500000000
 20
74.984998500
 30
0.000000000
 11
1.500000000
 21
74.984998500
 31
1.000000000
  0
ARC
  5
B60
330
A02
100
AcDbEntity
  8
Body
100
AcDbCircle
 10
0.000000000
 20
0.000000000
 30
1.000000000
 40
75.000000000
100
AcDbArc
 50
24.834587490
 51
88.854008002
  0
LINE
  5
B61
330
A02
100
AcDbEntity
  8
Body
100
AcDbLine
 10
68.064307827
 20
31.500000000
 30
0.000000000
 11
68.064307827
 21
31.500000000
 31
1.000000000
  0
LINE
  5
B62
330
A02
100
AcDbEntity
  8
Body
100
AcDbLine
 10
1.500000000
 20
74.984998500
 30
0.000000000
 11
1.500000000
 21
69.983926726
 31
0.000000000
  0
LINE
  5
B63
330
A02
100
AcDbEntity
  8
Body
100
AcDbLine
 10
1.500000000
 20
69.983926726
 30
0.000000000
 11
1.500000000
 21
69.983926726
 31
1.000000000
  0
LINE
  5
B64
330
A02
100
AcDbEntity
  8
Body
100
AcDbLine
 10
1.500000000
 20
74.984998500
 30
1.000000000
 11
1.500000000
 21
69.983926726
 31
1.000000000
  0
LINE
  5
B65
330
A02
100
AcDbEntity
  8
Body
100
AcDbLine
 10
1.500000000
 20
74.984998500
 30
0.000000000
 11
1.500000000
 21
74.984998500
 31
1.000000000
  0
ARC
  5
B66
330
A02
100
AcDbEntity
  8
Body
100
AcDbCircle
 10
0.000000000
 20
0.000000000
 30
0.000000000
 40
70.000000000
100
AcDbArc
 50
76.174961595
 51
88.772139315
  0
LINE
  5
B67
330
A02
100
AcDbEntity
  8
Body
100
AcDbLine
 10
1.500000000
 20
69.983926726
 30
0.000000000
 11
1.500000000
 21
69.983926726
 31
1.000000000
  0
ARC
  5
B68
330
A02
100
AcDbEntity
  8
Body
100
AcDbCircle
 10
0.000000000
 20
0.000000000
 30
1.000000000
 40
70.000000000
100
AcDbArc
 50
76.174961595
 51
88.772139315
  0
LINE
  5
B69
330
A02
100
AcDbEntity
  8
Body
100
AcDbLine
 10
16.727047610
 20
67.972096321
 30
0.000000000
 11
16.727047610
 21
67.972096321
 31
1.000000000
  0
LINE
  5
B6A
330
A02
100
AcDbEntity
  8
Body
100
AcDbLine
 10
16.727047610
 20
67.972096321
 30
0.000000000
 11
7.439102086
 21
51.884902776
 31
0.000000000
  0
LINE
  5
B6B
330
A02
100
AcDbEntity
  8
Body
100
AcDbLine
 10
7.439102086
 20
51.884902776
 30
0.000000000
 11
7.439102086
 21
51.884902776
 31
1.000000000
  0
LINE
  5
B6C
330
A02
100
AcDbEntity
  8
Body
100
AcDbLine
 10
16.727047610
 20
67.972096321
 30
1.000000000
 11
7.439102086
 21
51.884902776
 31
1.000000000
  0
LINE
  5
B6D
330
A02
100
AcDbEntity
  8
Body
100
AcDbLine
 10
16.727047610
 20
67.972096321
 30
0.000000000
 11
16.727047610
 21
67.972096321
 31
1.000000000
  0
ARC
  5
B6E
330
A02
100
AcDbEntity
  8
Body
100
AcDbCircle
 10
-0.000000000
 20
34.000000000
 30
0.000000000
 40
19.370337817
100
AcDbArc
 50
52.584531797
 51
67.415468203
  0
LINE
  5
B6F
330
A02
100
AcDbEntity
  8
Body
100
AcDbLine
 10
7.439102086
 20
51.884902776
 30
0.000000000
 11
7.439102086
 21
51.884902776
 31
1.000000000
  0
ARC
  5
B70
330
A02
100
AcDbEntity
  8
Body
100
AcDbCircle
 10
-0.000000000
 20
34.000000000
 30
1.000000000
 40
19.370337817
100
AcDbArc
 50
52.584531797
 51
67.415468203
  0
LINE
  5
B71
330
A02
100
AcDbEntity
  8
Body
100
AcDbLine
 10
11.769229105
 20
49.384902776
 30
0.000000000
 11
11.769229105
 21
49.384902776
 31
1.000000000
  0
LINE
  5
B72
330
A02
100
AcDbEntity
  8
Body
100
AcDbLine
 10
11.769229105
 20
49.384902776
 30
0.000000000
 11
21.683506342
 21
66.556934670
 31
0.000000000
  0
LINE
  5
B73
330
A02
100
AcDbEntity
  8
Body
100
AcDbLine
 10
21.683506342
 20
66.556934670
 30
0.000000000
 11
21.683506342
 21
66.556934670
 31
1.000000000
  0
LINE
  5
B74
330
A02
100
AcDbEntity
  8
Body
100
AcDbLine
 10
11.769229105
 20
49.384902776
 30
1.000000000
 11
21.683506342
 21
66.556934670
 31
1.000000000
  0
LINE
  5
B75
330
A02
100
AcDbEntity
  8
Body
100
AcDbLine
 10
11.769229105
 20
49.384902776
 30
0.000000000
 11
11.769229105
 21
49.384902776
 31
1.000000000
  0
ARC
  5
B76
330
A02
100
AcDbEntity
  8
Body
100
AcDbCircle
 10
0.000000000
 20
0.000000000
 30
0.000000000
 40
70.000000000
100
AcDbArc
 50
31.428126115
 51
71.954968708
  0
LINE
  5
B77
330
A02
100
AcDbEntity
  8
Body
100
AcDbLine
 10
21.683506342
 20
66.556934670
 30
0.000000000
 11
21.683506342
 21
66.556934670
 31
1.000000000
  0
ARC
  5
B78
330
A02
100
AcDbEntity
  8
Body
100
AcDbCircle
 10
0.000000000
 20
0.000000000
 30
1.000000000
 40
70.000000000
100
AcDbArc
 50
31.428126115
 51
71.954968708
  0
LINE
  5
B79
330
A02
100
AcDbEntity
  8
Body
100
AcDbLine
 10
59.730645401
 20
36.500000000
 30
0.000000000
 11
59.730645401
 21
36.500000000
 31
1.000000000
  0
LINE
  5
B7A
330
A02
100
AcDbEntity
  8
Body
100
AcDbLine
 10
43.148857000
 20
36.500000000
 30
0.000000000
 11
59.730645401
 21
36.500000000
 31
0.000000000
  0
LINE
  5
B7B
330
A02
100
AcDbEntity
  8
Body
100
AcDbLine
 10
59.730645401
 20
36.500000000
 30
0.000000000
 11
59.730645401
 21
36.500000000
 31
1.000000000
  0
LINE
  5
B7C
330
A02
100
AcDbEntity
  8
Body
100
AcDbLine
 10
43.148857000
 20
36.500000000
 30
1.000000000
 11
59.730645401
 21
36.500000000
 31
1.000000000
  0
LINE
  5
B7D
330
A02
100
AcDbEntity
  8
Body
100
AcDbLine
 10
43.148857000
 20
36.500000000
 30
0.000000000
 11
43.148857000
 21
36.500000000
 31
1.000000000
  0
ARC
  5
B7E
330
A02
100
AcDbEntity
  8
Body
100
AcDbCircle
 10
35.441816626
 20
25.464139354
 30
0.000000000
 40
13.460634886
100
AcDbArc
 50
26.641609047
 51
55.070964020
  0
LINE
  5
B7F
330
A02
100
AcDbEntity
  8
Body
100
AcDbLine
 10
43.148857000
 20
36.500000000
 30
0.000000000
 11
43.148857000
 21
36.500000000
 31
1.000000000
  0
ARC
  5
B80
330
A02
100
AcDbEntity
  8
Body
100
AcDbCircle
 10
35.441816626
 20
25.464139354
 30
1.000000000
 40
13.460634886
100
AcDbArc
 50
26.641609047
 51
55.070964020
  0
LINE
  5
B81
330
A02
100
AcDbEntity
  8
Body
100
AcDbLine
 10
47.473320180
 20
31.500000000
 30
0.000000000
 11
47.473320180
 21
31.500000000
 31
1.000000000
  0
ENDSEC
  0
SECTION
  2
OBJECTS
  0
DICTIONARY
  5
F000
330
0
100
AcDbDictionary
  3
ACAD_GROUP
350
F001
  0
DICTIONARY
  5
F001
330
F000
100
AcDbDictionary
  0
ENDSEC
  0
EOF